<?xml version="1.0" encoding="utf-8"?>
<Splits version="1.0" xmlns="urn:WebWorks-Engine-Splits-Schema">
  <Split groupID="5113D514563F1DB" documentID="664982D1F764D57B" id="1052621" position="1" documentstartposition="1" documentendposition="14" title="Welcome to caArray 2.0" path="C:\Documents and Settings\hadfielj\My Documents\ePublisher Pro Projects\caArray Online Help\Output\WebWorks Help 5.0\caArray Online Help\Welcome to caArray.1.1.html" stylename="" />
  <Split groupID="5113D514563F1DB" documentID="B1EA97CFCB2C36E6" id="1052621" position="1" documentstartposition="3" documentendposition="7" title="About caArray" path="C:\Documents and Settings\hadfielj\My Documents\ePublisher Pro Projects\caArray Online Help\Output\WebWorks Help 5.0\caArray Online Help\About caArray.2.1.html" stylename="" />
  <Split groupID="5113D514563F1DB" documentID="B1EA97CFCB2C36E6" id="1064573" position="2" documentstartposition="8" documentendposition="17" title="caArray Overview" path="C:\Documents and Settings\hadfielj\My Documents\ePublisher Pro Projects\caArray Online Help\Output\WebWorks Help 5.0\caArray Online Help\About caArray.2.2.html" stylename="" />
  <Split groupID="5113D514563F1DB" documentID="B1EA97CFCB2C36E6" id="1086789" position="3" documentstartposition="18" documentendposition="24" title="Relationship of caArray to caBIG" path="C:\Documents and Settings\hadfielj\My Documents\ePublisher Pro Projects\caArray Online Help\Output\WebWorks Help 5.0\caArray Online Help\About caArray.2.3.html" stylename="" />
  <Split groupID="5113D514563F1DB" documentID="87DC185FF854A24" id="1052621" position="1" documentstartposition="3" documentendposition="9" title="Getting Started in caArray" path="C:\Documents and Settings\hadfielj\My Documents\ePublisher Pro Projects\caArray Online Help\Output\WebWorks Help 5.0\caArray Online Help\Getting Started caArray.3.1.html" stylename="" />
  <Split groupID="5113D514563F1DB" documentID="87DC185FF854A24" id="1070162" position="2" documentstartposition="10" documentendposition="18" title="Launching caArray" path="C:\Documents and Settings\hadfielj\My Documents\ePublisher Pro Projects\caArray Online Help\Output\WebWorks Help 5.0\caArray Online Help\Getting Started caArray.3.2.html" stylename="" />
  <Split groupID="5113D514563F1DB" documentID="87DC185FF854A24" id="1124686" position="3" documentstartposition="19" documentendposition="20" title="Browsing caArray" path="C:\Documents and Settings\hadfielj\My Documents\ePublisher Pro Projects\caArray Online Help\Output\WebWorks Help 5.0\caArray Online Help\Getting Started caArray.3.3.html" stylename="" />
  <Split groupID="5113D514563F1DB" documentID="87DC185FF854A24" id="1139913" position="4" documentstartposition="21" documentendposition="30" title="Browsing Before Login" path="C:\Documents and Settings\hadfielj\My Documents\ePublisher Pro Projects\caArray Online Help\Output\WebWorks Help 5.0\caArray Online Help\Getting Started caArray.3.4.html" stylename="" />
  <Split groupID="5113D514563F1DB" documentID="87DC185FF854A24" id="1139937" position="5" documentstartposition="31" documentendposition="34" title="Browsing After Login" path="C:\Documents and Settings\hadfielj\My Documents\ePublisher Pro Projects\caArray Online Help\Output\WebWorks Help 5.0\caArray Online Help\Getting Started caArray.3.5.html" stylename="">
    <Frame groupID="5113D514563F1DB" documentID="87DC185FF854A24" id="1139990" stylename="Default" position="1" title="" byref="true" source="C:\Documents and Settings\hadfielj\My Documents\CBIIT Projects\caArray\caArray documentation\caArray 2.0\caArray 2.0 users guide and online help FM\users guide images\browse sidebar.gif" path="C:\Documents and Settings\hadfielj\My Documents\ePublisher Pro Projects\caArray Online Help\Output\WebWorks Help 5.0\caArray Online Help\images\browse sidebar.gif">
      <Thumbnail path="C:\Documents and Settings\hadfielj\My Documents\ePublisher Pro Projects\caArray Online Help\Output\WebWorks Help 5.0\caArray Online Help\images\browse sidebar_thumb.gif" />
      <Wrapper groupID="5113D514563F1DB" documentID="87DC185FF854A24" stylename="" path="C:\Documents and Settings\hadfielj\My Documents\ePublisher Pro Projects\caArray Online Help\Output\WebWorks Help 5.0\caArray Online Help\images\browse sidebar.html" />
      <Description path="C:\Documents and Settings\hadfielj\My Documents\ePublisher Pro Projects\caArray Online Help\Output\WebWorks Help 5.0\caArray Online Help\images\browse sidebar.txt" />
    </Frame>
  </Split>
  <Split groupID="5113D514563F1DB" documentID="87DC185FF854A24" id="1140027" position="6" documentstartposition="35" documentendposition="43" title="caArray New User Account and Login" path="C:\Documents and Settings\hadfielj\My Documents\ePublisher Pro Projects\caArray Online Help\Output\WebWorks Help 5.0\caArray Online Help\Getting Started caArray.3.6.html" stylename="" />
  <Split groupID="5113D514563F1DB" documentID="87DC185FF854A24" id="1125266" position="7" documentstartposition="44" documentendposition="74" title="Requesting a User Account" path="C:\Documents and Settings\hadfielj\My Documents\ePublisher Pro Projects\caArray Online Help\Output\WebWorks Help 5.0\caArray Online Help\Getting Started caArray.3.7.html" stylename="" />
  <Split groupID="5113D514563F1DB" documentID="87DC185FF854A24" id="1082564" position="8" documentstartposition="75" documentendposition="87" title="Using caArray Online Help" path="C:\Documents and Settings\hadfielj\My Documents\ePublisher Pro Projects\caArray Online Help\Output\WebWorks Help 5.0\caArray Online Help\Getting Started caArray.3.8.html" stylename="">
    <Frame groupID="5113D514563F1DB" documentID="87DC185FF854A24" id="1082581" stylename="Default" position="1" title="" path="C:\Documents and Settings\hadfielj\My Documents\ePublisher Pro Projects\caArray Online Help\Output\WebWorks Help 5.0\caArray Online Help\images\Getting Started caArray.3.8.1.jpg">
      <Thumbnail path="C:\Documents and Settings\hadfielj\My Documents\ePublisher Pro Projects\caArray Online Help\Output\WebWorks Help 5.0\caArray Online Help\images\Getting Started caArray.3.8.1_thumb.jpg" />
      <Wrapper groupID="5113D514563F1DB" documentID="87DC185FF854A24" stylename="" path="C:\Documents and Settings\hadfielj\My Documents\ePublisher Pro Projects\caArray Online Help\Output\WebWorks Help 5.0\caArray Online Help\images\Getting Started caArray.3.8.1.html" />
      <Description path="C:\Documents and Settings\hadfielj\My Documents\ePublisher Pro Projects\caArray Online Help\Output\WebWorks Help 5.0\caArray Online Help\images\Getting Started caArray.3.8.1.txt" />
    </Frame>
    <Frame groupID="5113D514563F1DB" documentID="87DC185FF854A24" id="1082588" stylename="Default" position="2" title="" path="C:\Documents and Settings\hadfielj\My Documents\ePublisher Pro Projects\caArray Online Help\Output\WebWorks Help 5.0\caArray Online Help\images\Getting Started caArray.3.8.2.jpg">
      <Thumbnail path="C:\Documents and Settings\hadfielj\My Documents\ePublisher Pro Projects\caArray Online Help\Output\WebWorks Help 5.0\caArray Online Help\images\Getting Started caArray.3.8.2_thumb.jpg" />
      <Wrapper groupID="5113D514563F1DB" documentID="87DC185FF854A24" stylename="" path="C:\Documents and Settings\hadfielj\My Documents\ePublisher Pro Projects\caArray Online Help\Output\WebWorks Help 5.0\caArray Online Help\images\Getting Started caArray.3.8.2.html" />
      <Description path="C:\Documents and Settings\hadfielj\My Documents\ePublisher Pro Projects\caArray Online Help\Output\WebWorks Help 5.0\caArray Online Help\images\Getting Started caArray.3.8.2.txt" />
    </Frame>
    <Frame groupID="5113D514563F1DB" documentID="87DC185FF854A24" id="1082593" stylename="Default" position="3" title="" path="C:\Documents and Settings\hadfielj\My Documents\ePublisher Pro Projects\caArray Online Help\Output\WebWorks Help 5.0\caArray Online Help\images\Getting Started caArray.3.8.3.jpg">
      <Thumbnail path="C:\Documents and Settings\hadfielj\My Documents\ePublisher Pro Projects\caArray Online Help\Output\WebWorks Help 5.0\caArray Online Help\images\Getting Started caArray.3.8.3_thumb.jpg" />
      <Wrapper groupID="5113D514563F1DB" documentID="87DC185FF854A24" stylename="" path="C:\Documents and Settings\hadfielj\My Documents\ePublisher Pro Projects\caArray Online Help\Output\WebWorks Help 5.0\caArray Online Help\images\Getting Started caArray.3.8.3.html" />
      <Description path="C:\Documents and Settings\hadfielj\My Documents\ePublisher Pro Projects\caArray Online Help\Output\WebWorks Help 5.0\caArray Online Help\images\Getting Started caArray.3.8.3.txt" />
    </Frame>
  </Split>
  <Split groupID="5113D514563F1DB" documentID="87DC185FF854A24" id="1124246" position="9" documentstartposition="88" documentendposition="93" title="Navigating the caArray User Interface" path="C:\Documents and Settings\hadfielj\My Documents\ePublisher Pro Projects\caArray Online Help\Output\WebWorks Help 5.0\caArray Online Help\Getting Started caArray.3.9.html" stylename="" />
  <Split groupID="5113D514563F1DB" documentID="87DC185FF854A24" id="1134559" position="10" documentstartposition="94" documentendposition="97" title="Elements in the caArray User Interface" path="C:\Documents and Settings\hadfielj\My Documents\ePublisher Pro Projects\caArray Online Help\Output\WebWorks Help 5.0\caArray Online Help\Getting Started caArray.3.10.html" stylename="" />
  <Split groupID="5113D514563F1DB" documentID="87DC185FF854A24" id="1132646" position="11" documentstartposition="98" documentendposition="122" title="caArray Welcome Page Navigation Menu" path="C:\Documents and Settings\hadfielj\My Documents\ePublisher Pro Projects\caArray Online Help\Output\WebWorks Help 5.0\caArray Online Help\Getting Started caArray.3.11.html" stylename="" />
  <Split groupID="5113D514563F1DB" documentID="87DC185FF854A24" id="1140686" position="12" documentstartposition="123" documentendposition="129" title="User Interface Footer" path="C:\Documents and Settings\hadfielj\My Documents\ePublisher Pro Projects\caArray Online Help\Output\WebWorks Help 5.0\caArray Online Help\Getting Started caArray.3.12.html" stylename="" />
  <Split groupID="5113D514563F1DB" documentID="87DC185FF854A24" id="1134471" position="13" documentstartposition="130" documentendposition="152" title="My Experiment Workspace" path="C:\Documents and Settings\hadfielj\My Documents\ePublisher Pro Projects\caArray Online Help\Output\WebWorks Help 5.0\caArray Online Help\Getting Started caArray.3.13.html" stylename="" />
  <Split groupID="5113D514563F1DB" documentID="856550B675AF93" id="1052621" position="1" documentstartposition="3" documentendposition="7" title="Navigating and Searching caArray " path="C:\Documents and Settings\hadfielj\My Documents\ePublisher Pro Projects\caArray Online Help\Output\WebWorks Help 5.0\caArray Online Help\Searching caArray.4.1.html" stylename="" />
  <Split groupID="5113D514563F1DB" documentID="856550B675AF93" id="1136037" position="2" documentstartposition="8" documentendposition="23" title="Browsing caArray" path="C:\Documents and Settings\hadfielj\My Documents\ePublisher Pro Projects\caArray Online Help\Output\WebWorks Help 5.0\caArray Online Help\Searching caArray.4.2.html" stylename="">
    <Frame groupID="5113D514563F1DB" documentID="856550B675AF93" id="1139525" stylename="Default" position="1" title="" path="C:\Documents and Settings\hadfielj\My Documents\ePublisher Pro Projects\caArray Online Help\Output\WebWorks Help 5.0\caArray Online Help\images\Searching caArray.4.2.1.jpg">
      <Thumbnail path="C:\Documents and Settings\hadfielj\My Documents\ePublisher Pro Projects\caArray Online Help\Output\WebWorks Help 5.0\caArray Online Help\images\Searching caArray.4.2.1_thumb.jpg" />
      <Wrapper groupID="5113D514563F1DB" documentID="856550B675AF93" stylename="" path="C:\Documents and Settings\hadfielj\My Documents\ePublisher Pro Projects\caArray Online Help\Output\WebWorks Help 5.0\caArray Online Help\images\Searching caArray.4.2.1.html" />
      <Description path="C:\Documents and Settings\hadfielj\My Documents\ePublisher Pro Projects\caArray Online Help\Output\WebWorks Help 5.0\caArray Online Help\images\Searching caArray.4.2.1.txt" />
    </Frame>
  </Split>
  <Split groupID="5113D514563F1DB" documentID="856550B675AF93" id="1133644" position="3" documentstartposition="24" documentendposition="34" title="Searching the Repository" path="C:\Documents and Settings\hadfielj\My Documents\ePublisher Pro Projects\caArray Online Help\Output\WebWorks Help 5.0\caArray Online Help\Searching caArray.4.3.html" stylename="" />
  <Split groupID="5113D514563F1DB" documentID="856550B675AF93" id="1138789" position="4" documentstartposition="35" documentendposition="50" title="Experiment Search Results" path="C:\Documents and Settings\hadfielj\My Documents\ePublisher Pro Projects\caArray Online Help\Output\WebWorks Help 5.0\caArray Online Help\Searching caArray.4.4.html" stylename="">
    <Frame groupID="5113D514563F1DB" documentID="856550B675AF93" id="1139725" stylename="Default" position="1" title="" path="C:\Documents and Settings\hadfielj\My Documents\ePublisher Pro Projects\caArray Online Help\Output\WebWorks Help 5.0\caArray Online Help\images\Searching caArray.4.4.1.jpg">
      <Thumbnail path="C:\Documents and Settings\hadfielj\My Documents\ePublisher Pro Projects\caArray Online Help\Output\WebWorks Help 5.0\caArray Online Help\images\Searching caArray.4.4.1_thumb.jpg" />
      <Wrapper groupID="5113D514563F1DB" documentID="856550B675AF93" stylename="" path="C:\Documents and Settings\hadfielj\My Documents\ePublisher Pro Projects\caArray Online Help\Output\WebWorks Help 5.0\caArray Online Help\images\Searching caArray.4.4.1.html" />
      <Description path="C:\Documents and Settings\hadfielj\My Documents\ePublisher Pro Projects\caArray Online Help\Output\WebWorks Help 5.0\caArray Online Help\images\Searching caArray.4.4.1.txt" />
    </Frame>
  </Split>
  <Split groupID="5113D514563F1DB" documentID="50515C28C5987DE" id="1052621" position="1" documentstartposition="3" documentendposition="9" title="Creating and Managing Experiments" path="C:\Documents and Settings\hadfielj\My Documents\ePublisher Pro Projects\caArray Online Help\Output\WebWorks Help 5.0\caArray Online Help\Create &amp; Manage Experiments.5.1.html" stylename="" />
  <Split groupID="5113D514563F1DB" documentID="50515C28C5987DE" id="1143839" position="2" documentstartposition="10" documentendposition="22" title="Overview of an Experiment" path="C:\Documents and Settings\hadfielj\My Documents\ePublisher Pro Projects\caArray Online Help\Output\WebWorks Help 5.0\caArray Online Help\Create &amp; Manage Experiments.5.2.html" stylename="" />
  <Split groupID="5113D514563F1DB" documentID="50515C28C5987DE" id="1132394" position="3" documentstartposition="23" documentendposition="29" title="Creating an Experiment" path="C:\Documents and Settings\hadfielj\My Documents\ePublisher Pro Projects\caArray Online Help\Output\WebWorks Help 5.0\caArray Online Help\Create &amp; Manage Experiments.5.3.html" stylename="" />
  <Split groupID="5113D514563F1DB" documentID="50515C28C5987DE" id="1175641" position="4" documentstartposition="30" documentendposition="36" title="Steps for Creating an Experiment" path="C:\Documents and Settings\hadfielj\My Documents\ePublisher Pro Projects\caArray Online Help\Output\WebWorks Help 5.0\caArray Online Help\Create &amp; Manage Experiments.5.4.html" stylename="" />
  <Split groupID="5113D514563F1DB" documentID="50515C28C5987DE" id="1137798" position="5" documentstartposition="37" documentendposition="45" title="Overview Tab" path="C:\Documents and Settings\hadfielj\My Documents\ePublisher Pro Projects\caArray Online Help\Output\WebWorks Help 5.0\caArray Online Help\Create &amp; Manage Experiments.5.5.html" stylename="" />
  <Split groupID="5113D514563F1DB" documentID="50515C28C5987DE" id="1138656" position="6" documentstartposition="46" documentendposition="52" title="Contacts Tab" path="C:\Documents and Settings\hadfielj\My Documents\ePublisher Pro Projects\caArray Online Help\Output\WebWorks Help 5.0\caArray Online Help\Create &amp; Manage Experiments.5.6.html" stylename="" />
  <Split groupID="5113D514563F1DB" documentID="50515C28C5987DE" id="1138988" position="7" documentstartposition="53" documentendposition="61" title="Annotations Tab" path="C:\Documents and Settings\hadfielj\My Documents\ePublisher Pro Projects\caArray Online Help\Output\WebWorks Help 5.0\caArray Online Help\Create &amp; Manage Experiments.5.7.html" stylename="" />
  <Split groupID="5113D514563F1DB" documentID="50515C28C5987DE" id="1139294" position="8" documentstartposition="62" documentendposition="67" title="Experimental Design" path="C:\Documents and Settings\hadfielj\My Documents\ePublisher Pro Projects\caArray Online Help\Output\WebWorks Help 5.0\caArray Online Help\Create &amp; Manage Experiments.5.8.html" stylename="" />
  <Split groupID="5113D514563F1DB" documentID="50515C28C5987DE" id="1139575" position="9" documentstartposition="68" documentendposition="76" title="Experimental Factors" path="C:\Documents and Settings\hadfielj\My Documents\ePublisher Pro Projects\caArray Online Help\Output\WebWorks Help 5.0\caArray Online Help\Create &amp; Manage Experiments.5.9.html" stylename="" />
  <Split groupID="5113D514563F1DB" documentID="50515C28C5987DE" id="1140893" position="10" documentstartposition="77" documentendposition="90" title="Biological Source Material" path="C:\Documents and Settings\hadfielj\My Documents\ePublisher Pro Projects\caArray Online Help\Output\WebWorks Help 5.0\caArray Online Help\Create &amp; Manage Experiments.5.10.html" stylename="">
    <Frame groupID="5113D514563F1DB" documentID="50515C28C5987DE" id="1150897" stylename="Default" position="1" title="" path="C:\Documents and Settings\hadfielj\My Documents\ePublisher Pro Projects\caArray Online Help\Output\WebWorks Help 5.0\caArray Online Help\images\Create &amp; Manage Experiments.5.10.1.jpg">
      <Thumbnail path="C:\Documents and Settings\hadfielj\My Documents\ePublisher Pro Projects\caArray Online Help\Output\WebWorks Help 5.0\caArray Online Help\images\Create &amp; Manage Experiments.5.10.1_thumb.jpg" />
      <Wrapper groupID="5113D514563F1DB" documentID="50515C28C5987DE" stylename="" path="C:\Documents and Settings\hadfielj\My Documents\ePublisher Pro Projects\caArray Online Help\Output\WebWorks Help 5.0\caArray Online Help\images\Create &amp; Manage Experiments.5.10.1.html" />
      <Description path="C:\Documents and Settings\hadfielj\My Documents\ePublisher Pro Projects\caArray Online Help\Output\WebWorks Help 5.0\caArray Online Help\images\Create &amp; Manage Experiments.5.10.1.txt" />
    </Frame>
  </Split>
  <Split groupID="5113D514563F1DB" documentID="50515C28C5987DE" id="1150942" position="11" documentstartposition="91" documentendposition="96" title="Sources" path="C:\Documents and Settings\hadfielj\My Documents\ePublisher Pro Projects\caArray Online Help\Output\WebWorks Help 5.0\caArray Online Help\Create &amp; Manage Experiments.5.11.html" stylename="" />
  <Split groupID="5113D514563F1DB" documentID="50515C28C5987DE" id="1156142" position="12" documentstartposition="97" documentendposition="102" title="Samples" path="C:\Documents and Settings\hadfielj\My Documents\ePublisher Pro Projects\caArray Online Help\Output\WebWorks Help 5.0\caArray Online Help\Create &amp; Manage Experiments.5.12.html" stylename="" />
  <Split groupID="5113D514563F1DB" documentID="50515C28C5987DE" id="1151038" position="13" documentstartposition="103" documentendposition="108" title="Extracts" path="C:\Documents and Settings\hadfielj\My Documents\ePublisher Pro Projects\caArray Online Help\Output\WebWorks Help 5.0\caArray Online Help\Create &amp; Manage Experiments.5.13.html" stylename="" />
  <Split groupID="5113D514563F1DB" documentID="50515C28C5987DE" id="1151107" position="14" documentstartposition="109" documentendposition="115" title="Labeled Extracts" path="C:\Documents and Settings\hadfielj\My Documents\ePublisher Pro Projects\caArray Online Help\Output\WebWorks Help 5.0\caArray Online Help\Create &amp; Manage Experiments.5.14.html" stylename="" />
  <Split groupID="5113D514563F1DB" documentID="50515C28C5987DE" id="1157154" position="15" documentstartposition="116" documentendposition="128" title="Sources Tab " path="C:\Documents and Settings\hadfielj\My Documents\ePublisher Pro Projects\caArray Online Help\Output\WebWorks Help 5.0\caArray Online Help\Create &amp; Manage Experiments.5.15.html" stylename="">
    <Frame groupID="5113D514563F1DB" documentID="50515C28C5987DE" id="1165658" stylename="Default" position="1" title="" path="C:\Documents and Settings\hadfielj\My Documents\ePublisher Pro Projects\caArray Online Help\Output\WebWorks Help 5.0\caArray Online Help\images\Create &amp; Manage Experiments.5.15.1.jpg">
      <Thumbnail path="C:\Documents and Settings\hadfielj\My Documents\ePublisher Pro Projects\caArray Online Help\Output\WebWorks Help 5.0\caArray Online Help\images\Create &amp; Manage Experiments.5.15.1_thumb.jpg" />
      <Wrapper groupID="5113D514563F1DB" documentID="50515C28C5987DE" stylename="" path="C:\Documents and Settings\hadfielj\My Documents\ePublisher Pro Projects\caArray Online Help\Output\WebWorks Help 5.0\caArray Online Help\images\Create &amp; Manage Experiments.5.15.1.html" />
      <Description path="C:\Documents and Settings\hadfielj\My Documents\ePublisher Pro Projects\caArray Online Help\Output\WebWorks Help 5.0\caArray Online Help\images\Create &amp; Manage Experiments.5.15.1.txt" />
    </Frame>
    <Frame groupID="5113D514563F1DB" documentID="50515C28C5987DE" id="1167060" stylename="Default" position="2" title="" path="C:\Documents and Settings\hadfielj\My Documents\ePublisher Pro Projects\caArray Online Help\Output\WebWorks Help 5.0\caArray Online Help\images\Create &amp; Manage Experiments.5.15.2.jpg">
      <Thumbnail path="C:\Documents and Settings\hadfielj\My Documents\ePublisher Pro Projects\caArray Online Help\Output\WebWorks Help 5.0\caArray Online Help\images\Create &amp; Manage Experiments.5.15.2_thumb.jpg" />
      <Wrapper groupID="5113D514563F1DB" documentID="50515C28C5987DE" stylename="" path="C:\Documents and Settings\hadfielj\My Documents\ePublisher Pro Projects\caArray Online Help\Output\WebWorks Help 5.0\caArray Online Help\images\Create &amp; Manage Experiments.5.15.2.html" />
      <Description path="C:\Documents and Settings\hadfielj\My Documents\ePublisher Pro Projects\caArray Online Help\Output\WebWorks Help 5.0\caArray Online Help\images\Create &amp; Manage Experiments.5.15.2.txt" />
    </Frame>
    <Frame groupID="5113D514563F1DB" documentID="50515C28C5987DE" id="1157544" stylename="Default" position="3" title="" path="C:\Documents and Settings\hadfielj\My Documents\ePublisher Pro Projects\caArray Online Help\Output\WebWorks Help 5.0\caArray Online Help\images\Create &amp; Manage Experiments.5.15.3.jpg">
      <Thumbnail path="C:\Documents and Settings\hadfielj\My Documents\ePublisher Pro Projects\caArray Online Help\Output\WebWorks Help 5.0\caArray Online Help\images\Create &amp; Manage Experiments.5.15.3_thumb.jpg" />
      <Wrapper groupID="5113D514563F1DB" documentID="50515C28C5987DE" stylename="" path="C:\Documents and Settings\hadfielj\My Documents\ePublisher Pro Projects\caArray Online Help\Output\WebWorks Help 5.0\caArray Online Help\images\Create &amp; Manage Experiments.5.15.3.html" />
      <Description path="C:\Documents and Settings\hadfielj\My Documents\ePublisher Pro Projects\caArray Online Help\Output\WebWorks Help 5.0\caArray Online Help\images\Create &amp; Manage Experiments.5.15.3.txt" />
    </Frame>
  </Split>
  <Split groupID="5113D514563F1DB" documentID="50515C28C5987DE" id="1162990" position="16" documentstartposition="129" documentendposition="141" title="Managing Controlled Vocabulary Terms" path="C:\Documents and Settings\hadfielj\My Documents\ePublisher Pro Projects\caArray Online Help\Output\WebWorks Help 5.0\caArray Online Help\Create &amp; Manage Experiments.5.16.html" stylename="">
    <Frame groupID="5113D514563F1DB" documentID="50515C28C5987DE" id="1163591" stylename="Default" position="1" title="" path="C:\Documents and Settings\hadfielj\My Documents\ePublisher Pro Projects\caArray Online Help\Output\WebWorks Help 5.0\caArray Online Help\images\Create &amp; Manage Experiments.5.16.1.jpg">
      <Thumbnail path="C:\Documents and Settings\hadfielj\My Documents\ePublisher Pro Projects\caArray Online Help\Output\WebWorks Help 5.0\caArray Online Help\images\Create &amp; Manage Experiments.5.16.1_thumb.jpg" />
      <Wrapper groupID="5113D514563F1DB" documentID="50515C28C5987DE" stylename="" path="C:\Documents and Settings\hadfielj\My Documents\ePublisher Pro Projects\caArray Online Help\Output\WebWorks Help 5.0\caArray Online Help\images\Create &amp; Manage Experiments.5.16.1.html" />
      <Description path="C:\Documents and Settings\hadfielj\My Documents\ePublisher Pro Projects\caArray Online Help\Output\WebWorks Help 5.0\caArray Online Help\images\Create &amp; Manage Experiments.5.16.1.txt" />
    </Frame>
    <Frame groupID="5113D514563F1DB" documentID="50515C28C5987DE" id="1163595" stylename="Default" position="2" title="" path="C:\Documents and Settings\hadfielj\My Documents\ePublisher Pro Projects\caArray Online Help\Output\WebWorks Help 5.0\caArray Online Help\images\Create &amp; Manage Experiments.5.16.2.jpg">
      <Thumbnail path="C:\Documents and Settings\hadfielj\My Documents\ePublisher Pro Projects\caArray Online Help\Output\WebWorks Help 5.0\caArray Online Help\images\Create &amp; Manage Experiments.5.16.2_thumb.jpg" />
      <Wrapper groupID="5113D514563F1DB" documentID="50515C28C5987DE" stylename="" path="C:\Documents and Settings\hadfielj\My Documents\ePublisher Pro Projects\caArray Online Help\Output\WebWorks Help 5.0\caArray Online Help\images\Create &amp; Manage Experiments.5.16.2.html" />
      <Description path="C:\Documents and Settings\hadfielj\My Documents\ePublisher Pro Projects\caArray Online Help\Output\WebWorks Help 5.0\caArray Online Help\images\Create &amp; Manage Experiments.5.16.2.txt" />
    </Frame>
  </Split>
  <Split groupID="5113D514563F1DB" documentID="50515C28C5987DE" id="1168814" position="17" documentstartposition="142" documentendposition="154" title="Samples Tab" path="C:\Documents and Settings\hadfielj\My Documents\ePublisher Pro Projects\caArray Online Help\Output\WebWorks Help 5.0\caArray Online Help\Create &amp; Manage Experiments.5.17.html" stylename="">
    <Frame groupID="5113D514563F1DB" documentID="50515C28C5987DE" id="1165640" stylename="Default" position="1" title="" path="C:\Documents and Settings\hadfielj\My Documents\ePublisher Pro Projects\caArray Online Help\Output\WebWorks Help 5.0\caArray Online Help\images\Create &amp; Manage Experiments.5.17.1.jpg">
      <Thumbnail path="C:\Documents and Settings\hadfielj\My Documents\ePublisher Pro Projects\caArray Online Help\Output\WebWorks Help 5.0\caArray Online Help\images\Create &amp; Manage Experiments.5.17.1_thumb.jpg" />
      <Wrapper groupID="5113D514563F1DB" documentID="50515C28C5987DE" stylename="" path="C:\Documents and Settings\hadfielj\My Documents\ePublisher Pro Projects\caArray Online Help\Output\WebWorks Help 5.0\caArray Online Help\images\Create &amp; Manage Experiments.5.17.1.html" />
      <Description path="C:\Documents and Settings\hadfielj\My Documents\ePublisher Pro Projects\caArray Online Help\Output\WebWorks Help 5.0\caArray Online Help\images\Create &amp; Manage Experiments.5.17.1.txt" />
    </Frame>
    <Frame groupID="5113D514563F1DB" documentID="50515C28C5987DE" id="1166996" stylename="Default" position="2" title="" path="C:\Documents and Settings\hadfielj\My Documents\ePublisher Pro Projects\caArray Online Help\Output\WebWorks Help 5.0\caArray Online Help\images\Create &amp; Manage Experiments.5.17.2.jpg">
      <Thumbnail path="C:\Documents and Settings\hadfielj\My Documents\ePublisher Pro Projects\caArray Online Help\Output\WebWorks Help 5.0\caArray Online Help\images\Create &amp; Manage Experiments.5.17.2_thumb.jpg" />
      <Wrapper groupID="5113D514563F1DB" documentID="50515C28C5987DE" stylename="" path="C:\Documents and Settings\hadfielj\My Documents\ePublisher Pro Projects\caArray Online Help\Output\WebWorks Help 5.0\caArray Online Help\images\Create &amp; Manage Experiments.5.17.2.html" />
      <Description path="C:\Documents and Settings\hadfielj\My Documents\ePublisher Pro Projects\caArray Online Help\Output\WebWorks Help 5.0\caArray Online Help\images\Create &amp; Manage Experiments.5.17.2.txt" />
    </Frame>
    <Frame groupID="5113D514563F1DB" documentID="50515C28C5987DE" id="1157631" stylename="Default" position="3" title="" path="C:\Documents and Settings\hadfielj\My Documents\ePublisher Pro Projects\caArray Online Help\Output\WebWorks Help 5.0\caArray Online Help\images\Create &amp; Manage Experiments.5.17.3.jpg">
      <Thumbnail path="C:\Documents and Settings\hadfielj\My Documents\ePublisher Pro Projects\caArray Online Help\Output\WebWorks Help 5.0\caArray Online Help\images\Create &amp; Manage Experiments.5.17.3_thumb.jpg" />
      <Wrapper groupID="5113D514563F1DB" documentID="50515C28C5987DE" stylename="" path="C:\Documents and Settings\hadfielj\My Documents\ePublisher Pro Projects\caArray Online Help\Output\WebWorks Help 5.0\caArray Online Help\images\Create &amp; Manage Experiments.5.17.3.html" />
      <Description path="C:\Documents and Settings\hadfielj\My Documents\ePublisher Pro Projects\caArray Online Help\Output\WebWorks Help 5.0\caArray Online Help\images\Create &amp; Manage Experiments.5.17.3.txt" />
    </Frame>
  </Split>
  <Split groupID="5113D514563F1DB" documentID="50515C28C5987DE" id="1141491" position="18" documentstartposition="155" documentendposition="167" title="Extracts Tab" path="C:\Documents and Settings\hadfielj\My Documents\ePublisher Pro Projects\caArray Online Help\Output\WebWorks Help 5.0\caArray Online Help\Create &amp; Manage Experiments.5.18.html" stylename="">
    <Frame groupID="5113D514563F1DB" documentID="50515C28C5987DE" id="1157758" stylename="Default" position="1" title="" path="C:\Documents and Settings\hadfielj\My Documents\ePublisher Pro Projects\caArray Online Help\Output\WebWorks Help 5.0\caArray Online Help\images\Create &amp; Manage Experiments.5.18.1.jpg">
      <Thumbnail path="C:\Documents and Settings\hadfielj\My Documents\ePublisher Pro Projects\caArray Online Help\Output\WebWorks Help 5.0\caArray Online Help\images\Create &amp; Manage Experiments.5.18.1_thumb.jpg" />
      <Wrapper groupID="5113D514563F1DB" documentID="50515C28C5987DE" stylename="" path="C:\Documents and Settings\hadfielj\My Documents\ePublisher Pro Projects\caArray Online Help\Output\WebWorks Help 5.0\caArray Online Help\images\Create &amp; Manage Experiments.5.18.1.html" />
      <Description path="C:\Documents and Settings\hadfielj\My Documents\ePublisher Pro Projects\caArray Online Help\Output\WebWorks Help 5.0\caArray Online Help\images\Create &amp; Manage Experiments.5.18.1.txt" />
    </Frame>
    <Frame groupID="5113D514563F1DB" documentID="50515C28C5987DE" id="1165615" stylename="Default" position="2" title="" path="C:\Documents and Settings\hadfielj\My Documents\ePublisher Pro Projects\caArray Online Help\Output\WebWorks Help 5.0\caArray Online Help\images\Create &amp; Manage Experiments.5.18.2.jpg">
      <Thumbnail path="C:\Documents and Settings\hadfielj\My Documents\ePublisher Pro Projects\caArray Online Help\Output\WebWorks Help 5.0\caArray Online Help\images\Create &amp; Manage Experiments.5.18.2_thumb.jpg" />
      <Wrapper groupID="5113D514563F1DB" documentID="50515C28C5987DE" stylename="" path="C:\Documents and Settings\hadfielj\My Documents\ePublisher Pro Projects\caArray Online Help\Output\WebWorks Help 5.0\caArray Online Help\images\Create &amp; Manage Experiments.5.18.2.html" />
      <Description path="C:\Documents and Settings\hadfielj\My Documents\ePublisher Pro Projects\caArray Online Help\Output\WebWorks Help 5.0\caArray Online Help\images\Create &amp; Manage Experiments.5.18.2.txt" />
    </Frame>
    <Frame groupID="5113D514563F1DB" documentID="50515C28C5987DE" id="1157765" stylename="Default" position="3" title="" path="C:\Documents and Settings\hadfielj\My Documents\ePublisher Pro Projects\caArray Online Help\Output\WebWorks Help 5.0\caArray Online Help\images\Create &amp; Manage Experiments.5.18.3.jpg">
      <Thumbnail path="C:\Documents and Settings\hadfielj\My Documents\ePublisher Pro Projects\caArray Online Help\Output\WebWorks Help 5.0\caArray Online Help\images\Create &amp; Manage Experiments.5.18.3_thumb.jpg" />
      <Wrapper groupID="5113D514563F1DB" documentID="50515C28C5987DE" stylename="" path="C:\Documents and Settings\hadfielj\My Documents\ePublisher Pro Projects\caArray Online Help\Output\WebWorks Help 5.0\caArray Online Help\images\Create &amp; Manage Experiments.5.18.3.html" />
      <Description path="C:\Documents and Settings\hadfielj\My Documents\ePublisher Pro Projects\caArray Online Help\Output\WebWorks Help 5.0\caArray Online Help\images\Create &amp; Manage Experiments.5.18.3.txt" />
    </Frame>
  </Split>
  <Split groupID="5113D514563F1DB" documentID="50515C28C5987DE" id="1151841" position="19" documentstartposition="168" documentendposition="180" title="Labeled Extracts Tab" path="C:\Documents and Settings\hadfielj\My Documents\ePublisher Pro Projects\caArray Online Help\Output\WebWorks Help 5.0\caArray Online Help\Create &amp; Manage Experiments.5.19.html" stylename="">
    <Frame groupID="5113D514563F1DB" documentID="50515C28C5987DE" id="1158053" stylename="Default" position="1" title="" path="C:\Documents and Settings\hadfielj\My Documents\ePublisher Pro Projects\caArray Online Help\Output\WebWorks Help 5.0\caArray Online Help\images\Create &amp; Manage Experiments.5.19.1.jpg">
      <Thumbnail path="C:\Documents and Settings\hadfielj\My Documents\ePublisher Pro Projects\caArray Online Help\Output\WebWorks Help 5.0\caArray Online Help\images\Create &amp; Manage Experiments.5.19.1_thumb.jpg" />
      <Wrapper groupID="5113D514563F1DB" documentID="50515C28C5987DE" stylename="" path="C:\Documents and Settings\hadfielj\My Documents\ePublisher Pro Projects\caArray Online Help\Output\WebWorks Help 5.0\caArray Online Help\images\Create &amp; Manage Experiments.5.19.1.html" />
      <Description path="C:\Documents and Settings\hadfielj\My Documents\ePublisher Pro Projects\caArray Online Help\Output\WebWorks Help 5.0\caArray Online Help\images\Create &amp; Manage Experiments.5.19.1.txt" />
    </Frame>
    <Frame groupID="5113D514563F1DB" documentID="50515C28C5987DE" id="1165511" stylename="Default" position="2" title="" path="C:\Documents and Settings\hadfielj\My Documents\ePublisher Pro Projects\caArray Online Help\Output\WebWorks Help 5.0\caArray Online Help\images\Create &amp; Manage Experiments.5.19.2.jpg">
      <Thumbnail path="C:\Documents and Settings\hadfielj\My Documents\ePublisher Pro Projects\caArray Online Help\Output\WebWorks Help 5.0\caArray Online Help\images\Create &amp; Manage Experiments.5.19.2_thumb.jpg" />
      <Wrapper groupID="5113D514563F1DB" documentID="50515C28C5987DE" stylename="" path="C:\Documents and Settings\hadfielj\My Documents\ePublisher Pro Projects\caArray Online Help\Output\WebWorks Help 5.0\caArray Online Help\images\Create &amp; Manage Experiments.5.19.2.html" />
      <Description path="C:\Documents and Settings\hadfielj\My Documents\ePublisher Pro Projects\caArray Online Help\Output\WebWorks Help 5.0\caArray Online Help\images\Create &amp; Manage Experiments.5.19.2.txt" />
    </Frame>
    <Frame groupID="5113D514563F1DB" documentID="50515C28C5987DE" id="1158060" stylename="Default" position="3" title="" path="C:\Documents and Settings\hadfielj\My Documents\ePublisher Pro Projects\caArray Online Help\Output\WebWorks Help 5.0\caArray Online Help\images\Create &amp; Manage Experiments.5.19.3.jpg">
      <Thumbnail path="C:\Documents and Settings\hadfielj\My Documents\ePublisher Pro Projects\caArray Online Help\Output\WebWorks Help 5.0\caArray Online Help\images\Create &amp; Manage Experiments.5.19.3_thumb.jpg" />
      <Wrapper groupID="5113D514563F1DB" documentID="50515C28C5987DE" stylename="" path="C:\Documents and Settings\hadfielj\My Documents\ePublisher Pro Projects\caArray Online Help\Output\WebWorks Help 5.0\caArray Online Help\images\Create &amp; Manage Experiments.5.19.3.html" />
      <Description path="C:\Documents and Settings\hadfielj\My Documents\ePublisher Pro Projects\caArray Online Help\Output\WebWorks Help 5.0\caArray Online Help\images\Create &amp; Manage Experiments.5.19.3.txt" />
    </Frame>
  </Split>
  <Split groupID="5113D514563F1DB" documentID="50515C28C5987DE" id="1141559" position="20" documentstartposition="181" documentendposition="193" title="Hybridizations Tab" path="C:\Documents and Settings\hadfielj\My Documents\ePublisher Pro Projects\caArray Online Help\Output\WebWorks Help 5.0\caArray Online Help\Create &amp; Manage Experiments.5.20.html" stylename="">
    <Frame groupID="5113D514563F1DB" documentID="50515C28C5987DE" id="1165158" stylename="Default" position="1" title="" path="C:\Documents and Settings\hadfielj\My Documents\ePublisher Pro Projects\caArray Online Help\Output\WebWorks Help 5.0\caArray Online Help\images\Create &amp; Manage Experiments.5.20.1.jpg">
      <Thumbnail path="C:\Documents and Settings\hadfielj\My Documents\ePublisher Pro Projects\caArray Online Help\Output\WebWorks Help 5.0\caArray Online Help\images\Create &amp; Manage Experiments.5.20.1_thumb.jpg" />
      <Wrapper groupID="5113D514563F1DB" documentID="50515C28C5987DE" stylename="" path="C:\Documents and Settings\hadfielj\My Documents\ePublisher Pro Projects\caArray Online Help\Output\WebWorks Help 5.0\caArray Online Help\images\Create &amp; Manage Experiments.5.20.1.html" />
      <Description path="C:\Documents and Settings\hadfielj\My Documents\ePublisher Pro Projects\caArray Online Help\Output\WebWorks Help 5.0\caArray Online Help\images\Create &amp; Manage Experiments.5.20.1.txt" />
    </Frame>
    <Frame groupID="5113D514563F1DB" documentID="50515C28C5987DE" id="1165161" stylename="Default" position="2" title="" path="C:\Documents and Settings\hadfielj\My Documents\ePublisher Pro Projects\caArray Online Help\Output\WebWorks Help 5.0\caArray Online Help\images\Create &amp; Manage Experiments.5.20.2.jpg">
      <Thumbnail path="C:\Documents and Settings\hadfielj\My Documents\ePublisher Pro Projects\caArray Online Help\Output\WebWorks Help 5.0\caArray Online Help\images\Create &amp; Manage Experiments.5.20.2_thumb.jpg" />
      <Wrapper groupID="5113D514563F1DB" documentID="50515C28C5987DE" stylename="" path="C:\Documents and Settings\hadfielj\My Documents\ePublisher Pro Projects\caArray Online Help\Output\WebWorks Help 5.0\caArray Online Help\images\Create &amp; Manage Experiments.5.20.2.html" />
      <Description path="C:\Documents and Settings\hadfielj\My Documents\ePublisher Pro Projects\caArray Online Help\Output\WebWorks Help 5.0\caArray Online Help\images\Create &amp; Manage Experiments.5.20.2.txt" />
    </Frame>
  </Split>
  <Split groupID="5113D514563F1DB" documentID="50515C28C5987DE" id="1141807" position="21" documentstartposition="194" documentendposition="198" title="Data Tab" path="C:\Documents and Settings\hadfielj\My Documents\ePublisher Pro Projects\caArray Online Help\Output\WebWorks Help 5.0\caArray Online Help\Create &amp; Manage Experiments.5.21.html" stylename="" />
  <Split groupID="5113D514563F1DB" documentID="50515C28C5987DE" id="1152285" position="22" documentstartposition="199" documentendposition="208" title="Publications Tab" path="C:\Documents and Settings\hadfielj\My Documents\ePublisher Pro Projects\caArray Online Help\Output\WebWorks Help 5.0\caArray Online Help\Create &amp; Manage Experiments.5.22.html" stylename="" />
  <Split groupID="5113D514563F1DB" documentID="50515C28C5987DE" id="1158275" position="23" documentstartposition="209" documentendposition="212" title="Submitting an Experiment" path="C:\Documents and Settings\hadfielj\My Documents\ePublisher Pro Projects\caArray Online Help\Output\WebWorks Help 5.0\caArray Online Help\Create &amp; Manage Experiments.5.23.html" stylename="" />
  <Split groupID="5113D514563F1DB" documentID="50515C28C5987DE" id="1167599" position="24" documentstartposition="213" documentendposition="217" title="Updating An Experiment Proposal" path="C:\Documents and Settings\hadfielj\My Documents\ePublisher Pro Projects\caArray Online Help\Output\WebWorks Help 5.0\caArray Online Help\Create &amp; Manage Experiments.5.24.html" stylename="" />
  <Split groupID="5113D514563F1DB" documentID="50515C28C5987DE" id="1158637" position="25" documentstartposition="218" documentendposition="227" title="Editing an Experiment" path="C:\Documents and Settings\hadfielj\My Documents\ePublisher Pro Projects\caArray Online Help\Output\WebWorks Help 5.0\caArray Online Help\Create &amp; Manage Experiments.5.25.html" stylename="">
    <Frame groupID="5113D514563F1DB" documentID="50515C28C5987DE" id="1168253" stylename="Default" position="1" title="" path="C:\Documents and Settings\hadfielj\My Documents\ePublisher Pro Projects\caArray Online Help\Output\WebWorks Help 5.0\caArray Online Help\images\Create &amp; Manage Experiments.5.25.1.jpg">
      <Thumbnail path="C:\Documents and Settings\hadfielj\My Documents\ePublisher Pro Projects\caArray Online Help\Output\WebWorks Help 5.0\caArray Online Help\images\Create &amp; Manage Experiments.5.25.1_thumb.jpg" />
      <Wrapper groupID="5113D514563F1DB" documentID="50515C28C5987DE" stylename="" path="C:\Documents and Settings\hadfielj\My Documents\ePublisher Pro Projects\caArray Online Help\Output\WebWorks Help 5.0\caArray Online Help\images\Create &amp; Manage Experiments.5.25.1.html" />
      <Description path="C:\Documents and Settings\hadfielj\My Documents\ePublisher Pro Projects\caArray Online Help\Output\WebWorks Help 5.0\caArray Online Help\images\Create &amp; Manage Experiments.5.25.1.txt" />
    </Frame>
  </Split>
  <Split groupID="5113D514563F1DB" documentID="50515C28C5987DE" id="1168225" position="26" documentstartposition="228" documentendposition="237" title="Adding Data to an Experiment" path="C:\Documents and Settings\hadfielj\My Documents\ePublisher Pro Projects\caArray Online Help\Output\WebWorks Help 5.0\caArray Online Help\Create &amp; Manage Experiments.5.26.html" stylename="" />
  <Split groupID="5113D514563F1DB" documentID="50515C28C5987DE" id="1167620" position="27" documentstartposition="238" documentendposition="248" title="Deleting an Experiment" path="C:\Documents and Settings\hadfielj\My Documents\ePublisher Pro Projects\caArray Online Help\Output\WebWorks Help 5.0\caArray Online Help\Create &amp; Manage Experiments.5.27.html" stylename="">
    <Frame groupID="5113D514563F1DB" documentID="50515C28C5987DE" id="1167636" stylename="Default" position="1" title="" path="C:\Documents and Settings\hadfielj\My Documents\ePublisher Pro Projects\caArray Online Help\Output\WebWorks Help 5.0\caArray Online Help\images\Create &amp; Manage Experiments.5.27.1.jpg">
      <Thumbnail path="C:\Documents and Settings\hadfielj\My Documents\ePublisher Pro Projects\caArray Online Help\Output\WebWorks Help 5.0\caArray Online Help\images\Create &amp; Manage Experiments.5.27.1_thumb.jpg" />
      <Wrapper groupID="5113D514563F1DB" documentID="50515C28C5987DE" stylename="" path="C:\Documents and Settings\hadfielj\My Documents\ePublisher Pro Projects\caArray Online Help\Output\WebWorks Help 5.0\caArray Online Help\images\Create &amp; Manage Experiments.5.27.1.html" />
      <Description path="C:\Documents and Settings\hadfielj\My Documents\ePublisher Pro Projects\caArray Online Help\Output\WebWorks Help 5.0\caArray Online Help\images\Create &amp; Manage Experiments.5.27.1.txt" />
    </Frame>
    <Frame groupID="5113D514563F1DB" documentID="50515C28C5987DE" id="1168490" stylename="Default" position="2" title="" path="C:\Documents and Settings\hadfielj\My Documents\ePublisher Pro Projects\caArray Online Help\Output\WebWorks Help 5.0\caArray Online Help\images\Create &amp; Manage Experiments.5.27.2.jpg">
      <Thumbnail path="C:\Documents and Settings\hadfielj\My Documents\ePublisher Pro Projects\caArray Online Help\Output\WebWorks Help 5.0\caArray Online Help\images\Create &amp; Manage Experiments.5.27.2_thumb.jpg" />
      <Wrapper groupID="5113D514563F1DB" documentID="50515C28C5987DE" stylename="" path="C:\Documents and Settings\hadfielj\My Documents\ePublisher Pro Projects\caArray Online Help\Output\WebWorks Help 5.0\caArray Online Help\images\Create &amp; Manage Experiments.5.27.2.html" />
      <Description path="C:\Documents and Settings\hadfielj\My Documents\ePublisher Pro Projects\caArray Online Help\Output\WebWorks Help 5.0\caArray Online Help\images\Create &amp; Manage Experiments.5.27.2.txt" />
    </Frame>
  </Split>
  <Split groupID="5113D514563F1DB" documentID="50515C28C5987DE" id="1168494" position="28" documentstartposition="249" documentendposition="263" title="Managing Experiment Visiblity" path="C:\Documents and Settings\hadfielj\My Documents\ePublisher Pro Projects\caArray Online Help\Output\WebWorks Help 5.0\caArray Online Help\Create &amp; Manage Experiments.5.28.html" stylename="">
    <Frame groupID="5113D514563F1DB" documentID="50515C28C5987DE" id="1167301" stylename="Default" position="1" title="" path="C:\Documents and Settings\hadfielj\My Documents\ePublisher Pro Projects\caArray Online Help\Output\WebWorks Help 5.0\caArray Online Help\images\Create &amp; Manage Experiments.5.28.1.jpg">
      <Thumbnail path="C:\Documents and Settings\hadfielj\My Documents\ePublisher Pro Projects\caArray Online Help\Output\WebWorks Help 5.0\caArray Online Help\images\Create &amp; Manage Experiments.5.28.1_thumb.jpg" />
      <Wrapper groupID="5113D514563F1DB" documentID="50515C28C5987DE" stylename="" path="C:\Documents and Settings\hadfielj\My Documents\ePublisher Pro Projects\caArray Online Help\Output\WebWorks Help 5.0\caArray Online Help\images\Create &amp; Manage Experiments.5.28.1.html" />
      <Description path="C:\Documents and Settings\hadfielj\My Documents\ePublisher Pro Projects\caArray Online Help\Output\WebWorks Help 5.0\caArray Online Help\images\Create &amp; Manage Experiments.5.28.1.txt" />
    </Frame>
  </Split>
  <Split groupID="5113D514563F1DB" documentID="A22F364D829BAAA" id="1136155" position="1" documentstartposition="3" documentendposition="13" title="Submitting Data to an Experiment" path="C:\Documents and Settings\hadfielj\My Documents\ePublisher Pro Projects\caArray Online Help\Output\WebWorks Help 5.0\caArray Online Help\Submitting Data to Exp.6.1.html" stylename="" />
  <Split groupID="5113D514563F1DB" documentID="A22F364D829BAAA" id="1139588" position="2" documentstartposition="14" documentendposition="22" title="Managing Data" path="C:\Documents and Settings\hadfielj\My Documents\ePublisher Pro Projects\caArray Online Help\Output\WebWorks Help 5.0\caArray Online Help\Submitting Data to Exp.6.2.html" stylename="" />
  <Split groupID="5113D514563F1DB" documentID="A22F364D829BAAA" id="1139724" position="3" documentstartposition="23" documentendposition="38" title="Uploading Data Files" path="C:\Documents and Settings\hadfielj\My Documents\ePublisher Pro Projects\caArray Online Help\Output\WebWorks Help 5.0\caArray Online Help\Submitting Data to Exp.6.3.html" stylename="">
    <Frame groupID="5113D514563F1DB" documentID="A22F364D829BAAA" id="1141757" stylename="Default" position="1" title="" path="C:\Documents and Settings\hadfielj\My Documents\ePublisher Pro Projects\caArray Online Help\Output\WebWorks Help 5.0\caArray Online Help\images\Submitting Data to Exp.6.3.1.jpg">
      <Thumbnail path="C:\Documents and Settings\hadfielj\My Documents\ePublisher Pro Projects\caArray Online Help\Output\WebWorks Help 5.0\caArray Online Help\images\Submitting Data to Exp.6.3.1_thumb.jpg" />
      <Wrapper groupID="5113D514563F1DB" documentID="A22F364D829BAAA" stylename="" path="C:\Documents and Settings\hadfielj\My Documents\ePublisher Pro Projects\caArray Online Help\Output\WebWorks Help 5.0\caArray Online Help\images\Submitting Data to Exp.6.3.1.html" />
      <Description path="C:\Documents and Settings\hadfielj\My Documents\ePublisher Pro Projects\caArray Online Help\Output\WebWorks Help 5.0\caArray Online Help\images\Submitting Data to Exp.6.3.1.txt" />
    </Frame>
  </Split>
  <Split groupID="5113D514563F1DB" documentID="A22F364D829BAAA" id="1140454" position="4" documentstartposition="39" documentendposition="40" title="Deleting a File" path="C:\Documents and Settings\hadfielj\My Documents\ePublisher Pro Projects\caArray Online Help\Output\WebWorks Help 5.0\caArray Online Help\Submitting Data to Exp.6.4.html" stylename="" />
  <Split groupID="5113D514563F1DB" documentID="A22F364D829BAAA" id="1136551" position="5" documentstartposition="41" documentendposition="65" title="Validating Data Files" path="C:\Documents and Settings\hadfielj\My Documents\ePublisher Pro Projects\caArray Online Help\Output\WebWorks Help 5.0\caArray Online Help\Submitting Data to Exp.6.5.html" stylename="">
    <Frame groupID="5113D514563F1DB" documentID="A22F364D829BAAA" id="1141777" stylename="Default" position="1" title="" path="C:\Documents and Settings\hadfielj\My Documents\ePublisher Pro Projects\caArray Online Help\Output\WebWorks Help 5.0\caArray Online Help\images\Submitting Data to Exp.6.5.1.jpg">
      <Thumbnail path="C:\Documents and Settings\hadfielj\My Documents\ePublisher Pro Projects\caArray Online Help\Output\WebWorks Help 5.0\caArray Online Help\images\Submitting Data to Exp.6.5.1_thumb.jpg" />
      <Wrapper groupID="5113D514563F1DB" documentID="A22F364D829BAAA" stylename="" path="C:\Documents and Settings\hadfielj\My Documents\ePublisher Pro Projects\caArray Online Help\Output\WebWorks Help 5.0\caArray Online Help\images\Submitting Data to Exp.6.5.1.html" />
      <Description path="C:\Documents and Settings\hadfielj\My Documents\ePublisher Pro Projects\caArray Online Help\Output\WebWorks Help 5.0\caArray Online Help\images\Submitting Data to Exp.6.5.1.txt" />
    </Frame>
  </Split>
  <Split groupID="5113D514563F1DB" documentID="A22F364D829BAAA" id="1140660" position="6" documentstartposition="66" documentendposition="75" title="Validation Errors  " path="C:\Documents and Settings\hadfielj\My Documents\ePublisher Pro Projects\caArray Online Help\Output\WebWorks Help 5.0\caArray Online Help\Submitting Data to Exp.6.6.html" stylename="" />
  <Split groupID="5113D514563F1DB" documentID="A22F364D829BAAA" id="1141462" position="7" documentstartposition="76" documentendposition="78" title="Importing Data" path="C:\Documents and Settings\hadfielj\My Documents\ePublisher Pro Projects\caArray Online Help\Output\WebWorks Help 5.0\caArray Online Help\Submitting Data to Exp.6.7.html" stylename="" />
  <Split groupID="5113D514563F1DB" documentID="A22F364D829BAAA" id="1137332" position="8" documentstartposition="79" documentendposition="81" title="Files Types that can be Imported into caArray" path="C:\Documents and Settings\hadfielj\My Documents\ePublisher Pro Projects\caArray Online Help\Output\WebWorks Help 5.0\caArray Online Help\Submitting Data to Exp.6.8.html" stylename="" />
  <Split groupID="5113D514563F1DB" documentID="A22F364D829BAAA" id="1136958" position="9" documentstartposition="82" documentendposition="93" title="Steps for Importing Data" path="C:\Documents and Settings\hadfielj\My Documents\ePublisher Pro Projects\caArray Online Help\Output\WebWorks Help 5.0\caArray Online Help\Submitting Data to Exp.6.9.html" stylename="">
    <Frame groupID="5113D514563F1DB" documentID="A22F364D829BAAA" id="1141787" stylename="Default" position="1" title="" path="C:\Documents and Settings\hadfielj\My Documents\ePublisher Pro Projects\caArray Online Help\Output\WebWorks Help 5.0\caArray Online Help\images\Submitting Data to Exp.6.9.1.jpg">
      <Thumbnail path="C:\Documents and Settings\hadfielj\My Documents\ePublisher Pro Projects\caArray Online Help\Output\WebWorks Help 5.0\caArray Online Help\images\Submitting Data to Exp.6.9.1_thumb.jpg" />
      <Wrapper groupID="5113D514563F1DB" documentID="A22F364D829BAAA" stylename="" path="C:\Documents and Settings\hadfielj\My Documents\ePublisher Pro Projects\caArray Online Help\Output\WebWorks Help 5.0\caArray Online Help\images\Submitting Data to Exp.6.9.1.html" />
      <Description path="C:\Documents and Settings\hadfielj\My Documents\ePublisher Pro Projects\caArray Online Help\Output\WebWorks Help 5.0\caArray Online Help\images\Submitting Data to Exp.6.9.1.txt" />
    </Frame>
  </Split>
  <Split groupID="5113D514563F1DB" documentID="A22F364D829BAAA" id="1140744" position="10" documentstartposition="94" documentendposition="105" title="Supplemental Files" path="C:\Documents and Settings\hadfielj\My Documents\ePublisher Pro Projects\caArray Online Help\Output\WebWorks Help 5.0\caArray Online Help\Submitting Data to Exp.6.10.html" stylename="" />
  <Split groupID="5113D514563F1DB" documentID="A22F364D829BAAA" id="1109608" position="11" documentstartposition="106" documentendposition="107" title="Downloading Files" path="C:\Documents and Settings\hadfielj\My Documents\ePublisher Pro Projects\caArray Online Help\Output\WebWorks Help 5.0\caArray Online Help\Submitting Data to Exp.6.11.html" stylename="" />
  <Split groupID="5113D514563F1DB" documentID="18FB95FED82A45B" id="1052621" position="1" documentstartposition="3" documentendposition="7" title="Extracting Data from caArray " path="C:\Documents and Settings\hadfielj\My Documents\ePublisher Pro Projects\caArray Online Help\Output\WebWorks Help 5.0\caArray Online Help\Extracting data.7.1.html" stylename="" />
  <Split groupID="5113D514563F1DB" documentID="18FB95FED82A45B" id="1134560" position="2" documentstartposition="8" documentendposition="27" title="Downloading Data from caArray" path="C:\Documents and Settings\hadfielj\My Documents\ePublisher Pro Projects\caArray Online Help\Output\WebWorks Help 5.0\caArray Online Help\Extracting data.7.2.html" stylename="">
    <Frame groupID="5113D514563F1DB" documentID="18FB95FED82A45B" id="1134854" stylename="Default" position="1" title="" path="C:\Documents and Settings\hadfielj\My Documents\ePublisher Pro Projects\caArray Online Help\Output\WebWorks Help 5.0\caArray Online Help\images\Extracting data.7.2.1.jpg">
      <Thumbnail path="C:\Documents and Settings\hadfielj\My Documents\ePublisher Pro Projects\caArray Online Help\Output\WebWorks Help 5.0\caArray Online Help\images\Extracting data.7.2.1_thumb.jpg" />
      <Wrapper groupID="5113D514563F1DB" documentID="18FB95FED82A45B" stylename="" path="C:\Documents and Settings\hadfielj\My Documents\ePublisher Pro Projects\caArray Online Help\Output\WebWorks Help 5.0\caArray Online Help\images\Extracting data.7.2.1.html" />
      <Description path="C:\Documents and Settings\hadfielj\My Documents\ePublisher Pro Projects\caArray Online Help\Output\WebWorks Help 5.0\caArray Online Help\images\Extracting data.7.2.1.txt" />
    </Frame>
    <Frame groupID="5113D514563F1DB" documentID="18FB95FED82A45B" id="1134306" stylename="Default" position="2" title="" path="C:\Documents and Settings\hadfielj\My Documents\ePublisher Pro Projects\caArray Online Help\Output\WebWorks Help 5.0\caArray Online Help\images\Extracting data.7.2.2.jpg">
      <Thumbnail path="C:\Documents and Settings\hadfielj\My Documents\ePublisher Pro Projects\caArray Online Help\Output\WebWorks Help 5.0\caArray Online Help\images\Extracting data.7.2.2_thumb.jpg" />
      <Wrapper groupID="5113D514563F1DB" documentID="18FB95FED82A45B" stylename="" path="C:\Documents and Settings\hadfielj\My Documents\ePublisher Pro Projects\caArray Online Help\Output\WebWorks Help 5.0\caArray Online Help\images\Extracting data.7.2.2.html" />
      <Description path="C:\Documents and Settings\hadfielj\My Documents\ePublisher Pro Projects\caArray Online Help\Output\WebWorks Help 5.0\caArray Online Help\images\Extracting data.7.2.2.txt" />
    </Frame>
  </Split>
  <Split groupID="5113D514563F1DB" documentID="18FB95FED82A45B" id="1134571" position="3" documentstartposition="28" documentendposition="30" title="Grid availability" path="C:\Documents and Settings\hadfielj\My Documents\ePublisher Pro Projects\caArray Online Help\Output\WebWorks Help 5.0\caArray Online Help\Extracting data.7.3.html" stylename="" />
  <Split groupID="5113D514563F1DB" documentID="18FB95FED82A45B" id="1132707" position="4" documentstartposition="31" documentendposition="38" title="Extracting Data Programmatically by API" path="C:\Documents and Settings\hadfielj\My Documents\ePublisher Pro Projects\caArray Online Help\Output\WebWorks Help 5.0\caArray Online Help\Extracting data.7.4.html" stylename="" />
  <Split groupID="5113D514563F1DB" documentID="FA166F664264B21A" id="1071413" position="1" documentstartposition="3" documentendposition="9" title="User Account Management" path="C:\Documents and Settings\hadfielj\My Documents\ePublisher Pro Projects\caArray Online Help\Output\WebWorks Help 5.0\caArray Online Help\User Account Mgt.8.1.html" stylename="" />
  <Split groupID="5113D514563F1DB" documentID="FA166F664264B21A" id="1139283" position="2" documentstartposition="10" documentendposition="14" title="Roles in caArray" path="C:\Documents and Settings\hadfielj\My Documents\ePublisher Pro Projects\caArray Online Help\Output\WebWorks Help 5.0\caArray Online Help\User Account Mgt.8.2.html" stylename="" />
  <Split groupID="5113D514563F1DB" documentID="FA166F664264B21A" id="1125475" position="3" documentstartposition="15" documentendposition="17" title="Managing User Accounts" path="C:\Documents and Settings\hadfielj\My Documents\ePublisher Pro Projects\caArray Online Help\Output\WebWorks Help 5.0\caArray Online Help\User Account Mgt.8.3.html" stylename="" />
  <Split groupID="5113D514563F1DB" documentID="FA166F664264B21A" id="1134347" position="4" documentstartposition="18" documentendposition="24" title="Managing Collaboration Groups" path="C:\Documents and Settings\hadfielj\My Documents\ePublisher Pro Projects\caArray Online Help\Output\WebWorks Help 5.0\caArray Online Help\User Account Mgt.8.4.html" stylename="" />
  <Split groupID="5113D514563F1DB" documentID="FA166F664264B21A" id="1139979" position="5" documentstartposition="25" documentendposition="40" title="Creating a Group" path="C:\Documents and Settings\hadfielj\My Documents\ePublisher Pro Projects\caArray Online Help\Output\WebWorks Help 5.0\caArray Online Help\User Account Mgt.8.5.html" stylename="">
    <Frame groupID="5113D514563F1DB" documentID="FA166F664264B21A" id="1139990" stylename="Default" position="1" title="" path="C:\Documents and Settings\hadfielj\My Documents\ePublisher Pro Projects\caArray Online Help\Output\WebWorks Help 5.0\caArray Online Help\images\User Account Mgt.8.5.1.jpg">
      <Thumbnail path="C:\Documents and Settings\hadfielj\My Documents\ePublisher Pro Projects\caArray Online Help\Output\WebWorks Help 5.0\caArray Online Help\images\User Account Mgt.8.5.1_thumb.jpg" />
      <Wrapper groupID="5113D514563F1DB" documentID="FA166F664264B21A" stylename="" path="C:\Documents and Settings\hadfielj\My Documents\ePublisher Pro Projects\caArray Online Help\Output\WebWorks Help 5.0\caArray Online Help\images\User Account Mgt.8.5.1.html" />
      <Description path="C:\Documents and Settings\hadfielj\My Documents\ePublisher Pro Projects\caArray Online Help\Output\WebWorks Help 5.0\caArray Online Help\images\User Account Mgt.8.5.1.txt" />
    </Frame>
    <Frame groupID="5113D514563F1DB" documentID="FA166F664264B21A" id="1141641" stylename="Default" position="2" title="" path="C:\Documents and Settings\hadfielj\My Documents\ePublisher Pro Projects\caArray Online Help\Output\WebWorks Help 5.0\caArray Online Help\images\User Account Mgt.8.5.2.jpg">
      <Thumbnail path="C:\Documents and Settings\hadfielj\My Documents\ePublisher Pro Projects\caArray Online Help\Output\WebWorks Help 5.0\caArray Online Help\images\User Account Mgt.8.5.2_thumb.jpg" />
      <Wrapper groupID="5113D514563F1DB" documentID="FA166F664264B21A" stylename="" path="C:\Documents and Settings\hadfielj\My Documents\ePublisher Pro Projects\caArray Online Help\Output\WebWorks Help 5.0\caArray Online Help\images\User Account Mgt.8.5.2.html" />
      <Description path="C:\Documents and Settings\hadfielj\My Documents\ePublisher Pro Projects\caArray Online Help\Output\WebWorks Help 5.0\caArray Online Help\images\User Account Mgt.8.5.2.txt" />
    </Frame>
  </Split>
  <Split groupID="5113D514563F1DB" documentID="FA166F664264B21A" id="1077437" position="6" documentstartposition="41" documentendposition="48" title="Viewing Group Details" path="C:\Documents and Settings\hadfielj\My Documents\ePublisher Pro Projects\caArray Online Help\Output\WebWorks Help 5.0\caArray Online Help\User Account Mgt.8.6.html" stylename="">
    <Frame groupID="5113D514563F1DB" documentID="FA166F664264B21A" id="1135069" stylename="Default" position="1" title="" path="C:\Documents and Settings\hadfielj\My Documents\ePublisher Pro Projects\caArray Online Help\Output\WebWorks Help 5.0\caArray Online Help\images\User Account Mgt.8.6.1.jpg">
      <Thumbnail path="C:\Documents and Settings\hadfielj\My Documents\ePublisher Pro Projects\caArray Online Help\Output\WebWorks Help 5.0\caArray Online Help\images\User Account Mgt.8.6.1_thumb.jpg" />
      <Wrapper groupID="5113D514563F1DB" documentID="FA166F664264B21A" stylename="" path="C:\Documents and Settings\hadfielj\My Documents\ePublisher Pro Projects\caArray Online Help\Output\WebWorks Help 5.0\caArray Online Help\images\User Account Mgt.8.6.1.html" />
      <Description path="C:\Documents and Settings\hadfielj\My Documents\ePublisher Pro Projects\caArray Online Help\Output\WebWorks Help 5.0\caArray Online Help\images\User Account Mgt.8.6.1.txt" />
    </Frame>
  </Split>
  <Split groupID="5113D514563F1DB" documentID="FA166F664264B21A" id="1087125" position="7" documentstartposition="49" documentendposition="64" title="Editing Collaboration Group Details" path="C:\Documents and Settings\hadfielj\My Documents\ePublisher Pro Projects\caArray Online Help\Output\WebWorks Help 5.0\caArray Online Help\User Account Mgt.8.7.html" stylename="">
    <Frame groupID="5113D514563F1DB" documentID="FA166F664264B21A" id="1135082" stylename="Default" position="1" title="" path="C:\Documents and Settings\hadfielj\My Documents\ePublisher Pro Projects\caArray Online Help\Output\WebWorks Help 5.0\caArray Online Help\images\User Account Mgt.8.7.1.jpg">
      <Thumbnail path="C:\Documents and Settings\hadfielj\My Documents\ePublisher Pro Projects\caArray Online Help\Output\WebWorks Help 5.0\caArray Online Help\images\User Account Mgt.8.7.1_thumb.jpg" />
      <Wrapper groupID="5113D514563F1DB" documentID="FA166F664264B21A" stylename="" path="C:\Documents and Settings\hadfielj\My Documents\ePublisher Pro Projects\caArray Online Help\Output\WebWorks Help 5.0\caArray Online Help\images\User Account Mgt.8.7.1.html" />
      <Description path="C:\Documents and Settings\hadfielj\My Documents\ePublisher Pro Projects\caArray Online Help\Output\WebWorks Help 5.0\caArray Online Help\images\User Account Mgt.8.7.1.txt" />
    </Frame>
    <Frame groupID="5113D514563F1DB" documentID="FA166F664264B21A" id="1136444" stylename="Default" position="2" title="" path="C:\Documents and Settings\hadfielj\My Documents\ePublisher Pro Projects\caArray Online Help\Output\WebWorks Help 5.0\caArray Online Help\images\User Account Mgt.8.7.2.jpg">
      <Thumbnail path="C:\Documents and Settings\hadfielj\My Documents\ePublisher Pro Projects\caArray Online Help\Output\WebWorks Help 5.0\caArray Online Help\images\User Account Mgt.8.7.2_thumb.jpg" />
      <Wrapper groupID="5113D514563F1DB" documentID="FA166F664264B21A" stylename="" path="C:\Documents and Settings\hadfielj\My Documents\ePublisher Pro Projects\caArray Online Help\Output\WebWorks Help 5.0\caArray Online Help\images\User Account Mgt.8.7.2.html" />
      <Description path="C:\Documents and Settings\hadfielj\My Documents\ePublisher Pro Projects\caArray Online Help\Output\WebWorks Help 5.0\caArray Online Help\images\User Account Mgt.8.7.2.txt" />
    </Frame>
    <Frame groupID="5113D514563F1DB" documentID="FA166F664264B21A" id="1136513" stylename="Default" position="3" title="" path="C:\Documents and Settings\hadfielj\My Documents\ePublisher Pro Projects\caArray Online Help\Output\WebWorks Help 5.0\caArray Online Help\images\User Account Mgt.8.7.3.jpg">
      <Thumbnail path="C:\Documents and Settings\hadfielj\My Documents\ePublisher Pro Projects\caArray Online Help\Output\WebWorks Help 5.0\caArray Online Help\images\User Account Mgt.8.7.3_thumb.jpg" />
      <Wrapper groupID="5113D514563F1DB" documentID="FA166F664264B21A" stylename="" path="C:\Documents and Settings\hadfielj\My Documents\ePublisher Pro Projects\caArray Online Help\Output\WebWorks Help 5.0\caArray Online Help\images\User Account Mgt.8.7.3.html" />
      <Description path="C:\Documents and Settings\hadfielj\My Documents\ePublisher Pro Projects\caArray Online Help\Output\WebWorks Help 5.0\caArray Online Help\images\User Account Mgt.8.7.3.txt" />
    </Frame>
  </Split>
  <Split groupID="5113D514563F1DB" documentID="EB2366643B327151" id="1056643" position="1" documentstartposition="3" documentendposition="9" title="caArray References" path="C:\Documents and Settings\hadfielj\My Documents\ePublisher Pro Projects\caArray Online Help\Output\WebWorks Help 5.0\caArray Online Help\appdix references.9.1.html" stylename="" />
  <Split groupID="5113D514563F1DB" documentID="66B5891928C3257" id="1057198" position="1" documentstartposition="2" documentendposition="5" title="caArray Glossary" path="C:\Documents and Settings\hadfielj\My Documents\ePublisher Pro Projects\caArray Online Help\Output\WebWorks Help 5.0\caArray Online Help\appdix glossary.10.1.html" stylename="" />
  <Split groupID="5113D514563F1DB" documentID="32E469734549492" id="1069426" position="1" documentstartposition="1" documentendposition="4" title="NCICB Application Support" path="C:\Documents and Settings\hadfielj\My Documents\ePublisher Pro Projects\caArray Online Help\Output\WebWorks Help 5.0\caArray Online Help\Application Support.11.1.html" stylename="" />
</Splits>