<?xml version="1.0" encoding="utf-8"?>
<TableOfContents version="1.0" xmlns="urn:WebWorks-Engine-TOC-Schema">
 <Entry id="1052621" documentID="664982D1F764D57B" level="1" documentposition="1">
 </Entry>
 <Entry id="1052621" documentID="B1EA97CFCB2C36E6" level="1" documentposition="3">
  <Entry id="1064573" documentID="B1EA97CFCB2C36E6" level="2" documentposition="8">
  </Entry>
  <Entry id="1086789" documentID="B1EA97CFCB2C36E6" level="2" documentposition="18">
  </Entry>
 </Entry>
 <Entry id="1052621" documentID="87DC185FF854A24" level="1" documentposition="3">
  <Entry id="1070162" documentID="87DC185FF854A24" level="2" documentposition="10">
   <Entry id="1124686" documentID="87DC185FF854A24" level="3" documentposition="19">
    <Entry id="1139913" documentID="87DC185FF854A24" level="4" documentposition="21">
    </Entry>
    <Entry id="1139937" documentID="87DC185FF854A24" level="4" documentposition="31">
    </Entry>
   </Entry>
   <Entry id="1140027" documentID="87DC185FF854A24" level="3" documentposition="35">
   </Entry>
  </Entry>
  <Entry id="1125266" documentID="87DC185FF854A24" level="2" documentposition="44">
  </Entry>
  <Entry id="1082564" documentID="87DC185FF854A24" level="2" documentposition="75">
  </Entry>
  <Entry id="1124246" documentID="87DC185FF854A24" level="2" documentposition="88">
   <Entry id="1134559" documentID="87DC185FF854A24" level="3" documentposition="94">
   </Entry>
   <Entry id="1132646" documentID="87DC185FF854A24" level="3" documentposition="98">
   </Entry>
   <Entry id="1140686" documentID="87DC185FF854A24" level="3" documentposition="123">
   </Entry>
   <Entry id="1134471" documentID="87DC185FF854A24" level="3" documentposition="130">
   </Entry>
  </Entry>
 </Entry>
 <Entry id="1052621" documentID="856550B675AF93" level="1" documentposition="3">
  <Entry id="1136037" documentID="856550B675AF93" level="2" documentposition="8">
  </Entry>
  <Entry id="1133644" documentID="856550B675AF93" level="2" documentposition="24">
   <Entry id="1138789" documentID="856550B675AF93" level="3" documentposition="35">
   </Entry>
  </Entry>
 </Entry>
 <Entry id="1052621" documentID="50515C28C5987DE" level="1" documentposition="3">
  <Entry id="1143839" documentID="50515C28C5987DE" level="2" documentposition="10">
  </Entry>
  <Entry id="1132394" documentID="50515C28C5987DE" level="2" documentposition="23">
   <Entry id="1175641" documentID="50515C28C5987DE" level="3" documentposition="30">
   </Entry>
   <Entry id="1137798" documentID="50515C28C5987DE" level="3" documentposition="37">
   </Entry>
   <Entry id="1138656" documentID="50515C28C5987DE" level="3" documentposition="46">
   </Entry>
   <Entry id="1138988" documentID="50515C28C5987DE" level="3" documentposition="53">
    <Entry id="1139294" documentID="50515C28C5987DE" level="4" documentposition="62">
    </Entry>
    <Entry id="1139575" documentID="50515C28C5987DE" level="4" documentposition="68">
    </Entry>
    <Entry id="1140893" documentID="50515C28C5987DE" level="4" documentposition="77">
     <Entry id="1150942" documentID="50515C28C5987DE" level="5" documentposition="91">
     </Entry>
     <Entry id="1156142" documentID="50515C28C5987DE" level="5" documentposition="97">
     </Entry>
     <Entry id="1151038" documentID="50515C28C5987DE" level="5" documentposition="103">
     </Entry>
     <Entry id="1151107" documentID="50515C28C5987DE" level="5" documentposition="109">
     </Entry>
    </Entry>
    <Entry id="1157154" documentID="50515C28C5987DE" level="4" documentposition="116">
    </Entry>
   </Entry>
   <Entry id="1162990" documentID="50515C28C5987DE" level="3" documentposition="129">
    <Entry id="1168814" documentID="50515C28C5987DE" level="4" documentposition="142">
    </Entry>
    <Entry id="1141491" documentID="50515C28C5987DE" level="4" documentposition="155">
    </Entry>
    <Entry id="1151841" documentID="50515C28C5987DE" level="4" documentposition="168">
    </Entry>
    <Entry id="1141559" documentID="50515C28C5987DE" level="4" documentposition="181">
    </Entry>
   </Entry>
   <Entry id="1141807" documentID="50515C28C5987DE" level="3" documentposition="194">
   </Entry>
   <Entry id="1152285" documentID="50515C28C5987DE" level="3" documentposition="199">
   </Entry>
   <Entry id="1158275" documentID="50515C28C5987DE" level="3" documentposition="209">
   </Entry>
  </Entry>
  <Entry id="1167599" documentID="50515C28C5987DE" level="2" documentposition="213">
   <Entry id="1158637" documentID="50515C28C5987DE" level="3" documentposition="218">
   </Entry>
   <Entry id="1168225" documentID="50515C28C5987DE" level="3" documentposition="228">
   </Entry>
   <Entry id="1167620" documentID="50515C28C5987DE" level="3" documentposition="238">
   </Entry>
  </Entry>
  <Entry id="1168494" documentID="50515C28C5987DE" level="2" documentposition="249">
  </Entry>
 </Entry>
 <Entry id="1136155" documentID="A22F364D829BAAA" level="1" documentposition="3">
  <Entry id="1139588" documentID="A22F364D829BAAA" level="2" documentposition="14">
   <Entry id="1139724" documentID="A22F364D829BAAA" level="3" documentposition="23">
    <Entry id="1140454" documentID="A22F364D829BAAA" level="4" documentposition="39">
    </Entry>
   </Entry>
   <Entry id="1136551" documentID="A22F364D829BAAA" level="3" documentposition="41">
    <Entry id="1140660" documentID="A22F364D829BAAA" level="4" documentposition="66">
    </Entry>
   </Entry>
   <Entry id="1141462" documentID="A22F364D829BAAA" level="3" documentposition="76">
    <Entry id="1137332" documentID="A22F364D829BAAA" level="4" documentposition="79">
    </Entry>
    <Entry id="1136958" documentID="A22F364D829BAAA" level="4" documentposition="82">
    </Entry>
   </Entry>
   <Entry id="1140744" documentID="A22F364D829BAAA" level="3" documentposition="94">
   </Entry>
  </Entry>
  <Entry id="1109608" documentID="A22F364D829BAAA" level="2" documentposition="106">
  </Entry>
 </Entry>
 <Entry id="1052621" documentID="18FB95FED82A45B" level="1" documentposition="3">
  <Entry id="1134560" documentID="18FB95FED82A45B" level="2" documentposition="8">
   <Entry id="1134571" documentID="18FB95FED82A45B" level="3" documentposition="28">
   </Entry>
  </Entry>
  <Entry id="1132707" documentID="18FB95FED82A45B" level="2" documentposition="31">
  </Entry>
 </Entry>
 <Entry id="1071413" documentID="FA166F664264B21A" level="1" documentposition="3">
  <Entry id="1139283" documentID="FA166F664264B21A" level="2" documentposition="10">
  </Entry>
  <Entry id="1125475" documentID="FA166F664264B21A" level="2" documentposition="15">
  </Entry>
  <Entry id="1134347" documentID="FA166F664264B21A" level="2" documentposition="18">
   <Entry id="1139979" documentID="FA166F664264B21A" level="3" documentposition="25">
   </Entry>
   <Entry id="1077437" documentID="FA166F664264B21A" level="3" documentposition="41">
   </Entry>
   <Entry id="1087125" documentID="FA166F664264B21A" level="3" documentposition="49">
   </Entry>
  </Entry>
 </Entry>
 <Entry id="1056643" documentID="EB2366643B327151" level="1" documentposition="3">
 </Entry>
 <Entry id="1057198" documentID="66B5891928C3257" level="1" documentposition="2">
 </Entry>
 <Entry id="1069426" documentID="32E469734549492" level="1" documentposition="1">
 </Entry>
</TableOfContents>