<?xml version="1.0" encoding="utf-8"?>
<Behaviors version="1.0" xmlns="urn:WebWorks-Behaviors-Schema">
  <Paragraph id="1052621" documentposition="3" splitpriority="1" dropdown="continue" popup="none" popup-page-rule="" />
  <Paragraph id="1134590" documentposition="4" splitpriority="none" dropdown="continue" popup="none" popup-page-rule="" />
  <Paragraph id="1134588" documentposition="5" splitpriority="none" dropdown="continue" popup="none" popup-page-rule="" />
  <Paragraph id="1134598" documentposition="6" splitpriority="none" dropdown="continue" popup="none" popup-page-rule="" />
  <Paragraph id="1134606" documentposition="7" splitpriority="none" dropdown="continue" popup="none" popup-page-rule="" />
  <Paragraph id="1134560" documentposition="8" splitpriority="2" dropdown="continue" popup="none" popup-page-rule="" />
  <Paragraph id="1132728" documentposition="9" splitpriority="none" dropdown="continue" popup="none" popup-page-rule="" />
  <Paragraph id="1134842" documentposition="10" splitpriority="none" dropdown="continue" popup="none" popup-page-rule="" />
  <Paragraph id="1134845" documentposition="11" splitpriority="none" dropdown="continue" popup="none" popup-page-rule="" />
  <Paragraph id="1134276" documentposition="12" splitpriority="none" dropdown="continue" popup="none" popup-page-rule="" />
  <Paragraph id="1135083" documentposition="13" splitpriority="none" dropdown="continue" popup="none" popup-page-rule="" />
  <Paragraph id="1135206" documentposition="14" splitpriority="none" dropdown="continue" popup="none" popup-page-rule="" />
  <Paragraph id="1135968" documentposition="16" splitpriority="none" dropdown="continue" popup="none" popup-page-rule="">
    <Frame id="1135094" />
  </Paragraph>
  <Paragraph id="1136300" documentposition="17" splitpriority="none" dropdown="continue" popup="none" popup-page-rule="" />
  <Paragraph id="1135357" documentposition="18" splitpriority="none" dropdown="continue" popup="none" popup-page-rule="">
    <Frame id="1135355" />
  </Paragraph>
  <Paragraph id="1135146" documentposition="19" splitpriority="none" dropdown="continue" popup="none" popup-page-rule="" />
  <Paragraph id="1135168" documentposition="20" splitpriority="none" dropdown="continue" popup="none" popup-page-rule="" />
  <Paragraph id="1135166" documentposition="21" splitpriority="none" dropdown="continue" popup="none" popup-page-rule="" />
  <Paragraph id="1132862" documentposition="22" splitpriority="none" dropdown="continue" popup="none" popup-page-rule="" />
  <Paragraph id="1134375" documentposition="23" splitpriority="none" dropdown="continue" popup="none" popup-page-rule="" />
  <Paragraph id="1136524" documentposition="24" splitpriority="none" relatedtopic="define-no-output" dropdown="continue" popup="none" popup-page-rule="" />
  <Paragraph id="1136528" documentposition="25" splitpriority="none" relatedtopic="define-no-output" dropdown="continue" popup="none" popup-page-rule="" />
  <Paragraph id="1134571" documentposition="26" splitpriority="3" dropdown="continue" popup="none" popup-page-rule="" />
  <Paragraph id="1134572" documentposition="27" splitpriority="none" dropdown="continue" popup="none" popup-page-rule="" />
  <Paragraph id="1135457" documentposition="28" splitpriority="none" dropdown="continue" popup="none" popup-page-rule="" />
  <Paragraph id="1136536" documentposition="29" splitpriority="none" relatedtopic="define-no-output" dropdown="continue" popup="none" popup-page-rule="" />
  <Paragraph id="1136540" documentposition="30" splitpriority="none" relatedtopic="define-no-output" dropdown="continue" popup="none" popup-page-rule="" />
  <Paragraph id="1132707" documentposition="31" splitpriority="2" dropdown="continue" popup="none" popup-page-rule="" />
  <Paragraph id="1132676" documentposition="32" splitpriority="none" dropdown="continue" popup="none" popup-page-rule="" />
  <Paragraph id="1134448" documentposition="33" splitpriority="none" dropdown="continue" popup="none" popup-page-rule="" />
  <Paragraph id="1134449" documentposition="34" splitpriority="none" dropdown="continue" popup="none" popup-page-rule="" />
  <Paragraph id="1134450" documentposition="35" splitpriority="none" dropdown="continue" popup="none" popup-page-rule="" />
  <Paragraph id="1134446" documentposition="36" splitpriority="none" dropdown="continue" popup="none" popup-page-rule="" />
  <Paragraph id="1134457" documentposition="37" splitpriority="none" dropdown="continue" popup="none" popup-page-rule="" />
  <Paragraph id="1136548" documentposition="38" splitpriority="none" relatedtopic="define-no-output" dropdown="continue" popup="none" popup-page-rule="" />
  <Paragraph id="1136552" documentposition="39" splitpriority="none" relatedtopic="define-no-output" dropdown="continue" popup="none" popup-page-rule="" />
  <Paragraph id="1109608" documentposition="40" splitpriority="none" dropdown="continue" popup="none" popup-page-rule="" />
</Behaviors>