<?xml version="1.0" encoding="utf-8"?>
<Index version="1.0" xmlns="urn:WebWorks-Index-Schema">
  <Entry name="Experiments, overview" sort="Experiments, overview" sectionposition="2">
    <Content xmlns="urn:WebWorks-Document-Schema">
      <TextRun>
        <Text value="Experiments, overview" />
      </TextRun>
    </Content>
    <Link href="C:\Documents and Settings\hadfielj\My Documents\ePublisher Pro Projects\caArray Online Help\Output\WebWorks Help 5.0\caArray Online Help\Create &amp; Manage Experiments.5.2.html" anchor="1148910" fileposition="23" first="false" />
  </Entry>
  <Entry name="Experiment" sort="Experiment" sectionposition="2">
    <Content xmlns="urn:WebWorks-Document-Schema">
      <TextRun>
        <Text value="Experiment" />
      </TextRun>
    </Content>
    <Entry name="creating" sort="creating">
      <Content xmlns="urn:WebWorks-Document-Schema">
        <TextRun>
          <Text value="creating" />
        </TextRun>
      </Content>
      <Link href="C:\Documents and Settings\hadfielj\My Documents\ePublisher Pro Projects\caArray Online Help\Output\WebWorks Help 5.0\caArray Online Help\Create &amp; Manage Experiments.5.4.html" anchor="1136437" fileposition="25" first="false" />
    </Entry>
  </Entry>
  <Entry name="creating" sort="creating" sectionposition="2">
    <Content xmlns="urn:WebWorks-Document-Schema">
      <TextRun>
        <Text value="creating" />
      </TextRun>
    </Content>
    <Entry name="Experiment" sort="Experiment">
      <Content xmlns="urn:WebWorks-Document-Schema">
        <TextRun>
          <Text value="Experiment" />
        </TextRun>
      </Content>
      <Link href="C:\Documents and Settings\hadfielj\My Documents\ePublisher Pro Projects\caArray Online Help\Output\WebWorks Help 5.0\caArray Online Help\Create &amp; Manage Experiments.5.4.html" anchor="1136437" fileposition="25" first="false" />
    </Entry>
  </Entry>
  <Entry name="Experiment" sort="Experiment" sectionposition="2">
    <Content xmlns="urn:WebWorks-Document-Schema">
      <TextRun>
        <Text value="Experiment" />
      </TextRun>
    </Content>
    <Entry name="overview tab" sort="overview tab">
      <Content xmlns="urn:WebWorks-Document-Schema">
        <TextRun>
          <Text value="overview tab" />
        </TextRun>
      </Content>
      <Link href="C:\Documents and Settings\hadfielj\My Documents\ePublisher Pro Projects\caArray Online Help\Output\WebWorks Help 5.0\caArray Online Help\Create &amp; Manage Experiments.5.5.html" anchor="1149732" fileposition="26" first="false" />
    </Entry>
  </Entry>
  <Entry name="Overview tab" sort="Overview tab" sectionposition="2">
    <Content xmlns="urn:WebWorks-Document-Schema">
      <TextRun>
        <Text value="Overview tab" />
      </TextRun>
    </Content>
    <Link href="C:\Documents and Settings\hadfielj\My Documents\ePublisher Pro Projects\caArray Online Help\Output\WebWorks Help 5.0\caArray Online Help\Create &amp; Manage Experiments.5.5.html" anchor="1149732" fileposition="26" first="false" />
  </Entry>
  <Entry name="Contact tab" sort="Contact tab" sectionposition="2">
    <Content xmlns="urn:WebWorks-Document-Schema">
      <TextRun>
        <Text value="Contact tab" />
      </TextRun>
    </Content>
    <Link href="C:\Documents and Settings\hadfielj\My Documents\ePublisher Pro Projects\caArray Online Help\Output\WebWorks Help 5.0\caArray Online Help\Create &amp; Manage Experiments.5.6.html" anchor="1138709" fileposition="27" first="false" />
  </Entry>
  <Entry name="Experiment" sort="Experiment" sectionposition="2">
    <Content xmlns="urn:WebWorks-Document-Schema">
      <TextRun>
        <Text value="Experiment" />
      </TextRun>
    </Content>
    <Entry name="Contact tab" sort="Contact tab">
      <Content xmlns="urn:WebWorks-Document-Schema">
        <TextRun>
          <Text value="Contact tab" />
        </TextRun>
      </Content>
      <Link href="C:\Documents and Settings\hadfielj\My Documents\ePublisher Pro Projects\caArray Online Help\Output\WebWorks Help 5.0\caArray Online Help\Create &amp; Manage Experiments.5.6.html" anchor="1138709" fileposition="27" first="false" />
    </Entry>
  </Entry>
  <Entry name="Annotations tab" sort="Annotations tab" sectionposition="2">
    <Content xmlns="urn:WebWorks-Document-Schema">
      <TextRun>
        <Text value="Annotations tab" />
      </TextRun>
    </Content>
    <Link href="C:\Documents and Settings\hadfielj\My Documents\ePublisher Pro Projects\caArray Online Help\Output\WebWorks Help 5.0\caArray Online Help\Create &amp; Manage Experiments.5.7.html" anchor="1138994" fileposition="28" first="false" />
  </Entry>
  <Entry name="Experiment" sort="Experiment" sectionposition="2">
    <Content xmlns="urn:WebWorks-Document-Schema">
      <TextRun>
        <Text value="Experiment" />
      </TextRun>
    </Content>
    <Entry name="Annotation tab" sort="Annotation tab">
      <Content xmlns="urn:WebWorks-Document-Schema">
        <TextRun>
          <Text value="Annotation tab" />
        </TextRun>
      </Content>
      <Link href="C:\Documents and Settings\hadfielj\My Documents\ePublisher Pro Projects\caArray Online Help\Output\WebWorks Help 5.0\caArray Online Help\Create &amp; Manage Experiments.5.7.html" anchor="1138994" fileposition="28" first="false" />
    </Entry>
  </Entry>
  <Entry name="Experimental Factors tab" sort="Experimental Factors tab" sectionposition="2">
    <Content xmlns="urn:WebWorks-Document-Schema">
      <TextRun>
        <Text value="Experimental Factors tab" />
      </TextRun>
    </Content>
    <Link href="C:\Documents and Settings\hadfielj\My Documents\ePublisher Pro Projects\caArray Online Help\Output\WebWorks Help 5.0\caArray Online Help\Create &amp; Manage Experiments.5.9.html" anchor="1132408" fileposition="30" first="false" />
  </Entry>
  <Entry name="biological source materials" sort="biological source materials" sectionposition="2">
    <Content xmlns="urn:WebWorks-Document-Schema">
      <TextRun>
        <Text value="biological source materials" />
      </TextRun>
    </Content>
    <Entry name="description" sort="description">
      <Content xmlns="urn:WebWorks-Document-Schema">
        <TextRun>
          <Text value="description" />
        </TextRun>
      </Content>
      <Link href="C:\Documents and Settings\hadfielj\My Documents\ePublisher Pro Projects\caArray Online Help\Output\WebWorks Help 5.0\caArray Online Help\Create &amp; Manage Experiments.5.10.html" anchor="1151323" fileposition="31" first="false" />
    </Entry>
  </Entry>
  <Entry name="Source" sort="Source" sectionposition="2">
    <Content xmlns="urn:WebWorks-Document-Schema">
      <TextRun>
        <Text value="Source" />
      </TextRun>
    </Content>
    <Entry name="description" sort="description">
      <Content xmlns="urn:WebWorks-Document-Schema">
        <TextRun>
          <Text value="description" />
        </TextRun>
      </Content>
      <Link href="C:\Documents and Settings\hadfielj\My Documents\ePublisher Pro Projects\caArray Online Help\Output\WebWorks Help 5.0\caArray Online Help\Create &amp; Manage Experiments.5.10.html" anchor="1154426" fileposition="31" first="false" />
    </Entry>
  </Entry>
  <Entry name="Source" sort="Source" sectionposition="2">
    <Content xmlns="urn:WebWorks-Document-Schema">
      <TextRun>
        <Text value="Source" />
      </TextRun>
    </Content>
    <Entry name="tab" sort="tab">
      <Content xmlns="urn:WebWorks-Document-Schema">
        <TextRun>
          <Text value="tab" />
        </TextRun>
      </Content>
      <Link href="C:\Documents and Settings\hadfielj\My Documents\ePublisher Pro Projects\caArray Online Help\Output\WebWorks Help 5.0\caArray Online Help\Create &amp; Manage Experiments.5.10.html" anchor="1154426" fileposition="31" first="false" />
    </Entry>
  </Entry>
  <Entry name="Sample" sort="Sample" sectionposition="2">
    <Content xmlns="urn:WebWorks-Document-Schema">
      <TextRun>
        <Text value="Sample" />
      </TextRun>
    </Content>
    <Entry name="description" sort="description">
      <Content xmlns="urn:WebWorks-Document-Schema">
        <TextRun>
          <Text value="description" />
        </TextRun>
      </Content>
      <Link href="C:\Documents and Settings\hadfielj\My Documents\ePublisher Pro Projects\caArray Online Help\Output\WebWorks Help 5.0\caArray Online Help\Create &amp; Manage Experiments.5.10.html" anchor="1154349" fileposition="31" first="false" />
    </Entry>
  </Entry>
  <Entry name="Sample" sort="Sample" sectionposition="2">
    <Content xmlns="urn:WebWorks-Document-Schema">
      <TextRun>
        <Text value="Sample" />
      </TextRun>
    </Content>
    <Entry name="tab" sort="tab">
      <Content xmlns="urn:WebWorks-Document-Schema">
        <TextRun>
          <Text value="tab" />
        </TextRun>
      </Content>
      <Link href="C:\Documents and Settings\hadfielj\My Documents\ePublisher Pro Projects\caArray Online Help\Output\WebWorks Help 5.0\caArray Online Help\Create &amp; Manage Experiments.5.10.html" anchor="1154349" fileposition="31" first="false" />
    </Entry>
  </Entry>
  <Entry name="Extract" sort="Extract" sectionposition="2">
    <Content xmlns="urn:WebWorks-Document-Schema">
      <TextRun>
        <Text value="Extract" />
      </TextRun>
    </Content>
    <Entry name="description" sort="description">
      <Content xmlns="urn:WebWorks-Document-Schema">
        <TextRun>
          <Text value="description" />
        </TextRun>
      </Content>
      <Link href="C:\Documents and Settings\hadfielj\My Documents\ePublisher Pro Projects\caArray Online Help\Output\WebWorks Help 5.0\caArray Online Help\Create &amp; Manage Experiments.5.10.html" anchor="1154351" fileposition="31" first="false" />
    </Entry>
  </Entry>
  <Entry name="Extract" sort="Extract" sectionposition="2">
    <Content xmlns="urn:WebWorks-Document-Schema">
      <TextRun>
        <Text value="Extract" />
      </TextRun>
    </Content>
    <Entry name="tab" sort="tab">
      <Content xmlns="urn:WebWorks-Document-Schema">
        <TextRun>
          <Text value="tab" />
        </TextRun>
      </Content>
      <Link href="C:\Documents and Settings\hadfielj\My Documents\ePublisher Pro Projects\caArray Online Help\Output\WebWorks Help 5.0\caArray Online Help\Create &amp; Manage Experiments.5.10.html" anchor="1154351" fileposition="31" first="false" />
    </Entry>
  </Entry>
  <Entry name="Labeled Extract" sort="Labeled Extract" sectionposition="2">
    <Content xmlns="urn:WebWorks-Document-Schema">
      <TextRun>
        <Text value="Labeled Extract" />
      </TextRun>
    </Content>
    <Entry name="description" sort="description">
      <Content xmlns="urn:WebWorks-Document-Schema">
        <TextRun>
          <Text value="description" />
        </TextRun>
      </Content>
      <Link href="C:\Documents and Settings\hadfielj\My Documents\ePublisher Pro Projects\caArray Online Help\Output\WebWorks Help 5.0\caArray Online Help\Create &amp; Manage Experiments.5.10.html" anchor="1150895" fileposition="31" first="false" />
    </Entry>
  </Entry>
  <Entry name="Labeled Extract" sort="Labeled Extract" sectionposition="2">
    <Content xmlns="urn:WebWorks-Document-Schema">
      <TextRun>
        <Text value="Labeled Extract" />
      </TextRun>
    </Content>
    <Entry name="tab" sort="tab">
      <Content xmlns="urn:WebWorks-Document-Schema">
        <TextRun>
          <Text value="tab" />
        </TextRun>
      </Content>
      <Link href="C:\Documents and Settings\hadfielj\My Documents\ePublisher Pro Projects\caArray Online Help\Output\WebWorks Help 5.0\caArray Online Help\Create &amp; Manage Experiments.5.10.html" anchor="1150895" fileposition="31" first="false" />
    </Entry>
  </Entry>
  <Entry name="biological source materials" sort="biological source materials" sectionposition="2">
    <Content xmlns="urn:WebWorks-Document-Schema">
      <TextRun>
        <Text value="biological source materials" />
      </TextRun>
    </Content>
    <Entry name="relationship between" sort="relationship between">
      <Content xmlns="urn:WebWorks-Document-Schema">
        <TextRun>
          <Text value="relationship between" />
        </TextRun>
      </Content>
      <Link href="C:\Documents and Settings\hadfielj\My Documents\ePublisher Pro Projects\caArray Online Help\Output\WebWorks Help 5.0\caArray Online Help\Create &amp; Manage Experiments.5.10.html" anchor="1150918" fileposition="31" first="false" />
    </Entry>
  </Entry>
  <Entry name="Source" sort="Source" sectionposition="2">
    <Content xmlns="urn:WebWorks-Document-Schema">
      <TextRun>
        <Text value="Source" />
      </TextRun>
    </Content>
    <Entry name="fields" sort="fields">
      <Content xmlns="urn:WebWorks-Document-Schema">
        <TextRun>
          <Text value="fields" />
        </TextRun>
      </Content>
      <Link href="C:\Documents and Settings\hadfielj\My Documents\ePublisher Pro Projects\caArray Online Help\Output\WebWorks Help 5.0\caArray Online Help\Create &amp; Manage Experiments.5.11.html" anchor="1156143" fileposition="32" first="false" />
    </Entry>
  </Entry>
  <Entry name="Sample" sort="Sample" sectionposition="2">
    <Content xmlns="urn:WebWorks-Document-Schema">
      <TextRun>
        <Text value="Sample" />
      </TextRun>
    </Content>
    <Entry name="fields" sort="fields">
      <Content xmlns="urn:WebWorks-Document-Schema">
        <TextRun>
          <Text value="fields" />
        </TextRun>
      </Content>
      <Link href="C:\Documents and Settings\hadfielj\My Documents\ePublisher Pro Projects\caArray Online Help\Output\WebWorks Help 5.0\caArray Online Help\Create &amp; Manage Experiments.5.12.html" anchor="1150943" fileposition="33" first="false" />
    </Entry>
  </Entry>
  <Entry name="Extract" sort="Extract" sectionposition="2">
    <Content xmlns="urn:WebWorks-Document-Schema">
      <TextRun>
        <Text value="Extract" />
      </TextRun>
    </Content>
    <Entry name="fields" sort="fields">
      <Content xmlns="urn:WebWorks-Document-Schema">
        <TextRun>
          <Text value="fields" />
        </TextRun>
      </Content>
      <Link href="C:\Documents and Settings\hadfielj\My Documents\ePublisher Pro Projects\caArray Online Help\Output\WebWorks Help 5.0\caArray Online Help\Create &amp; Manage Experiments.5.13.html" anchor="1151040" fileposition="34" first="false" />
    </Entry>
  </Entry>
  <Entry name="Labeled Extract" sort="Labeled Extract" sectionposition="2">
    <Content xmlns="urn:WebWorks-Document-Schema">
      <TextRun>
        <Text value="Labeled Extract" />
      </TextRun>
    </Content>
    <Entry name="fields" sort="fields">
      <Content xmlns="urn:WebWorks-Document-Schema">
        <TextRun>
          <Text value="fields" />
        </TextRun>
      </Content>
      <Link href="C:\Documents and Settings\hadfielj\My Documents\ePublisher Pro Projects\caArray Online Help\Output\WebWorks Help 5.0\caArray Online Help\Create &amp; Manage Experiments.5.14.html" anchor="1151109" fileposition="35" first="false" />
    </Entry>
  </Entry>
  <Entry name="Source" sort="Source" sectionposition="2">
    <Content xmlns="urn:WebWorks-Document-Schema">
      <TextRun>
        <Text value="Source" />
      </TextRun>
    </Content>
    <Entry name="adding new" sort="adding new">
      <Content xmlns="urn:WebWorks-Document-Schema">
        <TextRun>
          <Text value="adding new" />
        </TextRun>
      </Content>
      <Link href="C:\Documents and Settings\hadfielj\My Documents\ePublisher Pro Projects\caArray Online Help\Output\WebWorks Help 5.0\caArray Online Help\Create &amp; Manage Experiments.5.15.html" anchor="1150568" fileposition="36" first="false" />
    </Entry>
  </Entry>
  <Entry name="Sources tab" sort="Sources tab" sectionposition="2">
    <Content xmlns="urn:WebWorks-Document-Schema">
      <TextRun>
        <Text value="Sources tab" />
      </TextRun>
    </Content>
    <Link href="C:\Documents and Settings\hadfielj\My Documents\ePublisher Pro Projects\caArray Online Help\Output\WebWorks Help 5.0\caArray Online Help\Create &amp; Manage Experiments.5.15.html" anchor="1150568" fileposition="36" first="false" />
  </Entry>
  <Entry name="managing" sort="managing" sectionposition="2">
    <Content xmlns="urn:WebWorks-Document-Schema">
      <TextRun>
        <Text value="managing" />
      </TextRun>
    </Content>
    <Entry name="controlled vocabulary terms" sort="controlled vocabulary terms">
      <Content xmlns="urn:WebWorks-Document-Schema">
        <TextRun>
          <Text value="controlled vocabulary terms" />
        </TextRun>
      </Content>
      <Link href="C:\Documents and Settings\hadfielj\My Documents\ePublisher Pro Projects\caArray Online Help\Output\WebWorks Help 5.0\caArray Online Help\Create &amp; Manage Experiments.5.16.html" anchor="1162990" fileposition="37" first="true" />
    </Entry>
  </Entry>
  <Entry name="Samples tab" sort="Samples tab" sectionposition="2">
    <Content xmlns="urn:WebWorks-Document-Schema">
      <TextRun>
        <Text value="Samples tab" />
      </TextRun>
    </Content>
    <Link href="C:\Documents and Settings\hadfielj\My Documents\ePublisher Pro Projects\caArray Online Help\Output\WebWorks Help 5.0\caArray Online Help\Create &amp; Manage Experiments.5.17.html" anchor="1141248" fileposition="38" first="false" />
  </Entry>
  <Entry name="Sample" sort="Sample" sectionposition="2">
    <Content xmlns="urn:WebWorks-Document-Schema">
      <TextRun>
        <Text value="Sample" />
      </TextRun>
    </Content>
    <Entry name="adding new" sort="adding new">
      <Content xmlns="urn:WebWorks-Document-Schema">
        <TextRun>
          <Text value="adding new" />
        </TextRun>
      </Content>
      <Link href="C:\Documents and Settings\hadfielj\My Documents\ePublisher Pro Projects\caArray Online Help\Output\WebWorks Help 5.0\caArray Online Help\Create &amp; Manage Experiments.5.17.html" anchor="1141248" fileposition="38" first="false" />
    </Entry>
  </Entry>
  <Entry name="Extracts tab" sort="Extracts tab" sectionposition="2">
    <Content xmlns="urn:WebWorks-Document-Schema">
      <TextRun>
        <Text value="Extracts tab" />
      </TextRun>
    </Content>
    <Link href="C:\Documents and Settings\hadfielj\My Documents\ePublisher Pro Projects\caArray Online Help\Output\WebWorks Help 5.0\caArray Online Help\Create &amp; Manage Experiments.5.18.html" anchor="1141501" fileposition="39" first="false" />
  </Entry>
  <Entry name="Extract" sort="Extract" sectionposition="2">
    <Content xmlns="urn:WebWorks-Document-Schema">
      <TextRun>
        <Text value="Extract" />
      </TextRun>
    </Content>
    <Entry name="adding new" sort="adding new">
      <Content xmlns="urn:WebWorks-Document-Schema">
        <TextRun>
          <Text value="adding new" />
        </TextRun>
      </Content>
      <Link href="C:\Documents and Settings\hadfielj\My Documents\ePublisher Pro Projects\caArray Online Help\Output\WebWorks Help 5.0\caArray Online Help\Create &amp; Manage Experiments.5.18.html" anchor="1141501" fileposition="39" first="false" />
    </Entry>
  </Entry>
  <Entry name="Labeled Extracts tab" sort="Labeled Extracts tab" sectionposition="2">
    <Content xmlns="urn:WebWorks-Document-Schema">
      <TextRun>
        <Text value="Labeled Extracts tab" />
      </TextRun>
    </Content>
    <Link href="C:\Documents and Settings\hadfielj\My Documents\ePublisher Pro Projects\caArray Online Help\Output\WebWorks Help 5.0\caArray Online Help\Create &amp; Manage Experiments.5.19.html" anchor="1151842" fileposition="40" first="false" />
  </Entry>
  <Entry name="Labeled Extract" sort="Labeled Extract" sectionposition="2">
    <Content xmlns="urn:WebWorks-Document-Schema">
      <TextRun>
        <Text value="Labeled Extract" />
      </TextRun>
    </Content>
    <Entry name="adding new" sort="adding new">
      <Content xmlns="urn:WebWorks-Document-Schema">
        <TextRun>
          <Text value="adding new" />
        </TextRun>
      </Content>
      <Link href="C:\Documents and Settings\hadfielj\My Documents\ePublisher Pro Projects\caArray Online Help\Output\WebWorks Help 5.0\caArray Online Help\Create &amp; Manage Experiments.5.19.html" anchor="1151842" fileposition="40" first="false" />
    </Entry>
  </Entry>
  <Entry name="Hybridizations tab" sort="Hybridizations tab" sectionposition="2">
    <Content xmlns="urn:WebWorks-Document-Schema">
      <TextRun>
        <Text value="Hybridizations tab" />
      </TextRun>
    </Content>
    <Link href="C:\Documents and Settings\hadfielj\My Documents\ePublisher Pro Projects\caArray Online Help\Output\WebWorks Help 5.0\caArray Online Help\Create &amp; Manage Experiments.5.20.html" anchor="1141717" fileposition="41" first="false" />
  </Entry>
  <Entry name="Hybridization, adding new" sort="Hybridization, adding new" sectionposition="2">
    <Content xmlns="urn:WebWorks-Document-Schema">
      <TextRun>
        <Text value="Hybridization, adding new" />
      </TextRun>
    </Content>
    <Link href="C:\Documents and Settings\hadfielj\My Documents\ePublisher Pro Projects\caArray Online Help\Output\WebWorks Help 5.0\caArray Online Help\Create &amp; Manage Experiments.5.20.html" anchor="1141717" fileposition="41" first="false" />
  </Entry>
  <Entry name="Data tab" sort="Data tab" sectionposition="2">
    <Content xmlns="urn:WebWorks-Document-Schema">
      <TextRun>
        <Text value="Data tab" />
      </TextRun>
    </Content>
    <Entry name="description" sort="description">
      <Content xmlns="urn:WebWorks-Document-Schema">
        <TextRun>
          <Text value="description" />
        </TextRun>
      </Content>
      <Link href="C:\Documents and Settings\hadfielj\My Documents\ePublisher Pro Projects\caArray Online Help\Output\WebWorks Help 5.0\caArray Online Help\Create &amp; Manage Experiments.5.21.html" anchor="1166644" fileposition="42" first="false" />
    </Entry>
  </Entry>
  <Entry name="Publications tab" sort="Publications tab" sectionposition="2">
    <Content xmlns="urn:WebWorks-Document-Schema">
      <TextRun>
        <Text value="Publications tab" />
      </TextRun>
    </Content>
    <Link href="C:\Documents and Settings\hadfielj\My Documents\ePublisher Pro Projects\caArray Online Help\Output\WebWorks Help 5.0\caArray Online Help\Create &amp; Manage Experiments.5.22.html" anchor="1152286" fileposition="43" first="false" />
  </Entry>
  <Entry name="Publication, adding" sort="Publication, adding" sectionposition="2">
    <Content xmlns="urn:WebWorks-Document-Schema">
      <TextRun>
        <Text value="Publication, adding" />
      </TextRun>
    </Content>
    <Link href="C:\Documents and Settings\hadfielj\My Documents\ePublisher Pro Projects\caArray Online Help\Output\WebWorks Help 5.0\caArray Online Help\Create &amp; Manage Experiments.5.22.html" anchor="1152286" fileposition="43" first="false" />
  </Entry>
  <Entry name="adding" sort="adding" sectionposition="2">
    <Content xmlns="urn:WebWorks-Document-Schema">
      <TextRun>
        <Text value="adding" />
      </TextRun>
    </Content>
    <Entry name="Publication" sort="Publication">
      <Content xmlns="urn:WebWorks-Document-Schema">
        <TextRun>
          <Text value="Publication" />
        </TextRun>
      </Content>
      <Link href="C:\Documents and Settings\hadfielj\My Documents\ePublisher Pro Projects\caArray Online Help\Output\WebWorks Help 5.0\caArray Online Help\Create &amp; Manage Experiments.5.22.html" anchor="1152286" fileposition="43" first="false" />
    </Entry>
  </Entry>
  <Entry name="Experiment" sort="Experiment" sectionposition="2">
    <Content xmlns="urn:WebWorks-Document-Schema">
      <TextRun>
        <Text value="Experiment" />
      </TextRun>
    </Content>
    <Entry name="submitting" sort="submitting">
      <Content xmlns="urn:WebWorks-Document-Schema">
        <TextRun>
          <Text value="submitting" />
        </TextRun>
      </Content>
      <Link href="C:\Documents and Settings\hadfielj\My Documents\ePublisher Pro Projects\caArray Online Help\Output\WebWorks Help 5.0\caArray Online Help\Create &amp; Manage Experiments.5.23.html" anchor="1158264" fileposition="44" first="false" />
    </Entry>
  </Entry>
  <Entry name="submitting Experiment" sort="submitting Experiment" sectionposition="2">
    <Content xmlns="urn:WebWorks-Document-Schema">
      <TextRun>
        <Text value="submitting Experiment" />
      </TextRun>
    </Content>
    <Link href="C:\Documents and Settings\hadfielj\My Documents\ePublisher Pro Projects\caArray Online Help\Output\WebWorks Help 5.0\caArray Online Help\Create &amp; Manage Experiments.5.23.html" anchor="1158264" fileposition="44" first="false" />
  </Entry>
  <Entry name="Experiment" sort="Experiment" sectionposition="2">
    <Content xmlns="urn:WebWorks-Document-Schema">
      <TextRun>
        <Text value="Experiment" />
      </TextRun>
    </Content>
    <Entry name="updating" sort="updating">
      <Content xmlns="urn:WebWorks-Document-Schema">
        <TextRun>
          <Text value="updating" />
        </TextRun>
      </Content>
      <Link href="C:\Documents and Settings\hadfielj\My Documents\ePublisher Pro Projects\caArray Online Help\Output\WebWorks Help 5.0\caArray Online Help\Create &amp; Manage Experiments.5.24.html" anchor="1167606" fileposition="45" first="false" />
    </Entry>
  </Entry>
  <Entry name="Experiment" sort="Experiment" sectionposition="2">
    <Content xmlns="urn:WebWorks-Document-Schema">
      <TextRun>
        <Text value="Experiment" />
      </TextRun>
    </Content>
    <Entry name="editing" sort="editing">
      <Content xmlns="urn:WebWorks-Document-Schema">
        <TextRun>
          <Text value="editing" />
        </TextRun>
      </Content>
      <Link href="C:\Documents and Settings\hadfielj\My Documents\ePublisher Pro Projects\caArray Online Help\Output\WebWorks Help 5.0\caArray Online Help\Create &amp; Manage Experiments.5.25.html" anchor="1158698" fileposition="46" first="false" />
    </Entry>
  </Entry>
  <Entry name="editing" sort="editing" sectionposition="2">
    <Content xmlns="urn:WebWorks-Document-Schema">
      <TextRun>
        <Text value="editing" />
      </TextRun>
    </Content>
    <Entry name="Experiment" sort="Experiment">
      <Content xmlns="urn:WebWorks-Document-Schema">
        <TextRun>
          <Text value="Experiment" />
        </TextRun>
      </Content>
      <Link href="C:\Documents and Settings\hadfielj\My Documents\ePublisher Pro Projects\caArray Online Help\Output\WebWorks Help 5.0\caArray Online Help\Create &amp; Manage Experiments.5.25.html" anchor="1158698" fileposition="46" first="false" />
    </Entry>
  </Entry>
  <Entry name="Experiment" sort="Experiment" sectionposition="2">
    <Content xmlns="urn:WebWorks-Document-Schema">
      <TextRun>
        <Text value="Experiment" />
      </TextRun>
    </Content>
    <Entry name="adding data to" sort="adding data to">
      <Content xmlns="urn:WebWorks-Document-Schema">
        <TextRun>
          <Text value="adding data to" />
        </TextRun>
      </Content>
      <Link href="C:\Documents and Settings\hadfielj\My Documents\ePublisher Pro Projects\caArray Online Help\Output\WebWorks Help 5.0\caArray Online Help\Create &amp; Manage Experiments.5.26.html" anchor="1168278" fileposition="47" first="false" />
    </Entry>
  </Entry>
  <Entry name="adding" sort="adding" sectionposition="2">
    <Content xmlns="urn:WebWorks-Document-Schema">
      <TextRun>
        <Text value="adding" />
      </TextRun>
    </Content>
    <Entry name="Experiment data" sort="Experiment data">
      <Content xmlns="urn:WebWorks-Document-Schema">
        <TextRun>
          <Text value="Experiment data" />
        </TextRun>
      </Content>
      <Link href="C:\Documents and Settings\hadfielj\My Documents\ePublisher Pro Projects\caArray Online Help\Output\WebWorks Help 5.0\caArray Online Help\Create &amp; Manage Experiments.5.26.html" anchor="1168278" fileposition="47" first="false" />
    </Entry>
  </Entry>
  <Entry name="Experiment" sort="Experiment" sectionposition="2">
    <Content xmlns="urn:WebWorks-Document-Schema">
      <TextRun>
        <Text value="Experiment" />
      </TextRun>
    </Content>
    <Entry name="deleting" sort="deleting">
      <Content xmlns="urn:WebWorks-Document-Schema">
        <TextRun>
          <Text value="deleting" />
        </TextRun>
      </Content>
      <Link href="C:\Documents and Settings\hadfielj\My Documents\ePublisher Pro Projects\caArray Online Help\Output\WebWorks Help 5.0\caArray Online Help\Create &amp; Manage Experiments.5.27.html" anchor="1167630" fileposition="48" first="false" />
    </Entry>
  </Entry>
  <Entry name="deleting" sort="deleting" sectionposition="2">
    <Content xmlns="urn:WebWorks-Document-Schema">
      <TextRun>
        <Text value="deleting" />
      </TextRun>
    </Content>
    <Entry name="Experiment" sort="Experiment">
      <Content xmlns="urn:WebWorks-Document-Schema">
        <TextRun>
          <Text value="Experiment" />
        </TextRun>
      </Content>
      <Link href="C:\Documents and Settings\hadfielj\My Documents\ePublisher Pro Projects\caArray Online Help\Output\WebWorks Help 5.0\caArray Online Help\Create &amp; Manage Experiments.5.27.html" anchor="1167630" fileposition="48" first="false" />
    </Entry>
  </Entry>
  <Entry name="Experiment" sort="Experiment" sectionposition="2">
    <Content xmlns="urn:WebWorks-Document-Schema">
      <TextRun>
        <Text value="Experiment" />
      </TextRun>
    </Content>
    <Entry name="managing visibility" sort="managing visibility">
      <Content xmlns="urn:WebWorks-Document-Schema">
        <TextRun>
          <Text value="managing visibility" />
        </TextRun>
      </Content>
      <Link href="C:\Documents and Settings\hadfielj\My Documents\ePublisher Pro Projects\caArray Online Help\Output\WebWorks Help 5.0\caArray Online Help\Create &amp; Manage Experiments.5.28.html" anchor="1160896" fileposition="49" first="false" />
    </Entry>
  </Entry>
  <Entry name="visibility, setting Experiment" sort="visibility, setting Experiment" sectionposition="2">
    <Content xmlns="urn:WebWorks-Document-Schema">
      <TextRun>
        <Text value="visibility, setting Experiment" />
      </TextRun>
    </Content>
    <Link href="C:\Documents and Settings\hadfielj\My Documents\ePublisher Pro Projects\caArray Online Help\Output\WebWorks Help 5.0\caArray Online Help\Create &amp; Manage Experiments.5.28.html" anchor="1160896" fileposition="49" first="false" />
  </Entry>
</Index>