<?xml version="1.0" encoding="utf-8"?>
<Index version="1.0" xmlns="urn:WebWorks-Index-Schema">
  <Entry name="experiments, overview" sort="experiments, overview" sectionposition="2">
    <Content xmlns="urn:WebWorks-Document-Schema">
      <TextRun>
        <Text value="experiments, overview" />
      </TextRun>
    </Content>
    <Link href="C:\Documents and Settings\hadfielj\My Documents\ePublisher Pro Projects\caArray_Online_Help\Output\WebWorks Help 5.0\caArray_Online_Help\Create &amp; Manage Experiments.5.2.html" anchor="1148910" fileposition="24" first="false" />
  </Entry>
  <Entry name="experiment" sort="experiment" sectionposition="2">
    <Content xmlns="urn:WebWorks-Document-Schema">
      <TextRun>
        <Text value="experiment" />
      </TextRun>
    </Content>
    <Entry name="creating" sort="creating">
      <Content xmlns="urn:WebWorks-Document-Schema">
        <TextRun>
          <Text value="creating" />
        </TextRun>
      </Content>
      <Link href="C:\Documents and Settings\hadfielj\My Documents\ePublisher Pro Projects\caArray_Online_Help\Output\WebWorks Help 5.0\caArray_Online_Help\Create &amp; Manage Experiments.5.4.html" anchor="1136437" fileposition="26" first="false" />
    </Entry>
  </Entry>
  <Entry name="creating" sort="creating" sectionposition="2">
    <Content xmlns="urn:WebWorks-Document-Schema">
      <TextRun>
        <Text value="creating" />
      </TextRun>
    </Content>
    <Entry name="experiment" sort="experiment">
      <Content xmlns="urn:WebWorks-Document-Schema">
        <TextRun>
          <Text value="experiment" />
        </TextRun>
      </Content>
      <Link href="C:\Documents and Settings\hadfielj\My Documents\ePublisher Pro Projects\caArray_Online_Help\Output\WebWorks Help 5.0\caArray_Online_Help\Create &amp; Manage Experiments.5.4.html" anchor="1136437" fileposition="26" first="false" />
    </Entry>
  </Entry>
  <Entry name="experiment" sort="experiment" sectionposition="2">
    <Content xmlns="urn:WebWorks-Document-Schema">
      <TextRun>
        <Text value="experiment" />
      </TextRun>
    </Content>
    <Entry name="Overview tab" sort="Overview tab">
      <Content xmlns="urn:WebWorks-Document-Schema">
        <TextRun>
          <Text value="Overview tab" />
        </TextRun>
      </Content>
      <Link href="C:\Documents and Settings\hadfielj\My Documents\ePublisher Pro Projects\caArray_Online_Help\Output\WebWorks Help 5.0\caArray_Online_Help\Create &amp; Manage Experiments.5.5.html" anchor="1149732" fileposition="27" first="false" />
    </Entry>
  </Entry>
  <Entry name="Overview tab" sort="Overview tab" sectionposition="2">
    <Content xmlns="urn:WebWorks-Document-Schema">
      <TextRun>
        <Text value="Overview tab" />
      </TextRun>
    </Content>
    <Link href="C:\Documents and Settings\hadfielj\My Documents\ePublisher Pro Projects\caArray_Online_Help\Output\WebWorks Help 5.0\caArray_Online_Help\Create &amp; Manage Experiments.5.5.html" anchor="1149732" fileposition="27" first="false" />
  </Entry>
  <Entry name="Contact tab" sort="Contact tab" sectionposition="2">
    <Content xmlns="urn:WebWorks-Document-Schema">
      <TextRun>
        <Text value="Contact tab" />
      </TextRun>
    </Content>
    <Link href="C:\Documents and Settings\hadfielj\My Documents\ePublisher Pro Projects\caArray_Online_Help\Output\WebWorks Help 5.0\caArray_Online_Help\Create &amp; Manage Experiments.5.6.html" anchor="1138709" fileposition="28" first="false" />
  </Entry>
  <Entry name="experiment" sort="experiment" sectionposition="2">
    <Content xmlns="urn:WebWorks-Document-Schema">
      <TextRun>
        <Text value="experiment" />
      </TextRun>
    </Content>
    <Entry name="Contact tab" sort="Contact tab">
      <Content xmlns="urn:WebWorks-Document-Schema">
        <TextRun>
          <Text value="Contact tab" />
        </TextRun>
      </Content>
      <Link href="C:\Documents and Settings\hadfielj\My Documents\ePublisher Pro Projects\caArray_Online_Help\Output\WebWorks Help 5.0\caArray_Online_Help\Create &amp; Manage Experiments.5.6.html" anchor="1138709" fileposition="28" first="false" />
    </Entry>
  </Entry>
  <Entry name="Annotations tab" sort="Annotations tab" sectionposition="2">
    <Content xmlns="urn:WebWorks-Document-Schema">
      <TextRun>
        <Text value="Annotations tab" />
      </TextRun>
    </Content>
    <Link href="C:\Documents and Settings\hadfielj\My Documents\ePublisher Pro Projects\caArray_Online_Help\Output\WebWorks Help 5.0\caArray_Online_Help\Create &amp; Manage Experiments.5.7.html" anchor="1138994" fileposition="29" first="false" />
  </Entry>
  <Entry name="experiment" sort="experiment" sectionposition="2">
    <Content xmlns="urn:WebWorks-Document-Schema">
      <TextRun>
        <Text value="experiment" />
      </TextRun>
    </Content>
    <Entry name="Annotation tab" sort="Annotation tab">
      <Content xmlns="urn:WebWorks-Document-Schema">
        <TextRun>
          <Text value="Annotation tab" />
        </TextRun>
      </Content>
      <Link href="C:\Documents and Settings\hadfielj\My Documents\ePublisher Pro Projects\caArray_Online_Help\Output\WebWorks Help 5.0\caArray_Online_Help\Create &amp; Manage Experiments.5.7.html" anchor="1138994" fileposition="29" first="false" />
    </Entry>
  </Entry>
  <Entry name="Experimental Factors tab" sort="Experimental Factors tab" sectionposition="2">
    <Content xmlns="urn:WebWorks-Document-Schema">
      <TextRun>
        <Text value="Experimental Factors tab" />
      </TextRun>
    </Content>
    <Link href="C:\Documents and Settings\hadfielj\My Documents\ePublisher Pro Projects\caArray_Online_Help\Output\WebWorks Help 5.0\caArray_Online_Help\Create &amp; Manage Experiments.5.9.html" anchor="1132408" fileposition="31" first="false" />
  </Entry>
  <Entry name="biological source materials" sort="biological source materials" sectionposition="2">
    <Content xmlns="urn:WebWorks-Document-Schema">
      <TextRun>
        <Text value="biological source materials" />
      </TextRun>
    </Content>
    <Entry name="description" sort="description">
      <Content xmlns="urn:WebWorks-Document-Schema">
        <TextRun>
          <Text value="description" />
        </TextRun>
      </Content>
      <Link href="C:\Documents and Settings\hadfielj\My Documents\ePublisher Pro Projects\caArray_Online_Help\Output\WebWorks Help 5.0\caArray_Online_Help\Create &amp; Manage Experiments.5.10.html" anchor="1151323" fileposition="32" first="false" />
    </Entry>
  </Entry>
  <Entry name="source materials" sort="source materials" sectionposition="2">
    <Content xmlns="urn:WebWorks-Document-Schema">
      <TextRun>
        <Text value="source materials" />
      </TextRun>
    </Content>
    <Entry name="annotations for" sort="annotations for">
      <Content xmlns="urn:WebWorks-Document-Schema">
        <TextRun>
          <Text value="annotations for" />
        </TextRun>
      </Content>
      <Link href="C:\Documents and Settings\hadfielj\My Documents\ePublisher Pro Projects\caArray_Online_Help\Output\WebWorks Help 5.0\caArray_Online_Help\Create &amp; Manage Experiments.5.10.html" anchor="1150878" fileposition="32" first="false" />
    </Entry>
  </Entry>
  <Entry name="source materials" sort="source materials" sectionposition="2">
    <Content xmlns="urn:WebWorks-Document-Schema">
      <TextRun>
        <Text value="source materials" />
      </TextRun>
    </Content>
    <Entry name="characteristics" sort="characteristics">
      <Content xmlns="urn:WebWorks-Document-Schema">
        <TextRun>
          <Text value="characteristics" />
        </TextRun>
      </Content>
      <Link href="C:\Documents and Settings\hadfielj\My Documents\ePublisher Pro Projects\caArray_Online_Help\Output\WebWorks Help 5.0\caArray_Online_Help\Create &amp; Manage Experiments.5.10.html" anchor="1150878" fileposition="32" first="false" />
    </Entry>
  </Entry>
  <Entry name="source materials" sort="source materials" sectionposition="2">
    <Content xmlns="urn:WebWorks-Document-Schema">
      <TextRun>
        <Text value="source materials" />
      </TextRun>
    </Content>
    <Entry name="definition" sort="definition">
      <Content xmlns="urn:WebWorks-Document-Schema">
        <TextRun>
          <Text value="definition" />
        </TextRun>
      </Content>
      <Link href="C:\Documents and Settings\hadfielj\My Documents\ePublisher Pro Projects\caArray_Online_Help\Output\WebWorks Help 5.0\caArray_Online_Help\Create &amp; Manage Experiments.5.10.html" anchor="1150878" fileposition="32" first="false" />
    </Entry>
  </Entry>
  <Entry name="source" sort="source" sectionposition="2">
    <Content xmlns="urn:WebWorks-Document-Schema">
      <TextRun>
        <Text value="source" />
      </TextRun>
    </Content>
    <Entry name="description" sort="description">
      <Content xmlns="urn:WebWorks-Document-Schema">
        <TextRun>
          <Text value="description" />
        </TextRun>
      </Content>
      <Link href="C:\Documents and Settings\hadfielj\My Documents\ePublisher Pro Projects\caArray_Online_Help\Output\WebWorks Help 5.0\caArray_Online_Help\Create &amp; Manage Experiments.5.10.html" anchor="1154426" fileposition="32" first="false" />
    </Entry>
  </Entry>
  <Entry name="Sources tab" sort="Sources tab" sectionposition="2">
    <Content xmlns="urn:WebWorks-Document-Schema">
      <TextRun>
        <Text value="Sources tab" />
      </TextRun>
    </Content>
    <Link href="C:\Documents and Settings\hadfielj\My Documents\ePublisher Pro Projects\caArray_Online_Help\Output\WebWorks Help 5.0\caArray_Online_Help\Create &amp; Manage Experiments.5.10.html" anchor="1154426" fileposition="32" first="false" />
  </Entry>
  <Entry name="sample" sort="sample" sectionposition="2">
    <Content xmlns="urn:WebWorks-Document-Schema">
      <TextRun>
        <Text value="sample" />
      </TextRun>
    </Content>
    <Entry name="description" sort="description">
      <Content xmlns="urn:WebWorks-Document-Schema">
        <TextRun>
          <Text value="description" />
        </TextRun>
      </Content>
      <Link href="C:\Documents and Settings\hadfielj\My Documents\ePublisher Pro Projects\caArray_Online_Help\Output\WebWorks Help 5.0\caArray_Online_Help\Create &amp; Manage Experiments.5.10.html" anchor="1154349" fileposition="32" first="false" />
    </Entry>
  </Entry>
  <Entry name="extract" sort="extract" sectionposition="2">
    <Content xmlns="urn:WebWorks-Document-Schema">
      <TextRun>
        <Text value="extract" />
      </TextRun>
    </Content>
    <Entry name="description" sort="description">
      <Content xmlns="urn:WebWorks-Document-Schema">
        <TextRun>
          <Text value="description" />
        </TextRun>
      </Content>
      <Link href="C:\Documents and Settings\hadfielj\My Documents\ePublisher Pro Projects\caArray_Online_Help\Output\WebWorks Help 5.0\caArray_Online_Help\Create &amp; Manage Experiments.5.10.html" anchor="1154351" fileposition="32" first="false" />
    </Entry>
  </Entry>
  <Entry name="labeled extract" sort="labeled extract" sectionposition="2">
    <Content xmlns="urn:WebWorks-Document-Schema">
      <TextRun>
        <Text value="labeled extract" />
      </TextRun>
    </Content>
    <Entry name="description" sort="description">
      <Content xmlns="urn:WebWorks-Document-Schema">
        <TextRun>
          <Text value="description" />
        </TextRun>
      </Content>
      <Link href="C:\Documents and Settings\hadfielj\My Documents\ePublisher Pro Projects\caArray_Online_Help\Output\WebWorks Help 5.0\caArray_Online_Help\Create &amp; Manage Experiments.5.10.html" anchor="1150895" fileposition="32" first="false" />
    </Entry>
  </Entry>
  <Entry name="biological source materials" sort="biological source materials" sectionposition="2">
    <Content xmlns="urn:WebWorks-Document-Schema">
      <TextRun>
        <Text value="biological source materials" />
      </TextRun>
    </Content>
    <Entry name="relationship between" sort="relationship between">
      <Content xmlns="urn:WebWorks-Document-Schema">
        <TextRun>
          <Text value="relationship between" />
        </TextRun>
      </Content>
      <Link href="C:\Documents and Settings\hadfielj\My Documents\ePublisher Pro Projects\caArray_Online_Help\Output\WebWorks Help 5.0\caArray_Online_Help\Create &amp; Manage Experiments.5.10.html" anchor="1150918" fileposition="32" first="false" />
    </Entry>
  </Entry>
  <Entry name="source" sort="source" sectionposition="2">
    <Content xmlns="urn:WebWorks-Document-Schema">
      <TextRun>
        <Text value="source" />
      </TextRun>
    </Content>
    <Entry name="adding new" sort="adding new">
      <Content xmlns="urn:WebWorks-Document-Schema">
        <TextRun>
          <Text value="adding new" />
        </TextRun>
      </Content>
      <Link href="C:\Documents and Settings\hadfielj\My Documents\ePublisher Pro Projects\caArray_Online_Help\Output\WebWorks Help 5.0\caArray_Online_Help\Create &amp; Manage Experiments.5.11.html" anchor="1150568" fileposition="33" first="false" />
    </Entry>
  </Entry>
  <Entry name="Sources tab" sort="Sources tab" sectionposition="2">
    <Content xmlns="urn:WebWorks-Document-Schema">
      <TextRun>
        <Text value="Sources tab" />
      </TextRun>
    </Content>
    <Link href="C:\Documents and Settings\hadfielj\My Documents\ePublisher Pro Projects\caArray_Online_Help\Output\WebWorks Help 5.0\caArray_Online_Help\Create &amp; Manage Experiments.5.11.html" anchor="1150568" fileposition="33" first="false" />
  </Entry>
  <Entry name="managing" sort="managing" sectionposition="2">
    <Content xmlns="urn:WebWorks-Document-Schema">
      <TextRun>
        <Text value="managing" />
      </TextRun>
    </Content>
    <Entry name="controlled vocabulary terms" sort="controlled vocabulary terms">
      <Content xmlns="urn:WebWorks-Document-Schema">
        <TextRun>
          <Text value="controlled vocabulary terms" />
        </TextRun>
      </Content>
      <Link href="C:\Documents and Settings\hadfielj\My Documents\ePublisher Pro Projects\caArray_Online_Help\Output\WebWorks Help 5.0\caArray_Online_Help\Create &amp; Manage Experiments.5.12.html" anchor="1168814" fileposition="34" first="true" />
    </Entry>
  </Entry>
  <Entry name="Samples tab" sort="Samples tab" sectionposition="2">
    <Content xmlns="urn:WebWorks-Document-Schema">
      <TextRun>
        <Text value="Samples tab" />
      </TextRun>
    </Content>
    <Link href="C:\Documents and Settings\hadfielj\My Documents\ePublisher Pro Projects\caArray_Online_Help\Output\WebWorks Help 5.0\caArray_Online_Help\Create &amp; Manage Experiments.5.12.html" anchor="1141248" fileposition="34" first="false" />
  </Entry>
  <Entry name="sample" sort="sample" sectionposition="2">
    <Content xmlns="urn:WebWorks-Document-Schema">
      <TextRun>
        <Text value="sample" />
      </TextRun>
    </Content>
    <Entry name="adding new" sort="adding new">
      <Content xmlns="urn:WebWorks-Document-Schema">
        <TextRun>
          <Text value="adding new" />
        </TextRun>
      </Content>
      <Link href="C:\Documents and Settings\hadfielj\My Documents\ePublisher Pro Projects\caArray_Online_Help\Output\WebWorks Help 5.0\caArray_Online_Help\Create &amp; Manage Experiments.5.12.html" anchor="1141248" fileposition="34" first="false" />
    </Entry>
  </Entry>
  <Entry name="creating" sort="creating" sectionposition="2">
    <Content xmlns="urn:WebWorks-Document-Schema">
      <TextRun>
        <Text value="creating" />
      </TextRun>
    </Content>
    <Entry name="protocol" sort="protocol">
      <Content xmlns="urn:WebWorks-Document-Schema">
        <TextRun>
          <Text value="protocol" />
        </TextRun>
      </Content>
      <Link href="C:\Documents and Settings\hadfielj\My Documents\ePublisher Pro Projects\caArray_Online_Help\Output\WebWorks Help 5.0\caArray_Online_Help\Create &amp; Manage Experiments.5.12.html" anchor="1259790" fileposition="34" first="false" />
    </Entry>
  </Entry>
  <Entry name="protocol" sort="protocol" sectionposition="2">
    <Content xmlns="urn:WebWorks-Document-Schema">
      <TextRun>
        <Text value="protocol" />
      </TextRun>
    </Content>
    <Entry name="creating" sort="creating">
      <Content xmlns="urn:WebWorks-Document-Schema">
        <TextRun>
          <Text value="creating" />
        </TextRun>
      </Content>
      <Link href="C:\Documents and Settings\hadfielj\My Documents\ePublisher Pro Projects\caArray_Online_Help\Output\WebWorks Help 5.0\caArray_Online_Help\Create &amp; Manage Experiments.5.12.html" anchor="1259790" fileposition="34" first="false" />
    </Entry>
  </Entry>
  <Entry name="Extracts tab" sort="Extracts tab" sectionposition="2">
    <Content xmlns="urn:WebWorks-Document-Schema">
      <TextRun>
        <Text value="Extracts tab" />
      </TextRun>
    </Content>
    <Link href="C:\Documents and Settings\hadfielj\My Documents\ePublisher Pro Projects\caArray_Online_Help\Output\WebWorks Help 5.0\caArray_Online_Help\Create &amp; Manage Experiments.5.13.html" anchor="1141501" fileposition="35" first="false" />
  </Entry>
  <Entry name="extract" sort="extract" sectionposition="2">
    <Content xmlns="urn:WebWorks-Document-Schema">
      <TextRun>
        <Text value="extract" />
      </TextRun>
    </Content>
    <Entry name="adding new" sort="adding new">
      <Content xmlns="urn:WebWorks-Document-Schema">
        <TextRun>
          <Text value="adding new" />
        </TextRun>
      </Content>
      <Link href="C:\Documents and Settings\hadfielj\My Documents\ePublisher Pro Projects\caArray_Online_Help\Output\WebWorks Help 5.0\caArray_Online_Help\Create &amp; Manage Experiments.5.13.html" anchor="1141501" fileposition="35" first="false" />
    </Entry>
  </Entry>
  <Entry name="creating" sort="creating" sectionposition="2">
    <Content xmlns="urn:WebWorks-Document-Schema">
      <TextRun>
        <Text value="creating" />
      </TextRun>
    </Content>
    <Entry name="protocol" sort="protocol">
      <Content xmlns="urn:WebWorks-Document-Schema">
        <TextRun>
          <Text value="protocol" />
        </TextRun>
      </Content>
      <Link href="C:\Documents and Settings\hadfielj\My Documents\ePublisher Pro Projects\caArray_Online_Help\Output\WebWorks Help 5.0\caArray_Online_Help\Create &amp; Manage Experiments.5.13.html" anchor="1259772" fileposition="35" first="false" />
    </Entry>
  </Entry>
  <Entry name="protocol" sort="protocol" sectionposition="2">
    <Content xmlns="urn:WebWorks-Document-Schema">
      <TextRun>
        <Text value="protocol" />
      </TextRun>
    </Content>
    <Entry name="creating" sort="creating">
      <Content xmlns="urn:WebWorks-Document-Schema">
        <TextRun>
          <Text value="creating" />
        </TextRun>
      </Content>
      <Link href="C:\Documents and Settings\hadfielj\My Documents\ePublisher Pro Projects\caArray_Online_Help\Output\WebWorks Help 5.0\caArray_Online_Help\Create &amp; Manage Experiments.5.13.html" anchor="1259772" fileposition="35" first="false" />
    </Entry>
  </Entry>
  <Entry name="Labeled Extracts tab" sort="Labeled Extracts tab" sectionposition="2">
    <Content xmlns="urn:WebWorks-Document-Schema">
      <TextRun>
        <Text value="Labeled Extracts tab" />
      </TextRun>
    </Content>
    <Link href="C:\Documents and Settings\hadfielj\My Documents\ePublisher Pro Projects\caArray_Online_Help\Output\WebWorks Help 5.0\caArray_Online_Help\Create &amp; Manage Experiments.5.14.html" anchor="1151842" fileposition="36" first="false" />
  </Entry>
  <Entry name="labeled extract" sort="labeled extract" sectionposition="2">
    <Content xmlns="urn:WebWorks-Document-Schema">
      <TextRun>
        <Text value="labeled extract" />
      </TextRun>
    </Content>
    <Entry name="adding new" sort="adding new">
      <Content xmlns="urn:WebWorks-Document-Schema">
        <TextRun>
          <Text value="adding new" />
        </TextRun>
      </Content>
      <Link href="C:\Documents and Settings\hadfielj\My Documents\ePublisher Pro Projects\caArray_Online_Help\Output\WebWorks Help 5.0\caArray_Online_Help\Create &amp; Manage Experiments.5.14.html" anchor="1151842" fileposition="36" first="false" />
    </Entry>
  </Entry>
  <Entry name="creating" sort="creating" sectionposition="2">
    <Content xmlns="urn:WebWorks-Document-Schema">
      <TextRun>
        <Text value="creating" />
      </TextRun>
    </Content>
    <Entry name="protocol" sort="protocol">
      <Content xmlns="urn:WebWorks-Document-Schema">
        <TextRun>
          <Text value="protocol" />
        </TextRun>
      </Content>
      <Link href="C:\Documents and Settings\hadfielj\My Documents\ePublisher Pro Projects\caArray_Online_Help\Output\WebWorks Help 5.0\caArray_Online_Help\Create &amp; Manage Experiments.5.14.html" anchor="1186678" fileposition="36" first="false" />
    </Entry>
  </Entry>
  <Entry name="protocol" sort="protocol" sectionposition="2">
    <Content xmlns="urn:WebWorks-Document-Schema">
      <TextRun>
        <Text value="protocol" />
      </TextRun>
    </Content>
    <Entry name="creating" sort="creating">
      <Content xmlns="urn:WebWorks-Document-Schema">
        <TextRun>
          <Text value="creating" />
        </TextRun>
      </Content>
      <Link href="C:\Documents and Settings\hadfielj\My Documents\ePublisher Pro Projects\caArray_Online_Help\Output\WebWorks Help 5.0\caArray_Online_Help\Create &amp; Manage Experiments.5.14.html" anchor="1186678" fileposition="36" first="false" />
    </Entry>
  </Entry>
  <Entry name="Hybridizations tab" sort="Hybridizations tab" sectionposition="2">
    <Content xmlns="urn:WebWorks-Document-Schema">
      <TextRun>
        <Text value="Hybridizations tab" />
      </TextRun>
    </Content>
    <Link href="C:\Documents and Settings\hadfielj\My Documents\ePublisher Pro Projects\caArray_Online_Help\Output\WebWorks Help 5.0\caArray_Online_Help\Create &amp; Manage Experiments.5.15.html" anchor="1190394" fileposition="37" first="false" />
  </Entry>
  <Entry name="hybridization" sort="hybridization" sectionposition="2">
    <Content xmlns="urn:WebWorks-Document-Schema">
      <TextRun>
        <Text value="hybridization" />
      </TextRun>
    </Content>
    <Entry name="adding new" sort="adding new">
      <Content xmlns="urn:WebWorks-Document-Schema">
        <TextRun>
          <Text value="adding new" />
        </TextRun>
      </Content>
      <Link href="C:\Documents and Settings\hadfielj\My Documents\ePublisher Pro Projects\caArray_Online_Help\Output\WebWorks Help 5.0\caArray_Online_Help\Create &amp; Manage Experiments.5.15.html" anchor="1190394" fileposition="37" first="false" />
    </Entry>
  </Entry>
  <Entry name="creating" sort="creating" sectionposition="2">
    <Content xmlns="urn:WebWorks-Document-Schema">
      <TextRun>
        <Text value="creating" />
      </TextRun>
    </Content>
    <Entry name="protocol" sort="protocol">
      <Content xmlns="urn:WebWorks-Document-Schema">
        <TextRun>
          <Text value="protocol" />
        </TextRun>
      </Content>
      <Link href="C:\Documents and Settings\hadfielj\My Documents\ePublisher Pro Projects\caArray_Online_Help\Output\WebWorks Help 5.0\caArray_Online_Help\Create &amp; Manage Experiments.5.15.html" anchor="1259810" fileposition="37" first="false" />
    </Entry>
  </Entry>
  <Entry name="protocol" sort="protocol" sectionposition="2">
    <Content xmlns="urn:WebWorks-Document-Schema">
      <TextRun>
        <Text value="protocol" />
      </TextRun>
    </Content>
    <Entry name="creating" sort="creating">
      <Content xmlns="urn:WebWorks-Document-Schema">
        <TextRun>
          <Text value="creating" />
        </TextRun>
      </Content>
      <Link href="C:\Documents and Settings\hadfielj\My Documents\ePublisher Pro Projects\caArray_Online_Help\Output\WebWorks Help 5.0\caArray_Online_Help\Create &amp; Manage Experiments.5.15.html" anchor="1259810" fileposition="37" first="false" />
    </Entry>
  </Entry>
  <Entry name="hybridization" sort="hybridization" sectionposition="2">
    <Content xmlns="urn:WebWorks-Document-Schema">
      <TextRun>
        <Text value="hybridization" />
      </TextRun>
    </Content>
    <Entry name="viewing" sort="viewing">
      <Content xmlns="urn:WebWorks-Document-Schema">
        <TextRun>
          <Text value="viewing" />
        </TextRun>
      </Content>
      <Link href="C:\Documents and Settings\hadfielj\My Documents\ePublisher Pro Projects\caArray_Online_Help\Output\WebWorks Help 5.0\caArray_Online_Help\Create &amp; Manage Experiments.5.16.html" anchor="1310279" fileposition="38" first="false" />
    </Entry>
  </Entry>
  <Entry name="viewing" sort="viewing" sectionposition="2">
    <Content xmlns="urn:WebWorks-Document-Schema">
      <TextRun>
        <Text value="viewing" />
      </TextRun>
    </Content>
    <Entry name="hybridization" sort="hybridization">
      <Content xmlns="urn:WebWorks-Document-Schema">
        <TextRun>
          <Text value="hybridization" />
        </TextRun>
      </Content>
      <Link href="C:\Documents and Settings\hadfielj\My Documents\ePublisher Pro Projects\caArray_Online_Help\Output\WebWorks Help 5.0\caArray_Online_Help\Create &amp; Manage Experiments.5.16.html" anchor="1310279" fileposition="38" first="false" />
    </Entry>
  </Entry>
  <Entry name="copying" sort="copying" sectionposition="2">
    <Content xmlns="urn:WebWorks-Document-Schema">
      <TextRun>
        <Text value="copying" />
      </TextRun>
    </Content>
    <Entry name="biomaterials" sort="biomaterials">
      <Content xmlns="urn:WebWorks-Document-Schema">
        <TextRun>
          <Text value="biomaterials" />
        </TextRun>
      </Content>
      <Link href="C:\Documents and Settings\hadfielj\My Documents\ePublisher Pro Projects\caArray_Online_Help\Output\WebWorks Help 5.0\caArray_Online_Help\Create &amp; Manage Experiments.5.19.html" anchor="1260989" fileposition="41" first="false" />
    </Entry>
  </Entry>
  <Entry name="copying" sort="copying" sectionposition="2">
    <Content xmlns="urn:WebWorks-Document-Schema">
      <TextRun>
        <Text value="copying" />
      </TextRun>
    </Content>
    <Entry name="hybridizations" sort="hybridizations">
      <Content xmlns="urn:WebWorks-Document-Schema">
        <TextRun>
          <Text value="hybridizations" />
        </TextRun>
      </Content>
      <Link href="C:\Documents and Settings\hadfielj\My Documents\ePublisher Pro Projects\caArray_Online_Help\Output\WebWorks Help 5.0\caArray_Online_Help\Create &amp; Manage Experiments.5.19.html" anchor="1260989" fileposition="41" first="false" />
    </Entry>
  </Entry>
  <Entry name="deleting" sort="deleting" sectionposition="2">
    <Content xmlns="urn:WebWorks-Document-Schema">
      <TextRun>
        <Text value="deleting" />
      </TextRun>
    </Content>
    <Entry name="biomaterials" sort="biomaterials">
      <Content xmlns="urn:WebWorks-Document-Schema">
        <TextRun>
          <Text value="biomaterials" />
        </TextRun>
      </Content>
      <Link href="C:\Documents and Settings\hadfielj\My Documents\ePublisher Pro Projects\caArray_Online_Help\Output\WebWorks Help 5.0\caArray_Online_Help\Create &amp; Manage Experiments.5.20.html" anchor="1276269" fileposition="42" first="false" />
    </Entry>
  </Entry>
  <Entry name="deleting" sort="deleting" sectionposition="2">
    <Content xmlns="urn:WebWorks-Document-Schema">
      <TextRun>
        <Text value="deleting" />
      </TextRun>
    </Content>
    <Entry name="hybridizations" sort="hybridizations">
      <Content xmlns="urn:WebWorks-Document-Schema">
        <TextRun>
          <Text value="hybridizations" />
        </TextRun>
      </Content>
      <Link href="C:\Documents and Settings\hadfielj\My Documents\ePublisher Pro Projects\caArray_Online_Help\Output\WebWorks Help 5.0\caArray_Online_Help\Create &amp; Manage Experiments.5.20.html" anchor="1276269" fileposition="42" first="false" />
    </Entry>
  </Entry>
  <Entry name="downloading" sort="downloading" sectionposition="2">
    <Content xmlns="urn:WebWorks-Document-Schema">
      <TextRun>
        <Text value="downloading" />
      </TextRun>
    </Content>
    <Entry name="annotation files, source" sort="annotation files, source">
      <Content xmlns="urn:WebWorks-Document-Schema">
        <TextRun>
          <Text value="annotation files, source" />
        </TextRun>
      </Content>
      <Link href="C:\Documents and Settings\hadfielj\My Documents\ePublisher Pro Projects\caArray_Online_Help\Output\WebWorks Help 5.0\caArray_Online_Help\Create &amp; Manage Experiments.5.21.html" anchor="1261018" fileposition="43" first="false" />
    </Entry>
  </Entry>
  <Entry name="source" sort="source" sectionposition="2">
    <Content xmlns="urn:WebWorks-Document-Schema">
      <TextRun>
        <Text value="source" />
      </TextRun>
    </Content>
    <Entry name="downloading annotation files" sort="downloading annotation files">
      <Content xmlns="urn:WebWorks-Document-Schema">
        <TextRun>
          <Text value="downloading annotation files" />
        </TextRun>
      </Content>
      <Link href="C:\Documents and Settings\hadfielj\My Documents\ePublisher Pro Projects\caArray_Online_Help\Output\WebWorks Help 5.0\caArray_Online_Help\Create &amp; Manage Experiments.5.21.html" anchor="1261018" fileposition="43" first="false" />
    </Entry>
  </Entry>
  <Entry name="adding" sort="adding" sectionposition="2">
    <Content xmlns="urn:WebWorks-Document-Schema">
      <TextRun>
        <Text value="adding" />
      </TextRun>
    </Content>
    <Entry name="vocabulary term" sort="vocabulary term">
      <Content xmlns="urn:WebWorks-Document-Schema">
        <TextRun>
          <Text value="vocabulary term" />
        </TextRun>
      </Content>
      <Link href="C:\Documents and Settings\hadfielj\My Documents\ePublisher Pro Projects\caArray_Online_Help\Output\WebWorks Help 5.0\caArray_Online_Help\Create &amp; Manage Experiments.5.22.html" anchor="1215651" fileposition="44" first="false" />
    </Entry>
  </Entry>
  <Entry name="vocabulary term" sort="vocabulary term" sectionposition="2">
    <Content xmlns="urn:WebWorks-Document-Schema">
      <TextRun>
        <Text value="vocabulary term" />
      </TextRun>
    </Content>
    <Entry name="adding" sort="adding">
      <Content xmlns="urn:WebWorks-Document-Schema">
        <TextRun>
          <Text value="adding" />
        </TextRun>
      </Content>
      <Link href="C:\Documents and Settings\hadfielj\My Documents\ePublisher Pro Projects\caArray_Online_Help\Output\WebWorks Help 5.0\caArray_Online_Help\Create &amp; Manage Experiments.5.22.html" anchor="1215651" fileposition="44" first="false" />
    </Entry>
  </Entry>
  <Entry name="annotations" sort="annotations" sectionposition="2">
    <Content xmlns="urn:WebWorks-Document-Schema">
      <TextRun>
        <Text value="annotations" />
      </TextRun>
    </Content>
    <Entry name="adding vocabulary" sort="adding vocabulary">
      <Content xmlns="urn:WebWorks-Document-Schema">
        <TextRun>
          <Text value="adding vocabulary" />
        </TextRun>
      </Content>
      <Link href="C:\Documents and Settings\hadfielj\My Documents\ePublisher Pro Projects\caArray_Online_Help\Output\WebWorks Help 5.0\caArray_Online_Help\Create &amp; Manage Experiments.5.22.html" anchor="1215651" fileposition="44" first="false" />
    </Entry>
  </Entry>
  <Entry name="experiment" sort="experiment" sectionposition="2">
    <Content xmlns="urn:WebWorks-Document-Schema">
      <TextRun>
        <Text value="experiment" />
      </TextRun>
    </Content>
    <Entry name="adding vocabulary" sort="adding vocabulary">
      <Content xmlns="urn:WebWorks-Document-Schema">
        <TextRun>
          <Text value="adding vocabulary" />
        </TextRun>
      </Content>
      <Link href="C:\Documents and Settings\hadfielj\My Documents\ePublisher Pro Projects\caArray_Online_Help\Output\WebWorks Help 5.0\caArray_Online_Help\Create &amp; Manage Experiments.5.22.html" anchor="1215651" fileposition="44" first="false" />
    </Entry>
  </Entry>
  <Entry name="vocabulary term" sort="vocabulary term" sectionposition="2">
    <Content xmlns="urn:WebWorks-Document-Schema">
      <TextRun>
        <Text value="vocabulary term" />
      </TextRun>
    </Content>
    <Entry name="adding" sort="adding">
      <Content xmlns="urn:WebWorks-Document-Schema">
        <TextRun>
          <Text value="adding" />
        </TextRun>
      </Content>
      <Link href="C:\Documents and Settings\hadfielj\My Documents\ePublisher Pro Projects\caArray_Online_Help\Output\WebWorks Help 5.0\caArray_Online_Help\Create &amp; Manage Experiments.5.22.html" anchor="1208160" fileposition="44" first="false" />
    </Entry>
  </Entry>
  <Entry name="adding" sort="adding" sectionposition="2">
    <Content xmlns="urn:WebWorks-Document-Schema">
      <TextRun>
        <Text value="adding" />
      </TextRun>
    </Content>
    <Entry name="vocabulary term" sort="vocabulary term">
      <Content xmlns="urn:WebWorks-Document-Schema">
        <TextRun>
          <Text value="vocabulary term" />
        </TextRun>
      </Content>
      <Link href="C:\Documents and Settings\hadfielj\My Documents\ePublisher Pro Projects\caArray_Online_Help\Output\WebWorks Help 5.0\caArray_Online_Help\Create &amp; Manage Experiments.5.22.html" anchor="1208160" fileposition="44" first="false" />
    </Entry>
  </Entry>
  <Entry name="Data tab" sort="Data tab" sectionposition="2">
    <Content xmlns="urn:WebWorks-Document-Schema">
      <TextRun>
        <Text value="Data tab" />
      </TextRun>
    </Content>
    <Entry name="description" sort="description">
      <Content xmlns="urn:WebWorks-Document-Schema">
        <TextRun>
          <Text value="description" />
        </TextRun>
      </Content>
      <Link href="C:\Documents and Settings\hadfielj\My Documents\ePublisher Pro Projects\caArray_Online_Help\Output\WebWorks Help 5.0\caArray_Online_Help\Create &amp; Manage Experiments.5.23.html" anchor="1204204" fileposition="45" first="false" />
    </Entry>
  </Entry>
  <Entry name="Publications tab" sort="Publications tab" sectionposition="2">
    <Content xmlns="urn:WebWorks-Document-Schema">
      <TextRun>
        <Text value="Publications tab" />
      </TextRun>
    </Content>
    <Link href="C:\Documents and Settings\hadfielj\My Documents\ePublisher Pro Projects\caArray_Online_Help\Output\WebWorks Help 5.0\caArray_Online_Help\Create &amp; Manage Experiments.5.24.html" anchor="1152286" fileposition="46" first="false" />
  </Entry>
  <Entry name="publication, adding" sort="publication, adding" sectionposition="2">
    <Content xmlns="urn:WebWorks-Document-Schema">
      <TextRun>
        <Text value="publication, adding" />
      </TextRun>
    </Content>
    <Link href="C:\Documents and Settings\hadfielj\My Documents\ePublisher Pro Projects\caArray_Online_Help\Output\WebWorks Help 5.0\caArray_Online_Help\Create &amp; Manage Experiments.5.24.html" anchor="1152286" fileposition="46" first="false" />
  </Entry>
  <Entry name="adding" sort="adding" sectionposition="2">
    <Content xmlns="urn:WebWorks-Document-Schema">
      <TextRun>
        <Text value="adding" />
      </TextRun>
    </Content>
    <Entry name="publication" sort="publication">
      <Content xmlns="urn:WebWorks-Document-Schema">
        <TextRun>
          <Text value="publication" />
        </TextRun>
      </Content>
      <Link href="C:\Documents and Settings\hadfielj\My Documents\ePublisher Pro Projects\caArray_Online_Help\Output\WebWorks Help 5.0\caArray_Online_Help\Create &amp; Manage Experiments.5.24.html" anchor="1152286" fileposition="46" first="false" />
    </Entry>
  </Entry>
  <Entry name="experiment" sort="experiment" sectionposition="2">
    <Content xmlns="urn:WebWorks-Document-Schema">
      <TextRun>
        <Text value="experiment" />
      </TextRun>
    </Content>
    <Entry name="Publications tab" sort="Publications tab">
      <Content xmlns="urn:WebWorks-Document-Schema">
        <TextRun>
          <Text value="Publications tab" />
        </TextRun>
      </Content>
      <Link href="C:\Documents and Settings\hadfielj\My Documents\ePublisher Pro Projects\caArray_Online_Help\Output\WebWorks Help 5.0\caArray_Online_Help\Create &amp; Manage Experiments.5.24.html" anchor="1152286" fileposition="46" first="false" />
    </Entry>
  </Entry>
  <Entry name="experiment" sort="experiment" sectionposition="2">
    <Content xmlns="urn:WebWorks-Document-Schema">
      <TextRun>
        <Text value="experiment" />
      </TextRun>
    </Content>
    <Entry name="status" sort="status">
      <Content xmlns="urn:WebWorks-Document-Schema">
        <TextRun>
          <Text value="status" />
        </TextRun>
      </Content>
      <Link href="C:\Documents and Settings\hadfielj\My Documents\ePublisher Pro Projects\caArray_Online_Help\Output\WebWorks Help 5.0\caArray_Online_Help\Create &amp; Manage Experiments.5.25.html" anchor="1191326" fileposition="47" first="false" />
    </Entry>
  </Entry>
  <Entry name="submitting experiment" sort="submitting experiment" sectionposition="2">
    <Content xmlns="urn:WebWorks-Document-Schema">
      <TextRun>
        <Text value="submitting experiment" />
      </TextRun>
    </Content>
    <Link href="C:\Documents and Settings\hadfielj\My Documents\ePublisher Pro Projects\caArray_Online_Help\Output\WebWorks Help 5.0\caArray_Online_Help\Create &amp; Manage Experiments.5.25.html" anchor="1191326" fileposition="47" first="false" />
  </Entry>
  <Entry name="status of experiment" sort="status of experiment" sectionposition="2">
    <Content xmlns="urn:WebWorks-Document-Schema">
      <TextRun>
        <Text value="status of experiment" />
      </TextRun>
    </Content>
    <Link href="C:\Documents and Settings\hadfielj\My Documents\ePublisher Pro Projects\caArray_Online_Help\Output\WebWorks Help 5.0\caArray_Online_Help\Create &amp; Manage Experiments.5.25.html" anchor="1191326" fileposition="47" first="false" />
  </Entry>
  <Entry name="experiment" sort="experiment" sectionposition="2">
    <Content xmlns="urn:WebWorks-Document-Schema">
      <TextRun>
        <Text value="experiment" />
      </TextRun>
    </Content>
    <Entry name="submitting" sort="submitting">
      <Content xmlns="urn:WebWorks-Document-Schema">
        <TextRun>
          <Text value="submitting" />
        </TextRun>
      </Content>
      <Link href="C:\Documents and Settings\hadfielj\My Documents\ePublisher Pro Projects\caArray_Online_Help\Output\WebWorks Help 5.0\caArray_Online_Help\Create &amp; Manage Experiments.5.25.html" anchor="1191326" fileposition="47" first="false" />
    </Entry>
  </Entry>
  <Entry name="experiment" sort="experiment" sectionposition="2">
    <Content xmlns="urn:WebWorks-Document-Schema">
      <TextRun>
        <Text value="experiment" />
      </TextRun>
    </Content>
    <Entry name="updating" sort="updating">
      <Content xmlns="urn:WebWorks-Document-Schema">
        <TextRun>
          <Text value="updating" />
        </TextRun>
      </Content>
      <Link href="C:\Documents and Settings\hadfielj\My Documents\ePublisher Pro Projects\caArray_Online_Help\Output\WebWorks Help 5.0\caArray_Online_Help\Create &amp; Manage Experiments.5.26.html" anchor="1167599" fileposition="48" first="true" />
    </Entry>
  </Entry>
  <Entry name="experiment" sort="experiment" sectionposition="2">
    <Content xmlns="urn:WebWorks-Document-Schema">
      <TextRun>
        <Text value="experiment" />
      </TextRun>
    </Content>
    <Entry name="deleting" sort="deleting">
      <Content xmlns="urn:WebWorks-Document-Schema">
        <TextRun>
          <Text value="deleting" />
        </TextRun>
      </Content>
      <Link href="C:\Documents and Settings\hadfielj\My Documents\ePublisher Pro Projects\caArray_Online_Help\Output\WebWorks Help 5.0\caArray_Online_Help\Create &amp; Manage Experiments.5.28.html" anchor="1237445" fileposition="50" first="true" />
    </Entry>
  </Entry>
  <Entry name="deleting" sort="deleting" sectionposition="2">
    <Content xmlns="urn:WebWorks-Document-Schema">
      <TextRun>
        <Text value="deleting" />
      </TextRun>
    </Content>
    <Entry name="experiment" sort="experiment">
      <Content xmlns="urn:WebWorks-Document-Schema">
        <TextRun>
          <Text value="experiment" />
        </TextRun>
      </Content>
      <Link href="C:\Documents and Settings\hadfielj\My Documents\ePublisher Pro Projects\caArray_Online_Help\Output\WebWorks Help 5.0\caArray_Online_Help\Create &amp; Manage Experiments.5.28.html" anchor="1237445" fileposition="50" first="true" />
    </Entry>
  </Entry>
  <Entry name="experiment" sort="experiment" sectionposition="2">
    <Content xmlns="urn:WebWorks-Document-Schema">
      <TextRun>
        <Text value="experiment" />
      </TextRun>
    </Content>
    <Entry name="visibility" sort="visibility">
      <Content xmlns="urn:WebWorks-Document-Schema">
        <TextRun>
          <Text value="visibility" />
        </TextRun>
      </Content>
      <Link href="C:\Documents and Settings\hadfielj\My Documents\ePublisher Pro Projects\caArray_Online_Help\Output\WebWorks Help 5.0\caArray_Online_Help\Create &amp; Manage Experiments.5.30.html" anchor="1286114" fileposition="52" first="false" />
    </Entry>
  </Entry>
  <Entry name="permissions" sort="permissions" sectionposition="2">
    <Content xmlns="urn:WebWorks-Document-Schema">
      <TextRun>
        <Text value="permissions" />
      </TextRun>
    </Content>
    <Entry name="configuring" sort="configuring">
      <Content xmlns="urn:WebWorks-Document-Schema">
        <TextRun>
          <Text value="configuring" />
        </TextRun>
      </Content>
      <Link href="C:\Documents and Settings\hadfielj\My Documents\ePublisher Pro Projects\caArray_Online_Help\Output\WebWorks Help 5.0\caArray_Online_Help\Create &amp; Manage Experiments.5.30.html" anchor="1286114" fileposition="52" first="false" />
    </Entry>
  </Entry>
  <Entry name="TCGA policy" sort="TCGA policy" sectionposition="2">
    <Content xmlns="urn:WebWorks-Document-Schema">
      <TextRun>
        <Text value="TCGA policy" />
      </TextRun>
    </Content>
    <Link href="C:\Documents and Settings\hadfielj\My Documents\ePublisher Pro Projects\caArray_Online_Help\Output\WebWorks Help 5.0\caArray_Online_Help\Create &amp; Manage Experiments.5.30.html" anchor="1276715" fileposition="52" first="false" />
  </Entry>
  <Entry name="experiment" sort="experiment" sectionposition="2">
    <Content xmlns="urn:WebWorks-Document-Schema">
      <TextRun>
        <Text value="experiment" />
      </TextRun>
    </Content>
    <Entry name="draft status" sort="draft status">
      <Content xmlns="urn:WebWorks-Document-Schema">
        <TextRun>
          <Text value="draft status" />
        </TextRun>
      </Content>
      <Link href="C:\Documents and Settings\hadfielj\My Documents\ePublisher Pro Projects\caArray_Online_Help\Output\WebWorks Help 5.0\caArray_Online_Help\Create &amp; Manage Experiments.5.30.html" anchor="1188277" fileposition="52" first="false" />
    </Entry>
  </Entry>
  <Entry name="visibility" sort="visibility" sectionposition="2">
    <Content xmlns="urn:WebWorks-Document-Schema">
      <TextRun>
        <Text value="visibility" />
      </TextRun>
    </Content>
    <Entry name="Experiment in draft status" sort="Experiment in draft status">
      <Content xmlns="urn:WebWorks-Document-Schema">
        <TextRun>
          <Text value="Experiment in draft status" />
        </TextRun>
      </Content>
      <Link href="C:\Documents and Settings\hadfielj\My Documents\ePublisher Pro Projects\caArray_Online_Help\Output\WebWorks Help 5.0\caArray_Online_Help\Create &amp; Manage Experiments.5.30.html" anchor="1188277" fileposition="52" first="false" />
    </Entry>
  </Entry>
  <Entry name="draft status, Experiment visiblity in" sort="draft status, Experiment visiblity in" sectionposition="2">
    <Content xmlns="urn:WebWorks-Document-Schema">
      <TextRun>
        <Text value="draft status, Experiment visiblity in" />
      </TextRun>
    </Content>
    <Link href="C:\Documents and Settings\hadfielj\My Documents\ePublisher Pro Projects\caArray_Online_Help\Output\WebWorks Help 5.0\caArray_Online_Help\Create &amp; Manage Experiments.5.30.html" anchor="1188277" fileposition="52" first="false" />
  </Entry>
  <Entry name="experiment" sort="experiment" sectionposition="2">
    <Content xmlns="urn:WebWorks-Document-Schema">
      <TextRun>
        <Text value="experiment" />
      </TextRun>
    </Content>
    <Entry name="in progress" sort="in progress">
      <Content xmlns="urn:WebWorks-Document-Schema">
        <TextRun>
          <Text value="in progress" />
        </TextRun>
      </Content>
      <Link href="C:\Documents and Settings\hadfielj\My Documents\ePublisher Pro Projects\caArray_Online_Help\Output\WebWorks Help 5.0\caArray_Online_Help\Create &amp; Manage Experiments.5.30.html" anchor="1188308" fileposition="52" first="false" />
    </Entry>
  </Entry>
  <Entry name="visibility" sort="visibility" sectionposition="2">
    <Content xmlns="urn:WebWorks-Document-Schema">
      <TextRun>
        <Text value="visibility" />
      </TextRun>
    </Content>
    <Entry name="experiment in progress status" sort="experiment in progress status">
      <Content xmlns="urn:WebWorks-Document-Schema">
        <TextRun>
          <Text value="experiment in progress status" />
        </TextRun>
      </Content>
      <Link href="C:\Documents and Settings\hadfielj\My Documents\ePublisher Pro Projects\caArray_Online_Help\Output\WebWorks Help 5.0\caArray_Online_Help\Create &amp; Manage Experiments.5.30.html" anchor="1188308" fileposition="52" first="false" />
    </Entry>
  </Entry>
  <Entry name="in progress status, visibility in" sort="in progress status, visibility in" sectionposition="2">
    <Content xmlns="urn:WebWorks-Document-Schema">
      <TextRun>
        <Text value="in progress status, visibility in" />
      </TextRun>
    </Content>
    <Link href="C:\Documents and Settings\hadfielj\My Documents\ePublisher Pro Projects\caArray_Online_Help\Output\WebWorks Help 5.0\caArray_Online_Help\Create &amp; Manage Experiments.5.30.html" anchor="1188308" fileposition="52" first="false" />
  </Entry>
  <Entry name="permissions" sort="permissions" sectionposition="2">
    <Content xmlns="urn:WebWorks-Document-Schema">
      <TextRun>
        <Text value="permissions" />
      </TextRun>
    </Content>
    <Entry name="assigning by sample only" sort="assigning by sample only">
      <Content xmlns="urn:WebWorks-Document-Schema">
        <TextRun>
          <Text value="assigning by sample only" />
        </TextRun>
      </Content>
      <Link href="C:\Documents and Settings\hadfielj\My Documents\ePublisher Pro Projects\caArray_Online_Help\Output\WebWorks Help 5.0\caArray_Online_Help\Create &amp; Manage Experiments.5.31.html" anchor="1310936" fileposition="53" first="false" />
    </Entry>
  </Entry>
  <Entry name="visibility" sort="visibility" sectionposition="2">
    <Content xmlns="urn:WebWorks-Document-Schema">
      <TextRun>
        <Text value="visibility" />
      </TextRun>
    </Content>
    <Entry name="assigning selectively" sort="assigning selectively">
      <Content xmlns="urn:WebWorks-Document-Schema">
        <TextRun>
          <Text value="assigning selectively" />
        </TextRun>
      </Content>
      <Link href="C:\Documents and Settings\hadfielj\My Documents\ePublisher Pro Projects\caArray_Online_Help\Output\WebWorks Help 5.0\caArray_Online_Help\Create &amp; Manage Experiments.5.31.html" anchor="1310936" fileposition="53" first="false" />
    </Entry>
  </Entry>
  <Entry name="collaboration groups" sort="collaboration groups" sectionposition="2">
    <Content xmlns="urn:WebWorks-Document-Schema">
      <TextRun>
        <Text value="collaboration groups" />
      </TextRun>
    </Content>
    <Entry name="assigning permissions selectively" sort="assigning permissions selectively">
      <Content xmlns="urn:WebWorks-Document-Schema">
        <TextRun>
          <Text value="assigning permissions selectively" />
        </TextRun>
      </Content>
      <Link href="C:\Documents and Settings\hadfielj\My Documents\ePublisher Pro Projects\caArray_Online_Help\Output\WebWorks Help 5.0\caArray_Online_Help\Create &amp; Manage Experiments.5.31.html" anchor="1310936" fileposition="53" first="false" />
    </Entry>
  </Entry>
  <Entry name="visibility" sort="visibility" sectionposition="2">
    <Content xmlns="urn:WebWorks-Document-Schema">
      <TextRun>
        <Text value="visibility" />
      </TextRun>
    </Content>
    <Entry name="collaboration groups, setting" sort="collaboration groups, setting">
      <Content xmlns="urn:WebWorks-Document-Schema">
        <TextRun>
          <Text value="collaboration groups, setting" />
        </TextRun>
      </Content>
      <Link href="C:\Documents and Settings\hadfielj\My Documents\ePublisher Pro Projects\caArray_Online_Help\Output\WebWorks Help 5.0\caArray_Online_Help\Create &amp; Manage Experiments.5.32.html" anchor="1188588" fileposition="54" first="false" />
    </Entry>
  </Entry>
  <Entry name="collaboration groups" sort="collaboration groups" sectionposition="2">
    <Content xmlns="urn:WebWorks-Document-Schema">
      <TextRun>
        <Text value="collaboration groups" />
      </TextRun>
    </Content>
    <Entry name="setting experiment visibility" sort="setting experiment visibility">
      <Content xmlns="urn:WebWorks-Document-Schema">
        <TextRun>
          <Text value="setting experiment visibility" />
        </TextRun>
      </Content>
      <Link href="C:\Documents and Settings\hadfielj\My Documents\ePublisher Pro Projects\caArray_Online_Help\Output\WebWorks Help 5.0\caArray_Online_Help\Create &amp; Manage Experiments.5.32.html" anchor="1188588" fileposition="54" first="false" />
    </Entry>
  </Entry>
  <Entry name="experiment" sort="experiment" sectionposition="2">
    <Content xmlns="urn:WebWorks-Document-Schema">
      <TextRun>
        <Text value="experiment" />
      </TextRun>
    </Content>
    <Entry name="visibility" sort="visibility">
      <Content xmlns="urn:WebWorks-Document-Schema">
        <TextRun>
          <Text value="visibility" />
        </TextRun>
      </Content>
      <Link href="C:\Documents and Settings\hadfielj\My Documents\ePublisher Pro Projects\caArray_Online_Help\Output\WebWorks Help 5.0\caArray_Online_Help\Create &amp; Manage Experiments.5.32.html" anchor="1188588" fileposition="54" first="false" />
    </Entry>
  </Entry>
</Index>