<?xml version="1.0" encoding="utf-8"?>
<Splits version="1.0" xmlns="urn:WebWorks-Engine-Splits-Schema">
  <Split groupID="60DD1E48D072E93" documentID="72A37A9D5CD52D3C" id="1052621" position="1" documentstartposition="3" documentendposition="7" title="Extracting Data from caArray ">
    <Group name="caArray Online Help" id="60DD1E48D072E93" position="1" />
    <Document path="C:\Documents and Settings\hadfielj\My Documents\CBIIT Projects\caArray\caArray documentation\caArray 2.0\caArray 2.0 users guide and online help FM\Extracting data.fm" id="72A37A9D5CD52D3C" position="8" />
    <PageStyle value="" />
    <Frames />
    <Popups />
  </Split>
  <Split groupID="60DD1E48D072E93" documentID="72A37A9D5CD52D3C" id="1134560" position="2" documentstartposition="8" documentendposition="30" title="Downloading Data from caArray">
    <Group name="caArray Online Help" id="60DD1E48D072E93" position="1" />
    <Document path="C:\Documents and Settings\hadfielj\My Documents\CBIIT Projects\caArray\caArray documentation\caArray 2.0\caArray 2.0 users guide and online help FM\Extracting data.fm" id="72A37A9D5CD52D3C" position="8" />
    <PageStyle value="" />
    <Frames>
      <Frame position="1" title="">
        <Frame id="1134306" stylename="Default" xmlns="urn:WebWorks-Document-Schema">
          <Attribute name="display" value="inline" />
          <Attribute name="float" value="none" />
          <Attribute name="text-align" value="left" />
          <Attribute name="left" value="0.0" />
          <Attribute name="top" value="0.0" />
          <Attribute name="width" value="14.24952" />
          <Attribute name="height" value="14.24952" />
          <Facets>
            <Facet type="document">
              <Attribute name="adapter" value="Adobe FrameMaker" />
              <Attribute name="path" value="C:\Documents and Settings\hadfielj\My Documents\ePublisher Pro Projects\caArray Online Help\Data\61DD7DDB65736B3\60DD1E48D072E93\72A37A9D5CD52D3C\Extracting data.fmwif" />
              <Attribute name="id" value="1134306" />
            </Facet>
          </Facets>
          <Content />
        </Frame>
      </Frame>
    </Frames>
    <Popups />
  </Split>
  <Split groupID="60DD1E48D072E93" documentID="72A37A9D5CD52D3C" id="1134571" position="3" documentstartposition="31" documentendposition="32" title="Grid availability">
    <Group name="caArray Online Help" id="60DD1E48D072E93" position="1" />
    <Document path="C:\Documents and Settings\hadfielj\My Documents\CBIIT Projects\caArray\caArray documentation\caArray 2.0\caArray 2.0 users guide and online help FM\Extracting data.fm" id="72A37A9D5CD52D3C" position="8" />
    <PageStyle value="" />
    <Frames />
    <Popups />
  </Split>
  <Split groupID="60DD1E48D072E93" documentID="72A37A9D5CD52D3C" id="1132707" position="4" documentstartposition="33" documentendposition="39" title="Extracting Data Programmatically by API">
    <Group name="caArray Online Help" id="60DD1E48D072E93" position="1" />
    <Document path="C:\Documents and Settings\hadfielj\My Documents\CBIIT Projects\caArray\caArray documentation\caArray 2.0\caArray 2.0 users guide and online help FM\Extracting data.fm" id="72A37A9D5CD52D3C" position="8" />
    <PageStyle value="" />
    <Frames />
    <Popups />
  </Split>
  <Split groupID="60DD1E48D072E93" documentID="72A37A9D5CD52D3C" id="1134488" position="5" documentstartposition="40" documentendposition="45" title="Import Data">
    <Group name="caArray Online Help" id="60DD1E48D072E93" position="1" />
    <Document path="C:\Documents and Settings\hadfielj\My Documents\CBIIT Projects\caArray\caArray documentation\caArray 2.0\caArray 2.0 users guide and online help FM\Extracting data.fm" id="72A37A9D5CD52D3C" position="8" />
    <PageStyle value="" />
    <Frames />
    <Popups />
  </Split>
</Splits>