<?xml version="1.0" encoding="utf-8"?>
<Report version="1.0" xmlns="urn:WebWorks-Reports-Schema">
  <Entry context="links" type="external-url" severity="message">
    <Description>External URL link 'https://cabig.nci.nih.gov/workspaces/Architecture/caGrid'.</Description>
    <Navigation context="source">
      <Link protocol="adapter">
        <Data key="Path" value="C:\Documents and Settings\hadfielj\My Documents\CBIIT Projects\caArray\caArray documentation\caArray 2.3\Extracting data.fm" />
        <Data key="DocumentID" value="44FC21A4499E6C72" />
        <Data key="ID" value="1134572" />
      </Link>
    </Navigation>
    <Navigation context="output">
      <wwreport:Link protocol="uri" xmlns:wwreport="urn:WebWorks-Reports-Schema">
        <wwreport:Data key="URI" value="file:///C:/Documents%20and%20Settings/hadfielj/My%20Documents/ePublisher%20Pro%20Projects/caArray%20Online%20Help/Output/WebWorks%20Help%205.0/caArray%20Online%20Help/Extracting%20data.8.3.html#1134572" />
      </wwreport:Link>
    </Navigation>
    <Navigation context="output">
      <Link protocol="uri">
        <Data key="URI" value="https://cabig.nci.nih.gov/workspaces/Architecture/caGrid" />
      </Link>
    </Navigation>
    <Navigation context="details">
      <Link protocol="wwh5api">
        <Data key="BaseURI" value="file:///C:/Program%20Files/WebWorks/ePublisher%20Pro/Help/en" />
        <Data key="Context" value="reports" />
        <Data key="Topic" value="external_URLs" />
      </Link>
    </Navigation>
  </Entry>
  <Entry context="links" type="external-url" severity="message">
    <Description>External URL link 'https://gforge.nci.nih.gov/frs/?group_id=305https://gforge.nci.nih.gov/frs/?group_id=305'.</Description>
    <Navigation context="source">
      <Link protocol="adapter">
        <Data key="Path" value="C:\Documents and Settings\hadfielj\My Documents\CBIIT Projects\caArray\caArray documentation\caArray 2.3\Extracting data.fm" />
        <Data key="DocumentID" value="44FC21A4499E6C72" />
        <Data key="ID" value="1134457" />
      </Link>
    </Navigation>
    <Navigation context="output">
      <wwreport:Link protocol="uri" xmlns:wwreport="urn:WebWorks-Reports-Schema">
        <wwreport:Data key="URI" value="file:///C:/Documents%20and%20Settings/hadfielj/My%20Documents/ePublisher%20Pro%20Projects/caArray%20Online%20Help/Output/WebWorks%20Help%205.0/caArray%20Online%20Help/Extracting%20data.8.4.html#1134457" />
      </wwreport:Link>
    </Navigation>
    <Navigation context="output">
      <Link protocol="uri">
        <Data key="URI" value="https://gforge.nci.nih.gov/frs/?group_id=305https://gforge.nci.nih.gov/frs/?group_id=305" />
      </Link>
    </Navigation>
    <Navigation context="details">
      <Link protocol="wwh5api">
        <Data key="BaseURI" value="file:///C:/Program%20Files/WebWorks/ePublisher%20Pro/Help/en" />
        <Data key="Context" value="reports" />
        <Data key="Topic" value="external_URLs" />
      </Link>
    </Navigation>
  </Entry>
  <Entry context="links" type="external-url" severity="message">
    <Description>External URL link 'https://gforge.nci.nih.gov/frs/?group_id=305https://gforge.nci.nih.gov/frs/?group_id=305'.</Description>
    <Navigation context="source">
      <Link protocol="adapter">
        <Data key="Path" value="C:\Documents and Settings\hadfielj\My Documents\CBIIT Projects\caArray\caArray documentation\caArray 2.3\Extracting data.fm" />
        <Data key="DocumentID" value="44FC21A4499E6C72" />
        <Data key="ID" value="1134457" />
      </Link>
    </Navigation>
    <Navigation context="output">
      <wwreport:Link protocol="uri" xmlns:wwreport="urn:WebWorks-Reports-Schema">
        <wwreport:Data key="URI" value="file:///C:/Documents%20and%20Settings/hadfielj/My%20Documents/ePublisher%20Pro%20Projects/caArray%20Online%20Help/Output/WebWorks%20Help%205.0/caArray%20Online%20Help/Extracting%20data.8.4.html#1134457" />
      </wwreport:Link>
    </Navigation>
    <Navigation context="output">
      <Link protocol="uri">
        <Data key="URI" value="https://gforge.nci.nih.gov/frs/?group_id=305https://gforge.nci.nih.gov/frs/?group_id=305" />
      </Link>
    </Navigation>
    <Navigation context="details">
      <Link protocol="wwh5api">
        <Data key="BaseURI" value="file:///C:/Program%20Files/WebWorks/ePublisher%20Pro/Help/en" />
        <Data key="Context" value="reports" />
        <Data key="Topic" value="external_URLs" />
      </Link>
    </Navigation>
  </Entry>
</Report>