<?xml version="1.0" encoding="utf-8"?>
<Index version="1.0" xmlns="urn:WebWorks-Index-Schema">
  <Entry name="experiment" sort="experiment" sectionposition="2">
    <Content xmlns="urn:WebWorks-Document-Schema">
      <TextRun>
        <Text value="experiment" />
      </TextRun>
    </Content>
    <Entry name="managing data submission" sort="managing data submission">
      <Content xmlns="urn:WebWorks-Document-Schema">
        <TextRun>
          <Text value="managing data submission" />
        </TextRun>
      </Content>
      <Link href="C:\Documents and Settings\hadfielj\My Documents\ePublisher Pro Projects\caArray Online Help\Output\WebWorks Help 5.0\caArray Online Help\Submitting Data to Exp.7.2.html" anchor="1223049" fileposition="73" first="false" />
    </Entry>
  </Entry>
  <Entry name="managing" sort="managing" sectionposition="2">
    <Content xmlns="urn:WebWorks-Document-Schema">
      <TextRun>
        <Text value="managing" />
      </TextRun>
    </Content>
    <Entry name="data" sort="data">
      <Content xmlns="urn:WebWorks-Document-Schema">
        <TextRun>
          <Text value="data" />
        </TextRun>
      </Content>
      <Link href="C:\Documents and Settings\hadfielj\My Documents\ePublisher Pro Projects\caArray Online Help\Output\WebWorks Help 5.0\caArray Online Help\Submitting Data to Exp.7.2.html" anchor="1223049" fileposition="73" first="false" />
    </Entry>
  </Entry>
  <Entry name="Data tab" sort="Data tab" sectionposition="2">
    <Content xmlns="urn:WebWorks-Document-Schema">
      <TextRun>
        <Text value="Data tab" />
      </TextRun>
    </Content>
    <Entry name="Manage Data subtab" sort="Manage Data subtab">
      <Content xmlns="urn:WebWorks-Document-Schema">
        <TextRun>
          <Text value="Manage Data subtab" />
        </TextRun>
      </Content>
      <Link href="C:\Documents and Settings\hadfielj\My Documents\ePublisher Pro Projects\caArray Online Help\Output\WebWorks Help 5.0\caArray Online Help\Submitting Data to Exp.7.2.html" anchor="1223049" fileposition="73" first="false" />
    </Entry>
  </Entry>
  <Entry name="importable data file types" sort="importable data file types" sectionposition="2">
    <Content xmlns="urn:WebWorks-Document-Schema">
      <TextRun>
        <Text value="importable data file types" />
      </TextRun>
    </Content>
    <Link href="C:\Documents and Settings\hadfielj\My Documents\ePublisher Pro Projects\caArray Online Help\Output\WebWorks Help 5.0\caArray Online Help\Submitting Data to Exp.7.3.html" anchor="1227152" fileposition="74" first="false" />
  </Entry>
  <Entry name="file types, importable" sort="file types, importable" sectionposition="2">
    <Content xmlns="urn:WebWorks-Document-Schema">
      <TextRun>
        <Text value="file types, importable" />
      </TextRun>
    </Content>
    <Link href="C:\Documents and Settings\hadfielj\My Documents\ePublisher Pro Projects\caArray Online Help\Output\WebWorks Help 5.0\caArray Online Help\Submitting Data to Exp.7.3.html" anchor="1227152" fileposition="74" first="false" />
  </Entry>
  <Entry name="experiment" sort="experiment" sectionposition="2">
    <Content xmlns="urn:WebWorks-Document-Schema">
      <TextRun>
        <Text value="experiment" />
      </TextRun>
    </Content>
    <Entry name="Data tab" sort="Data tab">
      <Content xmlns="urn:WebWorks-Document-Schema">
        <TextRun>
          <Text value="Data tab" />
        </TextRun>
      </Content>
      <Link href="C:\Documents and Settings\hadfielj\My Documents\ePublisher Pro Projects\caArray Online Help\Output\WebWorks Help 5.0\caArray Online Help\Submitting Data to Exp.7.4.html" anchor="1223059" fileposition="75" first="false" />
    </Entry>
  </Entry>
  <Entry name="data tab" sort="data tab" sectionposition="2">
    <Content xmlns="urn:WebWorks-Document-Schema">
      <TextRun>
        <Text value="data tab" />
      </TextRun>
    </Content>
    <Entry name="filtering file display" sort="filtering file display">
      <Content xmlns="urn:WebWorks-Document-Schema">
        <TextRun>
          <Text value="filtering file display" />
        </TextRun>
      </Content>
      <Link href="C:\Documents and Settings\hadfielj\My Documents\ePublisher Pro Projects\caArray Online Help\Output\WebWorks Help 5.0\caArray Online Help\Submitting Data to Exp.7.4.html" anchor="1223093" fileposition="75" first="false" />
    </Entry>
  </Entry>
  <Entry name="files, filtering on Data tab" sort="files, filtering on Data tab" sectionposition="2">
    <Content xmlns="urn:WebWorks-Document-Schema">
      <TextRun>
        <Text value="files, filtering on Data tab" />
      </TextRun>
    </Content>
    <Link href="C:\Documents and Settings\hadfielj\My Documents\ePublisher Pro Projects\caArray Online Help\Output\WebWorks Help 5.0\caArray Online Help\Submitting Data to Exp.7.4.html" anchor="1223093" fileposition="75" first="false" />
  </Entry>
  <Entry name="uploading data to experiment" sort="uploading data to experiment" sectionposition="2">
    <Content xmlns="urn:WebWorks-Document-Schema">
      <TextRun>
        <Text value="uploading data to experiment" />
      </TextRun>
    </Content>
    <Link href="C:\Documents and Settings\hadfielj\My Documents\ePublisher Pro Projects\caArray Online Help\Output\WebWorks Help 5.0\caArray Online Help\Submitting Data to Exp.7.5.html" anchor="1223129" fileposition="76" first="false" />
  </Entry>
  <Entry name="experiment" sort="experiment" sectionposition="2">
    <Content xmlns="urn:WebWorks-Document-Schema">
      <TextRun>
        <Text value="experiment" />
      </TextRun>
    </Content>
    <Entry name="uploading data to" sort="uploading data to">
      <Content xmlns="urn:WebWorks-Document-Schema">
        <TextRun>
          <Text value="uploading data to" />
        </TextRun>
      </Content>
      <Link href="C:\Documents and Settings\hadfielj\My Documents\ePublisher Pro Projects\caArray Online Help\Output\WebWorks Help 5.0\caArray Online Help\Submitting Data to Exp.7.5.html" anchor="1223129" fileposition="76" first="false" />
    </Entry>
  </Entry>
  <Entry name="Data tab" sort="Data tab" sectionposition="2">
    <Content xmlns="urn:WebWorks-Document-Schema">
      <TextRun>
        <Text value="Data tab" />
      </TextRun>
    </Content>
    <Entry name="uploading data" sort="uploading data">
      <Content xmlns="urn:WebWorks-Document-Schema">
        <TextRun>
          <Text value="uploading data" />
        </TextRun>
      </Content>
      <Link href="C:\Documents and Settings\hadfielj\My Documents\ePublisher Pro Projects\caArray Online Help\Output\WebWorks Help 5.0\caArray Online Help\Submitting Data to Exp.7.5.html" anchor="1223129" fileposition="76" first="false" />
    </Entry>
  </Entry>
  <Entry name="deleting" sort="deleting" sectionposition="2">
    <Content xmlns="urn:WebWorks-Document-Schema">
      <TextRun>
        <Text value="deleting" />
      </TextRun>
    </Content>
    <Entry name="data file" sort="data file">
      <Content xmlns="urn:WebWorks-Document-Schema">
        <TextRun>
          <Text value="data file" />
        </TextRun>
      </Content>
      <Link href="C:\Documents and Settings\hadfielj\My Documents\ePublisher Pro Projects\caArray Online Help\Output\WebWorks Help 5.0\caArray Online Help\Submitting Data to Exp.7.7.html" anchor="1223214" fileposition="78" first="false" />
    </Entry>
  </Entry>
  <Entry name="Data tab" sort="Data tab" sectionposition="2">
    <Content xmlns="urn:WebWorks-Document-Schema">
      <TextRun>
        <Text value="Data tab" />
      </TextRun>
    </Content>
    <Entry name="deleting a file" sort="deleting a file">
      <Content xmlns="urn:WebWorks-Document-Schema">
        <TextRun>
          <Text value="deleting a file" />
        </TextRun>
      </Content>
      <Link href="C:\Documents and Settings\hadfielj\My Documents\ePublisher Pro Projects\caArray Online Help\Output\WebWorks Help 5.0\caArray Online Help\Submitting Data to Exp.7.7.html" anchor="1223214" fileposition="78" first="false" />
    </Entry>
  </Entry>
  <Entry name="validating" sort="validating" sectionposition="2">
    <Content xmlns="urn:WebWorks-Document-Schema">
      <TextRun>
        <Text value="validating" />
      </TextRun>
    </Content>
    <Entry name="data file" sort="data file">
      <Content xmlns="urn:WebWorks-Document-Schema">
        <TextRun>
          <Text value="data file" />
        </TextRun>
      </Content>
      <Link href="C:\Documents and Settings\hadfielj\My Documents\ePublisher Pro Projects\caArray Online Help\Output\WebWorks Help 5.0\caArray Online Help\Submitting Data to Exp.7.8.html" anchor="1223244" fileposition="79" first="false" />
    </Entry>
  </Entry>
  <Entry name="Data tab" sort="Data tab" sectionposition="2">
    <Content xmlns="urn:WebWorks-Document-Schema">
      <TextRun>
        <Text value="Data tab" />
      </TextRun>
    </Content>
    <Entry name="validating data" sort="validating data">
      <Content xmlns="urn:WebWorks-Document-Schema">
        <TextRun>
          <Text value="validating data" />
        </TextRun>
      </Content>
      <Link href="C:\Documents and Settings\hadfielj\My Documents\ePublisher Pro Projects\caArray Online Help\Output\WebWorks Help 5.0\caArray Online Help\Submitting Data to Exp.7.8.html" anchor="1223244" fileposition="79" first="false" />
    </Entry>
  </Entry>
  <Entry name="validation errors" sort="validation errors" sectionposition="2">
    <Content xmlns="urn:WebWorks-Document-Schema">
      <TextRun>
        <Text value="validation errors" />
      </TextRun>
    </Content>
    <Link href="C:\Documents and Settings\hadfielj\My Documents\ePublisher Pro Projects\caArray Online Help\Output\WebWorks Help 5.0\caArray Online Help\Submitting Data to Exp.7.10.html" anchor="1223326" fileposition="81" first="false" />
  </Entry>
  <Entry name="Data tab" sort="Data tab" sectionposition="2">
    <Content xmlns="urn:WebWorks-Document-Schema">
      <TextRun>
        <Text value="Data tab" />
      </TextRun>
    </Content>
    <Entry name="importing files" sort="importing files">
      <Content xmlns="urn:WebWorks-Document-Schema">
        <TextRun>
          <Text value="importing files" />
        </TextRun>
      </Content>
      <Link href="C:\Documents and Settings\hadfielj\My Documents\ePublisher Pro Projects\caArray Online Help\Output\WebWorks Help 5.0\caArray Online Help\Submitting Data to Exp.7.11.html" anchor="1223366" fileposition="82" first="false" />
    </Entry>
  </Entry>
  <Entry name="importing" sort="importing" sectionposition="2">
    <Content xmlns="urn:WebWorks-Document-Schema">
      <TextRun>
        <Text value="importing" />
      </TextRun>
    </Content>
    <Entry name="data files" sort="data files">
      <Content xmlns="urn:WebWorks-Document-Schema">
        <TextRun>
          <Text value="data files" />
        </TextRun>
      </Content>
      <Link href="C:\Documents and Settings\hadfielj\My Documents\ePublisher Pro Projects\caArray Online Help\Output\WebWorks Help 5.0\caArray Online Help\Submitting Data to Exp.7.11.html" anchor="1223366" fileposition="82" first="false" />
    </Entry>
  </Entry>
  <Entry name="importing" sort="importing" sectionposition="2">
    <Content xmlns="urn:WebWorks-Document-Schema">
      <TextRun>
        <Text value="importing" />
      </TextRun>
    </Content>
    <Entry name="MAGE-TAB data" sort="MAGE-TAB data">
      <Content xmlns="urn:WebWorks-Document-Schema">
        <TextRun>
          <Text value="MAGE-TAB data" />
        </TextRun>
      </Content>
      <Link href="C:\Documents and Settings\hadfielj\My Documents\ePublisher Pro Projects\caArray Online Help\Output\WebWorks Help 5.0\caArray Online Help\Submitting Data to Exp.7.13.html" anchor="1223534" fileposition="84" first="false" />
    </Entry>
  </Entry>
  <Entry name="MAGE-TAB" sort="MAGE-TAB" sectionposition="2">
    <Content xmlns="urn:WebWorks-Document-Schema">
      <TextRun>
        <Text value="MAGE-TAB" />
      </TextRun>
    </Content>
    <Entry name="importing data" sort="importing data">
      <Content xmlns="urn:WebWorks-Document-Schema">
        <TextRun>
          <Text value="importing data" />
        </TextRun>
      </Content>
      <Link href="C:\Documents and Settings\hadfielj\My Documents\ePublisher Pro Projects\caArray Online Help\Output\WebWorks Help 5.0\caArray Online Help\Submitting Data to Exp.7.13.html" anchor="1223534" fileposition="84" first="false" />
    </Entry>
  </Entry>
  <Entry name="MAGE-TAB" sort="MAGE-TAB" sectionposition="2">
    <Content xmlns="urn:WebWorks-Document-Schema">
      <TextRun>
        <Text value="MAGE-TAB" />
      </TextRun>
    </Content>
    <Entry name="importing data" sort="importing data">
      <Content xmlns="urn:WebWorks-Document-Schema">
        <TextRun>
          <Text value="importing data" />
        </TextRun>
      </Content>
      <Link href="C:\Documents and Settings\hadfielj\My Documents\ePublisher Pro Projects\caArray Online Help\Output\WebWorks Help 5.0\caArray Online Help\Submitting Data to Exp.7.14.html" anchor="1223568" fileposition="85" first="false" />
    </Entry>
  </Entry>
  <Entry name="importing" sort="importing" sectionposition="2">
    <Content xmlns="urn:WebWorks-Document-Schema">
      <TextRun>
        <Text value="importing" />
      </TextRun>
    </Content>
    <Entry name="MAGE-TAB data" sort="MAGE-TAB data">
      <Content xmlns="urn:WebWorks-Document-Schema">
        <TextRun>
          <Text value="MAGE-TAB data" />
        </TextRun>
      </Content>
      <Link href="C:\Documents and Settings\hadfielj\My Documents\ePublisher Pro Projects\caArray Online Help\Output\WebWorks Help 5.0\caArray Online Help\Submitting Data to Exp.7.14.html" anchor="1223568" fileposition="85" first="false" />
    </Entry>
  </Entry>
  <Entry name="MAGE-TAB" sort="MAGE-TAB" sectionposition="2">
    <Content xmlns="urn:WebWorks-Document-Schema">
      <TextRun>
        <Text value="MAGE-TAB" />
      </TextRun>
    </Content>
    <Entry name="data files" sort="data files">
      <Content xmlns="urn:WebWorks-Document-Schema">
        <TextRun>
          <Text value="data files" />
        </TextRun>
      </Content>
      <Link href="C:\Documents and Settings\hadfielj\My Documents\ePublisher Pro Projects\caArray Online Help\Output\WebWorks Help 5.0\caArray Online Help\Submitting Data to Exp.7.14.html" anchor="1223568" fileposition="85" first="false" />
    </Entry>
  </Entry>
  <Entry name="importing" sort="importing" sectionposition="2">
    <Content xmlns="urn:WebWorks-Document-Schema">
      <TextRun>
        <Text value="importing" />
      </TextRun>
    </Content>
    <Entry name="MAGE-TAB SDRF" sort="MAGE-TAB SDRF">
      <Content xmlns="urn:WebWorks-Document-Schema">
        <TextRun>
          <Text value="MAGE-TAB SDRF" />
        </TextRun>
      </Content>
      <Link href="C:\Documents and Settings\hadfielj\My Documents\ePublisher Pro Projects\caArray Online Help\Output\WebWorks Help 5.0\caArray Online Help\Submitting Data to Exp.7.16.html" anchor="1223595" fileposition="87" first="false" />
    </Entry>
  </Entry>
  <Entry name="biomaterials" sort="biomaterials" sectionposition="2">
    <Content xmlns="urn:WebWorks-Document-Schema">
      <TextRun>
        <Text value="biomaterials" />
      </TextRun>
    </Content>
    <Entry name="autogeneration when MAGE-TAB data imported" sort="autogeneration when MAGE-TAB data imported">
      <Content xmlns="urn:WebWorks-Document-Schema">
        <TextRun>
          <Text value="autogeneration when MAGE-TAB data imported" />
        </TextRun>
      </Content>
      <Link href="C:\Documents and Settings\hadfielj\My Documents\ePublisher Pro Projects\caArray Online Help\Output\WebWorks Help 5.0\caArray Online Help\Submitting Data to Exp.7.16.html" anchor="1223595" fileposition="87" first="false" />
    </Entry>
  </Entry>
  <Entry name="MAGE-TAB" sort="MAGE-TAB" sectionposition="2">
    <Content xmlns="urn:WebWorks-Document-Schema">
      <TextRun>
        <Text value="MAGE-TAB" />
      </TextRun>
    </Content>
    <Entry name="auto-generating biomaterials" sort="auto-generating biomaterials">
      <Content xmlns="urn:WebWorks-Document-Schema">
        <TextRun>
          <Text value="auto-generating biomaterials" />
        </TextRun>
      </Content>
      <Link href="C:\Documents and Settings\hadfielj\My Documents\ePublisher Pro Projects\caArray Online Help\Output\WebWorks Help 5.0\caArray Online Help\Submitting Data to Exp.7.16.html" anchor="1223595" fileposition="87" first="false" />
    </Entry>
  </Entry>
  <Entry name="downloading" sort="downloading" sectionposition="2">
    <Content xmlns="urn:WebWorks-Document-Schema">
      <TextRun>
        <Text value="downloading" />
      </TextRun>
    </Content>
    <Entry name="MAGE-TAB data" sort="MAGE-TAB data">
      <Content xmlns="urn:WebWorks-Document-Schema">
        <TextRun>
          <Text value="MAGE-TAB data" />
        </TextRun>
      </Content>
      <Link href="C:\Documents and Settings\hadfielj\My Documents\ePublisher Pro Projects\caArray Online Help\Output\WebWorks Help 5.0\caArray Online Help\Submitting Data to Exp.7.16.html" anchor="1230591" fileposition="87" first="false" />
    </Entry>
  </Entry>
  <Entry name="supplemental fles" sort="supplemental fles" sectionposition="2">
    <Content xmlns="urn:WebWorks-Document-Schema">
      <TextRun>
        <Text value="supplemental fles" />
      </TextRun>
    </Content>
    <Link href="C:\Documents and Settings\hadfielj\My Documents\ePublisher Pro Projects\caArray Online Help\Output\WebWorks Help 5.0\caArray Online Help\Submitting Data to Exp.7.17.html" anchor="1223632" fileposition="88" first="false" />
  </Entry>
  <Entry name="Data tab" sort="Data tab" sectionposition="2">
    <Content xmlns="urn:WebWorks-Document-Schema">
      <TextRun>
        <Text value="Data tab" />
      </TextRun>
    </Content>
    <Entry name="Supplemental Files" sort="Supplemental Files">
      <Content xmlns="urn:WebWorks-Document-Schema">
        <TextRun>
          <Text value="Supplemental Files" />
        </TextRun>
      </Content>
      <Link href="C:\Documents and Settings\hadfielj\My Documents\ePublisher Pro Projects\caArray Online Help\Output\WebWorks Help 5.0\caArray Online Help\Submitting Data to Exp.7.17.html" anchor="1223632" fileposition="88" first="false" />
    </Entry>
  </Entry>
</Index>