<?xml version="1.0" encoding="utf-8"?>
<Behaviors version="1.0" xmlns="urn:WebWorks-Behaviors-Schema">
  <Split id="1052621" documentposition="3">
    <Paragraph id="1052621" documentposition="3" splitpriority="1" />
    <Paragraph id="1134590" documentposition="4" splitpriority="none" />
    <Paragraph id="1134588" documentposition="5" splitpriority="none" />
    <Paragraph id="1134598" documentposition="6" splitpriority="none" />
    <Paragraph id="1134606" documentposition="7" splitpriority="none" />
  </Split>
  <Split id="1134560" documentposition="8">
    <Paragraph id="1134560" documentposition="8" splitpriority="2" />
    <Paragraph id="1132728" documentposition="9" splitpriority="none" />
    <Paragraph id="1137360" documentposition="10" splitpriority="none" />
    <Paragraph id="1137475" documentposition="11" splitpriority="none" />
    <Paragraph id="1137358" documentposition="12" splitpriority="none" />
    <Paragraph id="1134842" documentposition="13" splitpriority="none" />
    <Paragraph id="1134845" documentposition="14" splitpriority="none" />
    <Paragraph id="1134276" documentposition="15" splitpriority="none" />
    <Paragraph id="1135083" documentposition="16" splitpriority="none" />
    <Paragraph id="1135206" documentposition="17" splitpriority="none" />
    <Paragraph id="1135968" documentposition="19" splitpriority="none">
      <Frame id="1135094" />
    </Paragraph>
    <Paragraph id="1137928" documentposition="20" splitpriority="none" />
    <Paragraph id="1135357" documentposition="21" splitpriority="none">
      <Frame id="1135355" />
    </Paragraph>
    <Paragraph id="1135146" documentposition="22" splitpriority="none" />
    <Paragraph id="1135168" documentposition="23" splitpriority="none" />
    <Paragraph id="1135166" documentposition="24" splitpriority="none" />
    <Paragraph id="1132862" documentposition="25" splitpriority="none" />
    <Paragraph id="1134375" documentposition="26" splitpriority="none" />
    <Paragraph id="1142074" documentposition="27" splitpriority="none" relatedtopic="define-no-output" />
    <Paragraph id="1142078" documentposition="28" splitpriority="none" relatedtopic="define-no-output" />
  </Split>
  <Split id="1134571" documentposition="29">
    <Paragraph id="1134571" documentposition="29" splitpriority="2" />
    <Paragraph id="1134572" documentposition="30" splitpriority="none" />
    <Paragraph id="1135457" documentposition="31" splitpriority="none" />
    <Paragraph id="1142086" documentposition="32" splitpriority="none" relatedtopic="define-no-output" />
    <Paragraph id="1142090" documentposition="33" splitpriority="none" relatedtopic="define-no-output" />
  </Split>
  <Split id="1132707" documentposition="34">
    <Paragraph id="1132707" documentposition="34" splitpriority="2" />
    <Paragraph id="1132676" documentposition="35" splitpriority="none" />
    <Paragraph id="1134457" documentposition="36" splitpriority="none" />
    <Paragraph id="1142098" documentposition="37" splitpriority="none" relatedtopic="define-no-output" />
    <Paragraph id="1142102" documentposition="38" splitpriority="none" relatedtopic="define-no-output" />
    <Paragraph id="1109608" documentposition="39" splitpriority="none" />
  </Split>
</Behaviors>