<?xml version="1.0" encoding="utf-8"?>
<SplitPriorities version="1.0" xmlns="urn:WebWorks-Engine-Splits-Schema">
  <SplitPriority id="1223007" documentposition="3" splitpriority="1" outputposition="1" />
  <SplitPriority id="1223043" documentposition="13" splitpriority="2" outputposition="11" />
  <SplitPriority id="1227147" documentposition="22" splitpriority="3" outputposition="20" />
  <SplitPriority id="1226920" documentposition="27" splitpriority="3" outputposition="25" />
  <SplitPriority id="1223127" documentposition="38" splitpriority="3" outputposition="35" />
  <SplitPriority id="1223158" documentposition="47" splitpriority="4" outputposition="44" />
  <SplitPriority id="1241003" documentposition="65" splitpriority="4" outputposition="60" />
  <SplitPriority id="1223212" documentposition="75" splitpriority="4" outputposition="69" />
  <SplitPriority id="1223242" documentposition="85" splitpriority="3" outputposition="79" />
  <SplitPriority id="1223284" documentposition="100" splitpriority="4" outputposition="94" />
  <SplitPriority id="1223323" documentposition="117" splitpriority="4" outputposition="111" />
  <SplitPriority id="1223355" documentposition="131" splitpriority="3" outputposition="124" />
  <SplitPriority id="1223472" documentposition="143" splitpriority="4" outputposition="136" />
  <SplitPriority id="1255345" documentposition="163" splitpriority="4" outputposition="155" />
  <SplitPriority id="1223533" documentposition="186" splitpriority="3" outputposition="176" />
  <SplitPriority id="1223559" documentposition="193" splitpriority="4" outputposition="183" />
  <SplitPriority id="1238432" documentposition="213" splitpriority="3" outputposition="203" />
  <SplitPriority id="1223593" documentposition="221" splitpriority="4" outputposition="211" />
  <SplitPriority id="1230606" documentposition="225" splitpriority="3" outputposition="215" />
  <SplitPriority id="1223669" documentposition="239" splitpriority="2" outputposition="229" />
</SplitPriorities>