<?xml version="1.0" encoding="utf-8"?>
<Behaviors version="1.0" xmlns="urn:WebWorks-Behaviors-Schema">
  <Split id="1052621" documentposition="1">
    <Paragraph id="1052621" documentposition="1" splitpriority="1" />
    <Paragraph id="1073952" documentposition="2" splitpriority="none" />
    <Paragraph id="1077870" documentposition="3" splitpriority="none" />
    <Paragraph id="1082317" documentposition="4" splitpriority="none" />
    <Paragraph id="1076708" documentposition="5" splitpriority="none" />
    <Paragraph id="1076716" documentposition="6" splitpriority="none" />
    <Paragraph id="1085309" documentposition="7" splitpriority="none" />
    <Paragraph id="1082598" documentposition="8" splitpriority="none" />
    <Paragraph id="1082602" documentposition="9" splitpriority="none" />
    <Paragraph id="1082610" documentposition="10" splitpriority="none" />
    <Paragraph id="1082614" documentposition="11" splitpriority="none" />
    <Paragraph id="1077878" documentposition="12" splitpriority="none" />
    <Paragraph id="1082450" documentposition="13" splitpriority="none" />
    <Paragraph id="1082621" documentposition="14" splitpriority="none" />
    <Paragraph id="1076660" documentposition="15" splitpriority="none" />
  </Split>
</Behaviors>