<?xml version="1.0" encoding="utf-8"?>
<Behaviors version="1.0" xmlns="urn:WebWorks-Behaviors-Schema">
  <Split id="1052621" documentposition="3">
    <Paragraph id="1052621" documentposition="3" splitpriority="1" dropdown="continue" popup="none" popup-page-rule="" />
    <Paragraph id="1134590" documentposition="4" splitpriority="none" dropdown="continue" popup="none" popup-page-rule="" />
    <Paragraph id="1134588" documentposition="5" splitpriority="none" dropdown="continue" popup="none" popup-page-rule="" />
    <Paragraph id="1134598" documentposition="6" splitpriority="none" dropdown="continue" popup="none" popup-page-rule="" />
    <Paragraph id="1134606" documentposition="7" splitpriority="none" popup="none" popup-page-rule="" dropdown="end" />
  </Split>
  <Split id="1134560" documentposition="8">
    <Paragraph id="1134560" documentposition="8" splitpriority="2" dropdown="continue" popup="none" popup-page-rule="" />
    <Paragraph id="1132728" documentposition="9" splitpriority="none" dropdown="continue" popup="none" popup-page-rule="" />
    <Paragraph id="1143273" documentposition="10" splitpriority="none" dropdown="continue" popup="none" popup-page-rule="" />
    <Paragraph id="1137358" documentposition="11" splitpriority="none" dropdown="continue" popup="none" popup-page-rule="" />
    <Paragraph id="1134842" documentposition="12" splitpriority="none" dropdown="continue" popup="none" popup-page-rule="" />
    <Paragraph id="1134845" documentposition="13" splitpriority="none" dropdown="continue" popup="none" popup-page-rule="" />
    <Paragraph id="1134276" documentposition="14" splitpriority="none" dropdown="continue" popup="none" popup-page-rule="" />
    <Paragraph id="1135083" documentposition="15" splitpriority="none" dropdown="continue" popup="none" popup-page-rule="" />
    <Paragraph id="1135206" documentposition="16" splitpriority="none" dropdown="continue" popup="none" popup-page-rule="" />
    <Paragraph id="1135968" documentposition="18" splitpriority="none" dropdown="continue" popup="none" popup-page-rule="" />
    <Paragraph id="1143415" documentposition="19" splitpriority="none" dropdown="continue" popup="none" popup-page-rule="" />
    <Paragraph id="1143419" documentposition="20" splitpriority="none" dropdown="continue" popup="none" popup-page-rule="" />
    <Paragraph id="1143412" documentposition="21" splitpriority="none" dropdown="continue" popup="none" popup-page-rule="">
      <Frame id="1135094">
        <Paragraph id="" dropdown="continue" popup="none" popup-page-rule="" />
      </Frame>
    </Paragraph>
    <Paragraph id="1137928" documentposition="22" splitpriority="none" dropdown="continue" popup="none" popup-page-rule="" />
    <Paragraph id="1143411" documentposition="23" splitpriority="none" dropdown="continue" popup="none" popup-page-rule="">
      <Frame id="1135355">
        <Paragraph id="" dropdown="continue" popup="none" popup-page-rule="" />
      </Frame>
    </Paragraph>
    <Paragraph id="1143348" documentposition="24" splitpriority="none" dropdown="continue" popup="none" popup-page-rule="" />
    <Paragraph id="1143372" documentposition="25" splitpriority="none" dropdown="continue" popup="none" popup-page-rule="" />
    <Paragraph id="1135146" documentposition="26" splitpriority="none" dropdown="continue" popup="none" popup-page-rule="" />
    <Paragraph id="1143390" documentposition="27" splitpriority="none" dropdown="continue" popup="none" popup-page-rule="" />
    <Paragraph id="1135168" documentposition="28" splitpriority="none" dropdown="continue" popup="none" popup-page-rule="" />
    <Paragraph id="1135166" documentposition="29" splitpriority="none" dropdown="continue" popup="none" popup-page-rule="" />
    <Paragraph id="1132862" documentposition="30" splitpriority="none" dropdown="continue" popup="none" popup-page-rule="" />
    <Paragraph id="1134375" documentposition="31" splitpriority="none" dropdown="continue" popup="none" popup-page-rule="" />
    <Paragraph id="1144505" documentposition="32" splitpriority="none" relatedtopic="define-no-output" dropdown="continue" popup="none" popup-page-rule="" />
    <Paragraph id="1144509" documentposition="33" splitpriority="none" relatedtopic="define-no-output" popup="none" popup-page-rule="" dropdown="end" />
  </Split>
  <Split id="1134571" documentposition="34">
    <Paragraph id="1134571" documentposition="34" splitpriority="2" dropdown="continue" popup="none" popup-page-rule="" />
    <Paragraph id="1134572" documentposition="35" splitpriority="none" dropdown="continue" popup="none" popup-page-rule="" />
    <Paragraph id="1135457" documentposition="36" splitpriority="none" dropdown="continue" popup="none" popup-page-rule="" />
    <Paragraph id="1144517" documentposition="37" splitpriority="none" relatedtopic="define-no-output" dropdown="continue" popup="none" popup-page-rule="" />
    <Paragraph id="1144521" documentposition="38" splitpriority="none" relatedtopic="define-no-output" popup="none" popup-page-rule="" dropdown="end" />
  </Split>
  <Split id="1132707" documentposition="39">
    <Paragraph id="1132707" documentposition="39" splitpriority="2" dropdown="continue" popup="none" popup-page-rule="" />
    <Paragraph id="1132676" documentposition="40" splitpriority="none" dropdown="continue" popup="none" popup-page-rule="" />
    <Paragraph id="1134457" documentposition="41" splitpriority="none" dropdown="continue" popup="none" popup-page-rule="" />
    <Paragraph id="1144529" documentposition="42" splitpriority="none" relatedtopic="define-no-output" dropdown="continue" popup="none" popup-page-rule="" />
    <Paragraph id="1144533" documentposition="43" splitpriority="none" relatedtopic="define-no-output" dropdown="continue" popup="none" popup-page-rule="" />
    <Paragraph id="1109608" documentposition="44" splitpriority="none" popup="none" popup-page-rule="" dropdown="end" />
  </Split>
</Behaviors>