<?xml version="1.0" encoding="utf-8"?>
<Behaviors version="1.0" xmlns="urn:WebWorks-Behaviors-Schema">
  <Split id="1052621" documentposition="3">
    <Paragraph id="1052621" documentposition="3" splitpriority="1" />
    <Paragraph id="1067312" documentposition="4" splitpriority="none" />
    <Paragraph id="1067313" documentposition="5" splitpriority="none" />
    <Paragraph id="1067317" documentposition="6" splitpriority="none" />
    <Paragraph id="1067321" documentposition="7" splitpriority="none" />
    <Paragraph id="1070156" documentposition="8" splitpriority="none" />
    <Paragraph id="1070160" documentposition="9" splitpriority="none" />
  </Split>
  <Split id="1070162" documentposition="10">
    <Paragraph id="1070162" documentposition="10" splitpriority="2" />
    <Paragraph id="1102034" documentposition="11" splitpriority="none" />
    <Paragraph id="1153777" documentposition="12" splitpriority="none" />
    <Paragraph id="1127876" documentposition="13" splitpriority="none" />
    <Paragraph id="1127888" documentposition="14" splitpriority="none" />
    <Paragraph id="1127814" documentposition="15" splitpriority="none" />
    <Paragraph id="1102033" documentposition="16" splitpriority="none" />
    <Paragraph id="1124434" documentposition="17" splitpriority="none" />
    <Paragraph id="1120170" documentposition="18" splitpriority="none" />
  </Split>
  <Split id="1124686" documentposition="19">
    <Paragraph id="1124686" documentposition="19" splitpriority="3" />
    <Paragraph id="1260628" documentposition="20" splitpriority="none" />
    <Paragraph id="1260635" documentposition="21" splitpriority="none" />
  </Split>
  <Split id="1153818" documentposition="22">
    <Paragraph id="1153818" documentposition="22" splitpriority="4" />
    <Paragraph id="1260640" documentposition="23" splitpriority="none" />
    <Paragraph id="1139863" documentposition="25" splitpriority="none" />
    <Paragraph id="1140925" documentposition="26" splitpriority="none" />
    <Paragraph id="1131246" documentposition="27" splitpriority="none" />
    <Paragraph id="1153825" documentposition="28" splitpriority="none" />
    <Paragraph id="1130207" documentposition="29" splitpriority="none" />
    <Paragraph id="1131178" documentposition="30" splitpriority="none" />
    <Paragraph id="1260648" documentposition="31" splitpriority="none" relatedtopic="define-no-output" />
    <Paragraph id="1260652" documentposition="32" splitpriority="none" relatedtopic="define-no-output" />
  </Split>
  <Split id="1139937" documentposition="33">
    <Paragraph id="1139937" documentposition="33" splitpriority="4" />
    <Paragraph id="1131193" documentposition="34" splitpriority="none" />
    <Paragraph id="1151012" documentposition="35" splitpriority="none" />
    <Paragraph id="1140075" documentposition="37" splitpriority="none" />
    <Paragraph id="1151143" documentposition="38" splitpriority="none" />
    <Paragraph id="1151224" documentposition="39" splitpriority="none" />
  </Split>
  <Split id="1237428" documentposition="40">
    <Paragraph id="1237428" documentposition="40" splitpriority="2" />
    <Paragraph id="1237454" documentposition="41" splitpriority="none" />
    <Paragraph id="1237640" documentposition="42" splitpriority="none" />
    <Paragraph id="1237627" documentposition="43" splitpriority="none" />
  </Split>
  <Split id="1151148" documentposition="44">
    <Paragraph id="1151148" documentposition="44" splitpriority="3" />
    <Paragraph id="1120790" documentposition="45" splitpriority="none" />
    <Paragraph id="1120796" documentposition="46" splitpriority="none" />
    <Paragraph id="1120821" documentposition="47" splitpriority="none" />
    <Paragraph id="1124080" documentposition="48" splitpriority="none" />
    <Paragraph id="1120826" documentposition="49" splitpriority="none" />
  </Split>
  <Split id="1237205" documentposition="50">
    <Paragraph id="1237205" documentposition="50" splitpriority="3">
      <Marker behavior="topic" id="1237208">
        <Marker id="1237208" name="TopicAlias" xmlns="urn:WebWorks-Document-Schema">
          <TextRun id="tr1237208-1">
            <Text value="register_user_help" />
          </TextRun>
        </Marker>
      </Marker>
    </Paragraph>
    <Paragraph id="1127125" documentposition="51" splitpriority="none" />
    <Paragraph id="1131629" documentposition="52" splitpriority="none" />
    <Paragraph id="1136651" documentposition="53" splitpriority="none" />
    <Paragraph id="1127213" documentposition="54" splitpriority="none">
      <Paragraph id="1127415" />
    </Paragraph>
    <Paragraph id="1127299" documentposition="55" splitpriority="none" />
    <Paragraph id="1127432" documentposition="56" splitpriority="none" />
    <Paragraph id="1139274" documentposition="57" splitpriority="none" />
    <Paragraph id="1151381" documentposition="58" splitpriority="none" />
    <Paragraph id="1151382" documentposition="59" splitpriority="none" />
    <Paragraph id="1215483" documentposition="60" splitpriority="none" />
    <Paragraph id="1215488" documentposition="61" splitpriority="none" />
    <Paragraph id="1260756" documentposition="62" splitpriority="none" />
    <Paragraph id="1225710" documentposition="63" splitpriority="none" dropdown="start-closed" />
    <Table id="1220441" documentposition="64" splitpriority="none">
      <TableCell>
        <Paragraph id="1220443" />
      </TableCell>
      <TableCell>
        <Paragraph id="1220445" />
      </TableCell>
      <TableCell>
        <Paragraph id="1220447" />
      </TableCell>
      <TableCell>
        <Paragraph id="1220449" />
      </TableCell>
      <TableCell>
        <Paragraph id="1220451" />
      </TableCell>
      <TableCell>
        <Paragraph id="1220453" />
        <Paragraph id="1220454" />
      </TableCell>
      <TableCell>
        <Paragraph id="1220456" />
      </TableCell>
      <TableCell>
        <Paragraph id="1220458" />
      </TableCell>
      <TableCell>
        <Paragraph id="1220460" />
        <Paragraph id="1220461" />
        <Paragraph id="1220462" />
        <Paragraph id="1220463" />
      </TableCell>
      <TableCell>
        <Paragraph id="1220465" />
      </TableCell>
      <TableCell>
        <Paragraph id="1220467" />
      </TableCell>
      <TableCell>
        <Paragraph id="1220469" />
      </TableCell>
      <TableCell>
        <Paragraph id="1220471" />
      </TableCell>
      <TableCell>
        <Paragraph id="1220473" />
      </TableCell>
      <TableCell>
        <Paragraph id="1220475" />
      </TableCell>
      <TableCell>
        <Paragraph id="1220477" />
      </TableCell>
      <TableCell>
        <Paragraph id="1220479" />
      </TableCell>
      <TableCell>
        <Paragraph id="1220481" />
      </TableCell>
      <TableCell>
        <Paragraph id="1220483" />
      </TableCell>
    </Table>
    <Paragraph id="1225720" documentposition="65" splitpriority="none" dropdown="end" />
    <Paragraph id="1260762" documentposition="66" splitpriority="none" />
    <Paragraph id="1220420" documentposition="67" splitpriority="none" />
    <Paragraph id="1206006" documentposition="68" splitpriority="none" />
    <Paragraph id="1127544" documentposition="69" splitpriority="none" />
    <Paragraph id="1127553" documentposition="70" splitpriority="none" />
    <Paragraph id="1127562" documentposition="71" splitpriority="none" />
    <Paragraph id="1127651" documentposition="72" splitpriority="none" />
    <Paragraph id="1127571" documentposition="73" splitpriority="none" />
    <Paragraph id="1127572" documentposition="74" splitpriority="none" />
    <Paragraph id="1127577" documentposition="75" splitpriority="none" />
    <Paragraph id="1132284" documentposition="76" splitpriority="none" />
    <Paragraph id="1127587" documentposition="77" splitpriority="none" />
    <Paragraph id="1127588" documentposition="78" splitpriority="none" />
    <Paragraph id="1127593" documentposition="79" splitpriority="none" />
    <Paragraph id="1127656" documentposition="80" splitpriority="none" />
    <Paragraph id="1237144" documentposition="81" splitpriority="none" />
    <Paragraph id="1237124" documentposition="82" splitpriority="none" />
    <Paragraph id="1126341" documentposition="83" splitpriority="none" />
    <Paragraph id="1095490" documentposition="84" splitpriority="none" />
    <Paragraph id="1237671" documentposition="85" splitpriority="none" />
  </Split>
  <Split id="1082564" documentposition="86">
    <Paragraph id="1082564" documentposition="86" splitpriority="2" />
    <Paragraph id="1132348" documentposition="87" splitpriority="none" />
    <Paragraph id="1125342" documentposition="88" splitpriority="none" />
    <Paragraph id="1082572" documentposition="89" splitpriority="none">
      <Frame id="1151708">
        <Paragraph id="" />
      </Frame>
    </Paragraph>
    <Paragraph id="1082579" documentposition="90" splitpriority="none" />
    <Paragraph id="1151817" documentposition="91" splitpriority="none" />
    <Paragraph id="1151828" documentposition="92" splitpriority="none" />
    <Paragraph id="1151764" documentposition="93" splitpriority="none" />
    <Paragraph id="1082584" documentposition="94" splitpriority="none" />
    <Paragraph id="1082585" documentposition="95" splitpriority="none" />
    <Paragraph id="1082586" documentposition="96" splitpriority="none">
      <Frame id="1082588">
        <Paragraph id="" />
      </Frame>
    </Paragraph>
    <Paragraph id="1082590" documentposition="97" splitpriority="none" />
    <Paragraph id="1082591" documentposition="98" splitpriority="none" />
    <Paragraph id="1082595" documentposition="99" splitpriority="none">
      <Frame id="1082593">
        <Paragraph id="" />
      </Frame>
    </Paragraph>
    <Paragraph id="1125386" documentposition="100" splitpriority="none" />
  </Split>
  <Split id="1124246" documentposition="101">
    <Paragraph id="1124246" documentposition="101" splitpriority="2" />
    <Paragraph id="1132353" documentposition="102" splitpriority="none" />
    <Paragraph id="1260770" documentposition="103" splitpriority="none" relatedtopic="define-no-output" />
    <Paragraph id="1260774" documentposition="104" splitpriority="none" relatedtopic="define-no-output" />
    <Paragraph id="1260778" documentposition="105" splitpriority="none" relatedtopic="define-no-output" />
    <Paragraph id="1260782" documentposition="106" splitpriority="none" relatedtopic="define-no-output" />
  </Split>
  <Split id="1134559" documentposition="107">
    <Paragraph id="1134559" documentposition="107" splitpriority="3" />
    <Paragraph id="1134563" documentposition="108" splitpriority="none" />
    <Table id="1134564" documentposition="109" splitpriority="none">
      <TableCell>
        <Paragraph id="1134566" />
      </TableCell>
      <TableCell>
        <Paragraph id="1134568" />
      </TableCell>
      <TableCell>
        <Paragraph id="1134570" />
      </TableCell>
      <TableCell>
        <Paragraph id="1134572" />
      </TableCell>
      <TableCell>
        <Paragraph id="1134574" />
      </TableCell>
      <TableCell>
        <Paragraph id="1134576" />
        <Paragraph id="1134577" />
      </TableCell>
      <TableCell>
        <Paragraph id="1180617" />
      </TableCell>
      <TableCell>
        <Paragraph id="1180619" />
      </TableCell>
      <TableCell>
        <Paragraph id="1134579" />
        <Paragraph id="1134580" />
      </TableCell>
      <TableCell>
        <Paragraph id="1134582" />
      </TableCell>
      <TableCell>
        <Paragraph id="1134584" />
        <Paragraph id="1134585" />
      </TableCell>
      <TableCell>
        <Paragraph id="1134587" />
      </TableCell>
      <TableCell>
        <Paragraph id="1134592" />
      </TableCell>
      <TableCell>
        <Paragraph id="1134594" />
      </TableCell>
    </Table>
  </Split>
  <Split id="1132646" documentposition="110">
    <Paragraph id="1132646" documentposition="110" splitpriority="3" />
    <Paragraph id="1134653" documentposition="111" splitpriority="none" />
    <Paragraph id="1147085" documentposition="113" splitpriority="none" />
    <Paragraph id="1140540" documentposition="114" splitpriority="none" />
    <Paragraph id="1132404" documentposition="115" splitpriority="none" />
    <Paragraph id="1152374" documentposition="116" splitpriority="none" />
    <Paragraph id="1140553" documentposition="117" splitpriority="none" />
    <Paragraph id="1140564" documentposition="118" splitpriority="none" />
    <Paragraph id="1140570" documentposition="119" splitpriority="none" />
    <Paragraph id="1140572" documentposition="120" splitpriority="none" />
    <Paragraph id="1239107" documentposition="121" splitpriority="none" />
    <Paragraph id="1239111" documentposition="122" splitpriority="none" />
    <Paragraph id="1125422" documentposition="123" splitpriority="none" />
    <Paragraph id="1125423" documentposition="124" splitpriority="none" />
    <Paragraph id="1125428" documentposition="125" splitpriority="none" />
    <Paragraph id="1125438" documentposition="126" splitpriority="none" />
    <Paragraph id="1125453" documentposition="127" splitpriority="none" />
    <Paragraph id="1125485" documentposition="128" splitpriority="none" />
    <Paragraph id="1132547" documentposition="129" splitpriority="none" />
    <Paragraph id="1124248" documentposition="130" splitpriority="none" />
    <Paragraph id="1124259" documentposition="131" splitpriority="none" />
    <Paragraph id="1124261" documentposition="132" splitpriority="none" />
    <Paragraph id="1124263" documentposition="133" splitpriority="none" />
  </Split>
  <Split id="1140686" documentposition="134">
    <Paragraph id="1140686" documentposition="134" splitpriority="3" />
    <Paragraph id="1140727" documentposition="135" splitpriority="none" />
    <Paragraph id="1140739" documentposition="136" splitpriority="none" />
    <Paragraph id="1140743" documentposition="137" splitpriority="none" />
    <Paragraph id="1140744" documentposition="138" splitpriority="none" />
    <Paragraph id="1140749" documentposition="139" splitpriority="none" />
    <Paragraph id="1141142" documentposition="140" splitpriority="none" />
  </Split>
  <Split id="1134471" documentposition="141">
    <Paragraph id="1134471" documentposition="141" splitpriority="3" />
    <Paragraph id="1132706" documentposition="142" splitpriority="none" />
    <Paragraph id="1147576" documentposition="143" splitpriority="none" />
    <Paragraph id="1147577" documentposition="144" splitpriority="none" />
    <Paragraph id="1147578" documentposition="145" splitpriority="none" />
    <Paragraph id="1124292" documentposition="146" splitpriority="none" />
    <Paragraph id="1126759" documentposition="148" splitpriority="none" />
    <Paragraph id="1126723" documentposition="149" splitpriority="none" />
    <Paragraph id="1140663" documentposition="150" splitpriority="none" />
    <Paragraph id="1126702" documentposition="151" splitpriority="none" />
    <Paragraph id="1133015" documentposition="152" splitpriority="none" />
    <Paragraph id="1124308" documentposition="153" splitpriority="none" />
    <Paragraph id="1133030" documentposition="154" splitpriority="none" />
    <Paragraph id="1124310" documentposition="155" splitpriority="none" />
    <Paragraph id="1124311" documentposition="156" splitpriority="none" />
    <Paragraph id="1124312" documentposition="157" splitpriority="none" />
    <Paragraph id="1140674" documentposition="158" splitpriority="none" />
    <Paragraph id="1069699" documentposition="159" splitpriority="none" />
  </Split>
</Behaviors>