<?xml version="1.0" encoding="utf-8"?>
<WebWorksHelpIX version="5.0" xmlns="urn:WebWorks-Help-Index-Schema">
  <g t="A" o="002">
    <i t="account, requesting new user">
      <j l="10#1127125" />
    </i>
    <i t="adding">
      <i t="Array Designs">
        <j l="49" />
      </i>
      <i t="Group">
        <j l="79#1139981" />
      </i>
      <i t="Publication">
        <j l="37#1152286" />
      </i>
      <i t="vocabulary term">
        <j l="57#1091990" />
      </i>
    </i>
    <i t="Annotations tab">
      <j l="27#1138994" />
    </i>
    <i t="Application Support">
      <j l="15#1141142" />
    </i>
    <i t="Application Support, caArray">
      <j l="83#1083452" />
    </i>
    <i t="Array Designs">
      <i t="adding">
        <j l="49" />
      </i>
      <i t="editing">
        <j l="50#1095750" />
      </i>
      <i t="managing">
        <j l="47#1091472" />
      </i>
      <i t="viewing">
        <j l="48#1091490" />
      </i>
    </i>
  </g>
  <g t="B" o="002">
    <i t="biological source materials">
      <i t="description">
        <j l="30#1151323" />
      </i>
      <i t="relationship between">
        <j l="30#1150918" />
      </i>
    </i>
    <i t="browsing">
      <i t="after login">
        <j l="8#1131193" />
      </i>
      <i t="before login">
        <j l="7#1168091" />
      </i>
      <i t="caArray">
        <j l="6" />
        <j l="18#1133651" />
      </i>
    </i>
  </g>
  <g t="C" o="002">
    <i t="caArray">
      <i t="About caArray sidebar links">
        <j l="14#1125422" />
      </i>
      <i t="browsing">
        <j l="6" />
        <j l="18#1133651" />
      </i>
      <i t="common uses">
        <j l="16#1147576" />
      </i>
      <i t="compatible browsers">
        <j l="5#1153777" />
      </i>
      <i t="Data Portal page">
        <j l="9#1124018" />
      </i>
      <i t="interface description">
        <j l="13" />
      </i>
      <i t="launching">
        <j l="5#1153777" />
        <j l="5#1102033" />
      </i>
      <i t="login">
        <j l="7#1168091" />
      </i>
      <i t="My Experiment Workspace">
        <j l="16#1165601" />
      </i>
      <i t="objectives">
        <j l="2#1088830" />
      </i>
      <i t="overview">
        <j l="2#1088830" />
      </i>
      <i t="relationship to caBIG">
        <j l="3#1086800" />
      </i>
      <i t="requesting user account">
        <j l="10#1127125" />
      </i>
      <i t="search results">
        <j l="20#1143038" />
      </i>
      <i t="searching the repository">
        <j l="19#1137686" />
      </i>
      <i t="task tabs">
        <j l="16#1165601" />
      </i>
      <i t="user interface footer">
        <j l="15#1140727" />
      </i>
      <i t="Welcome page">
        <j l="14#1134653" />
      </i>
      <i t="Welcome to caArray sidebar links">
        <j l="14#1147085" />
      </i>
    </i>
    <i t="caBIG, relationship to caArray">
      <j l="3#1086800" />
    </i>
    <i t="collaboration group">
      <i t="creating">
        <j l="79" />
      </i>
      <i t="editing">
        <j l="81" />
      </i>
      <i t="viewing details">
        <j l="80" />
      </i>
    </i>
    <i t="collaboration groups">
      <i t="managing">
        <j l="78#1138506" />
      </i>
      <i t="setting Experiment visibility">
        <j l="44#1188588" />
      </i>
    </i>
    <i t="Contact tab">
      <j l="26#1138709" />
    </i>
    <i t="creating">
      <i t="collaboration group">
        <j l="79" />
      </i>
      <i t="Experiment">
        <j l="24#1136437" />
      </i>
      <i t="group">
        <j l="79#1139981" />
      </i>
      <i t="protocol">
        <j l="54#1091828" />
      </i>
      <i t="user account">
        <j l="77#1125506" />
      </i>
    </i>
    <i t="curation tasks">
      <j l="46#1091446" />
    </i>
  </g>
  <g t="D" o="002">
    <i t="Data portal page">
      <j l="9#1124018" />
    </i>
    <i t="Data tab">
      <i t="deleting a file">
        <j l="62#1136694" />
      </i>
      <i t="description">
        <j l="36#1204204" />
      </i>
      <i t="downloading data files">
        <j l="72#1132728" />
      </i>
      <i t="importing files">
        <j l="66#1154021" />
      </i>
      <i t="Manage Data subtab">
        <j l="59#1139816" />
      </i>
      <i t="Supplemental Files">
        <j l="69#1140756" />
      </i>
      <i t="uploading data">
        <j l="60#1143572" />
      </i>
      <i t="validating data">
        <j l="63#1136552" />
      </i>
    </i>
    <i t="deleting">
      <i t="data file">
        <j l="62#1136694" />
      </i>
    </i>
    <i t="downloading data files">
      <j l="72#1132728" />
    </i>
    <i t="draft status, Experiment visiblity in">
      <j l="43#1188277" />
    </i>
  </g>
  <g t="E" o="002">
    <i t="editing">
      <i t="Array Designs">
        <j l="50#1095750" />
      </i>
      <i t="collaboration group">
        <j l="81" />
      </i>
      <i t="Protocol">
        <j l="55#1091902" />
      </i>
      <i t="Protocol Typer">
        <j l="56" />
      </i>
    </i>
    <i t="Experiment">
      <i t="Annotation tab">
        <j l="27#1138994" />
      </i>
      <i t="Contact tab">
        <j l="26#1138709" />
      </i>
      <i t="creating">
        <j l="24#1136437" />
      </i>
      <i t="managing data submission">
        <j l="59#1139816" />
      </i>
      <i t="overview tab">
        <j l="25#1149732" />
      </i>
      <i t="submitting">
        <j l="38#1191325" />
      </i>
      <i t="updating">
        <j l="39" />
      </i>
      <i t="uploading data to">
        <j l="60#1143572" />
      </i>
    </i>
    <i t="Experimental Factors tab">
      <j l="29#1132408" />
    </i>
    <i t="Experiments, overview">
      <j l="22#1148910" />
    </i>
    <i t="Extract">
      <i t="adding new">
        <j l="33#1141501" />
      </i>
      <i t="description">
        <j l="30#1154351" />
      </i>
      <i t="tab">
        <j l="30#1154351" />
      </i>
    </i>
    <i t="extracting caArray files">
      <j l="72#1132728" />
    </i>
    <i t="Extracts tab">
      <j l="33#1141501" />
    </i>
  </g>
  <g t="F" o="002">
    <i t="file types, importable">
      <j l="67#1144166" />
    </i>
  </g>
  <g t="G" o="002">
    <i t="Global Quick Links">
      <j l="14#1124248" />
    </i>
    <i t="group">
      <i t="creating">
        <j l="79#1139981" />
      </i>
      <i t="viewing details page">
        <j l="80" />
      </i>
    </i>
  </g>
  <g t="H" o="002">
    <i t="help in caArray">
      <j l="11" />
    </i>
    <i t="Hybridization, adding new">
      <j l="35#1190394" />
    </i>
    <i t="Hybridizations tab">
      <j l="35#1190394" />
    </i>
  </g>
  <g t="I" o="002">
    <i t="importable data file types">
      <j l="67#1144166" />
    </i>
    <i t="importing data files">
      <j l="66#1154021" />
    </i>
  </g>
  <g t="L" o="002">
    <i t="Labeled Extract">
      <i t="adding new">
        <j l="34#1151842" />
      </i>
      <i t="description">
        <j l="30#1150895" />
      </i>
      <i t="tab">
        <j l="30#1150895" />
      </i>
    </i>
    <i t="Labeled Extracts tab">
      <j l="34#1151842" />
    </i>
    <i t="launching caArray">
      <j l="5#1153777" />
      <j l="5#1102033" />
    </i>
    <i t="login">
      <j l="9#1124018" />
    </i>
  </g>
  <g t="M" o="002">
    <i t="managing">
      <i t="Array Designs">
        <j l="47#1091472" />
      </i>
      <i t="controlled vocabulary terms">
        <j l="32" />
      </i>
      <i t="data">
        <j l="59#1139816" />
      </i>
      <i t="user accounts">
        <j l="77#1125506" />
      </i>
      <i t="user groups">
        <j l="78#1138506" />
      </i>
      <i t="vocabulary terms">
        <j l="57#1091975" />
      </i>
    </i>
    <i t="My Experiment Workspace">
      <j l="16#1165601" />
    </i>
  </g>
  <g t="N" o="002">
    <i t="NCICB Application Support">
      <j l="15#1141142" />
      <j l="83#1083452" />
    </i>
  </g>
  <g t="O" o="002">
    <i t="online help">
      <i t="icons">
        <j l="11" />
      </i>
      <i t="using">
        <j l="11" />
      </i>
    </i>
    <i t="Overview tab">
      <j l="25#1149732" />
    </i>
  </g>
  <g t="P" o="002">
    <i t="Protocol">
      <i t="creating">
        <j l="54#1091828" />
      </i>
      <i t="editing">
        <j l="55#1091902" />
      </i>
    </i>
    <i t="Protocol Types">
      <i t="editing">
        <j l="56" />
      </i>
      <i t="viewing">
        <j l="53#1091766" />
      </i>
    </i>
    <i t="Protocols">
      <i t="description">
        <j l="51#1091664" />
      </i>
      <i t="viewing">
        <j l="52#1091690" />
      </i>
    </i>
    <i t="Publication, adding">
      <j l="37#1152286" />
    </i>
    <i t="Publications tab">
      <j l="37#1152286" />
    </i>
  </g>
  <g t="R" o="002">
    <i t="registering new user">
      <j l="10#1127125" />
    </i>
  </g>
  <g t="S" o="002">
    <i t="Sample">
      <i t="adding new">
        <j l="32#1141248" />
      </i>
      <i t="description">
        <j l="30#1154349" />
      </i>
      <i t="tab">
        <j l="30#1154349" />
      </i>
    </i>
    <i t="Samples tab">
      <j l="32#1141248" />
    </i>
    <i t="search results">
      <j l="20#1143038" />
    </i>
    <i t="searching">
      <i t="caArray repository">
        <j l="19#1137686" />
      </i>
      <i t="from caArray login screen">
        <j l="7#1168091" />
      </i>
    </i>
    <i t="Source">
      <i t="adding new">
        <j l="31#1150568" />
      </i>
      <i t="description">
        <j l="30#1154426" />
      </i>
      <i t="tab">
        <j l="30#1154426" />
      </i>
    </i>
    <i t="Source Materials">
      <i t="annotations for">
        <j l="30#1150878" />
      </i>
      <i t="characteristics">
        <j l="30#1150878" />
      </i>
      <i t="definition">
        <j l="30#1150878" />
      </i>
    </i>
    <i t="Sources tab">
      <j l="31#1150568" />
    </i>
    <i t="submitted status, visibility in">
      <j l="43#1188308" />
    </i>
    <i t="submitting Experiment">
      <j l="38#1191325" />
    </i>
    <i t="Supplemental Files">
      <j l="69#1140756" />
    </i>
  </g>
  <g t="T" o="002">
    <i t="Technical Support">
      <j l="15#1141142" />
    </i>
  </g>
  <g t="U" o="002">
    <i t="uploading data to Experiment">
      <j l="60#1143572" />
    </i>
    <i t="user account, login">
      <j l="9#1124018" />
    </i>
    <i t="user account, new">
      <j l="77#1125506" />
    </i>
    <i t="user groups">
      <i t="managing">
        <j l="78#1138506" />
      </i>
    </i>
    <i t="users groups">
      <i t="editing">
        <j l="81" />
      </i>
    </i>
  </g>
  <g t="V" o="002">
    <i t="validating data file">
      <j l="63#1136552" />
    </i>
    <i t="validation errors">
      <j l="65#1141256" />
    </i>
    <i t="viewing">
      <i t="Array Designs">
        <j l="48#1091490" />
      </i>
      <i t="collaboration group details">
        <j l="80" />
      </i>
      <i t="Protocol Types">
        <j l="53#1091766" />
      </i>
      <i t="Protocols">
        <j l="52#1091690" />
      </i>
    </i>
    <i t="visibility">
      <i t="collaboration groups, setting">
        <j l="44#1188588" />
      </i>
      <i t="Experiment in draft status">
        <j l="43#1188277" />
      </i>
      <i t="Experiment in submitted status">
        <j l="43#1188308" />
      </i>
    </i>
    <i t="vocabulary terms">
      <i t="adding">
        <j l="57#1091990" />
      </i>
    </i>
    <i t="vocabulary terms, managing">
      <j l="57#1091975" />
    </i>
  </g>
</WebWorksHelpIX>