<?xml version="1.0" encoding="utf-8"?>
<Behaviors version="1.0" xmlns="urn:WebWorks-Behaviors-Schema">
  <Paragraph id="1096659" documentposition="3" splitpriority="none" dropdown="continue" popup="none" popup-page-rule="" />
  <Paragraph id="1096679" documentposition="4" splitpriority="none" dropdown="continue" popup="none" popup-page-rule="" />
  <Paragraph id="1097319" documentposition="5" splitpriority="none" dropdown="continue" popup="none" popup-page-rule="" />
  <Paragraph id="1097337" documentposition="6" splitpriority="none" dropdown="continue" popup="none" popup-page-rule="" />
  <Paragraph id="1097358" documentposition="7" splitpriority="none" dropdown="continue" popup="none" popup-page-rule="" />
  <Paragraph id="1097492" documentposition="8" splitpriority="none" dropdown="continue" popup="none" popup-page-rule="" />
  <Paragraph id="1113686" documentposition="9" splitpriority="none" dropdown="continue" popup="none" popup-page-rule="" />
  <Paragraph id="1113690" documentposition="10" splitpriority="none" dropdown="continue" popup="none" popup-page-rule="" />
  <Paragraph id="1120857" documentposition="11" splitpriority="none" dropdown="continue" popup="none" popup-page-rule="" />
  <Paragraph id="1097275" documentposition="12" splitpriority="2" dropdown="continue" popup="none" popup-page-rule="" />
  <Paragraph id="1113246" documentposition="13" splitpriority="none" dropdown="continue" popup="none" popup-page-rule="" />
  <Paragraph id="1148453" documentposition="14" splitpriority="none" dropdown="continue" popup="none" popup-page-rule="" />
  <Paragraph id="1148457" documentposition="15" splitpriority="none" dropdown="continue" popup="none" popup-page-rule="" />
  <Paragraph id="1148461" documentposition="16" splitpriority="none" dropdown="continue" popup="none" popup-page-rule="" />
  <Paragraph id="1148465" documentposition="17" splitpriority="none" dropdown="continue" popup="none" popup-page-rule="" />
  <Paragraph id="1148469" documentposition="18" splitpriority="none" dropdown="continue" popup="none" popup-page-rule="" />
  <Paragraph id="1096680" documentposition="19" splitpriority="3" dropdown="continue" popup="none" popup-page-rule="" />
  <Paragraph id="1096681" documentposition="20" splitpriority="none" dropdown="continue" popup="none" popup-page-rule="" />
  <Paragraph id="1096682" documentposition="21" splitpriority="none" dropdown="continue" popup="none" popup-page-rule="" />
  <Paragraph id="1096683" documentposition="22" splitpriority="none" dropdown="continue" popup="none" popup-page-rule="" />
  <Paragraph id="1096684" documentposition="23" splitpriority="none" dropdown="continue" popup="none" popup-page-rule="" />
  <Paragraph id="1096685" documentposition="24" splitpriority="none" dropdown="continue" popup="none" popup-page-rule="" />
  <Paragraph id="1096686" documentposition="25" splitpriority="none" dropdown="continue" popup="none" popup-page-rule="" />
  <Paragraph id="1148477" documentposition="26" splitpriority="none" relatedtopic="define-no-output" dropdown="continue" popup="none" popup-page-rule="" />
  <Paragraph id="1148481" documentposition="27" splitpriority="none" relatedtopic="define-no-output" dropdown="continue" popup="none" popup-page-rule="" />
  <Paragraph id="1148485" documentposition="28" splitpriority="none" relatedtopic="define-no-output" dropdown="continue" popup="none" popup-page-rule="" />
  <Paragraph id="1097086" documentposition="29" splitpriority="3" dropdown="continue" popup="none" popup-page-rule="" />
  <Paragraph id="1097088" documentposition="30" splitpriority="none" dropdown="continue" popup="none" popup-page-rule="" />
  <Paragraph id="1097089" documentposition="31" splitpriority="none" dropdown="continue" popup="none" popup-page-rule="" />
  <Paragraph id="1097090" documentposition="32" splitpriority="none" dropdown="continue" popup="none" popup-page-rule="" />
  <Paragraph id="1097091" documentposition="33" splitpriority="none" dropdown="continue" popup="none" popup-page-rule="" />
  <Paragraph id="1148493" documentposition="34" splitpriority="none" relatedtopic="define-no-output" dropdown="continue" popup="none" popup-page-rule="" />
  <Paragraph id="1148497" documentposition="35" splitpriority="none" relatedtopic="define-no-output" dropdown="continue" popup="none" popup-page-rule="" />
  <Paragraph id="1148501" documentposition="36" splitpriority="none" relatedtopic="define-no-output" dropdown="continue" popup="none" popup-page-rule="" />
  <Paragraph id="1096693" documentposition="37" splitpriority="3" dropdown="continue" popup="none" popup-page-rule="" />
  <Paragraph id="1096696" documentposition="38" splitpriority="none" dropdown="continue" popup="none" popup-page-rule="" />
  <Paragraph id="1096698" documentposition="39" splitpriority="none" dropdown="continue" popup="none" popup-page-rule="" />
  <Paragraph id="1096699" documentposition="40" splitpriority="none" dropdown="continue" popup="none" popup-page-rule="" />
  <Paragraph id="1096700" documentposition="41" splitpriority="none" dropdown="continue" popup="none" popup-page-rule="" />
  <Paragraph id="1148530" documentposition="42" splitpriority="none" relatedtopic="define-no-output" dropdown="continue" popup="none" popup-page-rule="" />
  <Paragraph id="1148534" documentposition="43" splitpriority="none" relatedtopic="define-no-output" dropdown="continue" popup="none" popup-page-rule="" />
  <Paragraph id="1148538" documentposition="44" splitpriority="none" relatedtopic="define-no-output" dropdown="continue" popup="none" popup-page-rule="" />
  <Paragraph id="1096701" documentposition="45" splitpriority="3" dropdown="continue" popup="none" popup-page-rule="" />
  <Paragraph id="1109041" documentposition="46" splitpriority="none" dropdown="continue" popup="none" popup-page-rule="" />
  <Paragraph id="1148546" documentposition="47" splitpriority="none" relatedtopic="define-no-output" dropdown="continue" popup="none" popup-page-rule="" />
  <Paragraph id="1148550" documentposition="48" splitpriority="none" relatedtopic="define-no-output" dropdown="continue" popup="none" popup-page-rule="" />
  <Paragraph id="1148554" documentposition="49" splitpriority="none" relatedtopic="define-no-output" dropdown="continue" popup="none" popup-page-rule="" />
  <Paragraph id="1131946" documentposition="50" splitpriority="3" dropdown="continue" popup="none" popup-page-rule="" />
  <Paragraph id="1132037" documentposition="51" splitpriority="none" dropdown="continue" popup="none" popup-page-rule="" />
  <Paragraph id="1109046" documentposition="52" splitpriority="2" dropdown="continue" popup="none" popup-page-rule="" />
  <Paragraph id="1148559" documentposition="53" splitpriority="none" dropdown="continue" popup="none" popup-page-rule="" />
  <Paragraph id="1148563" documentposition="54" splitpriority="none" dropdown="continue" popup="none" popup-page-rule="" />
  <Paragraph id="1148567" documentposition="55" splitpriority="none" dropdown="continue" popup="none" popup-page-rule="" />
  <Paragraph id="1148571" documentposition="56" splitpriority="none" dropdown="continue" popup="none" popup-page-rule="" />
  <Paragraph id="1148575" documentposition="57" splitpriority="none" dropdown="continue" popup="none" popup-page-rule="" />
  <Paragraph id="1148579" documentposition="58" splitpriority="none" dropdown="continue" popup="none" popup-page-rule="" />
  <Paragraph id="1148583" documentposition="59" splitpriority="none" dropdown="continue" popup="none" popup-page-rule="" />
  <Paragraph id="1148587" documentposition="60" splitpriority="none" dropdown="continue" popup="none" popup-page-rule="" />
  <Paragraph id="1148591" documentposition="61" splitpriority="none" dropdown="continue" popup="none" popup-page-rule="" />
  <Paragraph id="1113168" documentposition="62" splitpriority="3" dropdown="continue" popup="none" popup-page-rule="" />
  <Paragraph id="1116807" documentposition="63" splitpriority="none" dropdown="continue" popup="none" popup-page-rule="" />
  <Paragraph id="1148599" documentposition="64" splitpriority="none" relatedtopic="define-no-output" dropdown="continue" popup="none" popup-page-rule="" />
  <Paragraph id="1148603" documentposition="65" splitpriority="none" relatedtopic="define-no-output" dropdown="continue" popup="none" popup-page-rule="" />
  <Paragraph id="1148607" documentposition="66" splitpriority="none" relatedtopic="define-no-output" dropdown="continue" popup="none" popup-page-rule="" />
  <Paragraph id="1148611" documentposition="67" splitpriority="none" relatedtopic="define-no-output" dropdown="continue" popup="none" popup-page-rule="" />
  <Paragraph id="1148615" documentposition="68" splitpriority="none" relatedtopic="define-no-output" dropdown="continue" popup="none" popup-page-rule="" />
  <Paragraph id="1148619" documentposition="69" splitpriority="none" relatedtopic="define-no-output" dropdown="continue" popup="none" popup-page-rule="" />
  <Paragraph id="1148623" documentposition="70" splitpriority="none" relatedtopic="define-no-output" dropdown="continue" popup="none" popup-page-rule="" />
  <Paragraph id="1096823" documentposition="71" splitpriority="3" dropdown="continue" popup="none" popup-page-rule="" />
  <Paragraph id="1096824" documentposition="72" splitpriority="none" dropdown="continue" popup="none" popup-page-rule="" />
  <Paragraph id="1096825" documentposition="73" splitpriority="none" dropdown="continue" popup="none" popup-page-rule="" />
  <Paragraph id="1148631" documentposition="74" splitpriority="none" relatedtopic="define-no-output" dropdown="continue" popup="none" popup-page-rule="" />
  <Paragraph id="1148635" documentposition="75" splitpriority="none" relatedtopic="define-no-output" dropdown="continue" popup="none" popup-page-rule="" />
  <Paragraph id="1148639" documentposition="76" splitpriority="none" relatedtopic="define-no-output" dropdown="continue" popup="none" popup-page-rule="" />
  <Paragraph id="1148643" documentposition="77" splitpriority="none" relatedtopic="define-no-output" dropdown="continue" popup="none" popup-page-rule="" />
  <Paragraph id="1148647" documentposition="78" splitpriority="none" relatedtopic="define-no-output" dropdown="continue" popup="none" popup-page-rule="" />
  <Paragraph id="1148651" documentposition="79" splitpriority="none" relatedtopic="define-no-output" dropdown="continue" popup="none" popup-page-rule="" />
  <Paragraph id="1096826" documentposition="80" splitpriority="3" dropdown="continue" popup="none" popup-page-rule="" />
  <Paragraph id="1096827" documentposition="81" splitpriority="none" dropdown="continue" popup="none" popup-page-rule="" />
  <Paragraph id="1096828" documentposition="82" splitpriority="none" dropdown="continue" popup="none" popup-page-rule="" />
  <Paragraph id="1096829" documentposition="83" splitpriority="none" dropdown="continue" popup="none" popup-page-rule="" />
  <Paragraph id="1148659" documentposition="84" splitpriority="none" relatedtopic="define-no-output" dropdown="continue" popup="none" popup-page-rule="" />
  <Paragraph id="1148663" documentposition="85" splitpriority="none" relatedtopic="define-no-output" dropdown="continue" popup="none" popup-page-rule="" />
  <Paragraph id="1148667" documentposition="86" splitpriority="none" relatedtopic="define-no-output" dropdown="continue" popup="none" popup-page-rule="" />
  <Paragraph id="1148671" documentposition="87" splitpriority="none" relatedtopic="define-no-output" dropdown="continue" popup="none" popup-page-rule="" />
  <Paragraph id="1148675" documentposition="88" splitpriority="none" relatedtopic="define-no-output" dropdown="continue" popup="none" popup-page-rule="" />
  <Paragraph id="1148679" documentposition="89" splitpriority="none" relatedtopic="define-no-output" dropdown="continue" popup="none" popup-page-rule="" />
  <Paragraph id="1110735" documentposition="90" splitpriority="3" dropdown="continue" popup="none" popup-page-rule="" />
  <Paragraph id="1110740" documentposition="91" splitpriority="none" dropdown="continue" popup="none" popup-page-rule="" />
  <Table id="1110741" documentposition="92" splitpriority="none">
    <TableCell>
      <Paragraph id="1110743" dropdown="continue" popup="none" popup-page-rule="" />
    </TableCell>
    <TableCell>
      <Paragraph id="1110745" dropdown="continue" popup="none" popup-page-rule="" />
    </TableCell>
    <TableCell>
      <Paragraph id="1110747" dropdown="continue" popup="none" popup-page-rule="" />
    </TableCell>
    <TableCell>
      <Paragraph id="1110749" dropdown="continue" popup="none" popup-page-rule="" />
    </TableCell>
    <TableCell>
      <Paragraph id="1110751" dropdown="continue" popup="none" popup-page-rule="" />
    </TableCell>
    <TableCell>
      <Paragraph id="1110753" dropdown="continue" popup="none" popup-page-rule="" />
      <Paragraph id="1113342" dropdown="continue" popup="none" popup-page-rule="" />
    </TableCell>
    <TableCell>
      <Paragraph id="1110755" dropdown="continue" popup="none" popup-page-rule="" />
    </TableCell>
    <TableCell>
      <Paragraph id="1110757" dropdown="continue" popup="none" popup-page-rule="" />
    </TableCell>
    <TableCell>
      <Paragraph id="1110759" dropdown="continue" popup="none" popup-page-rule="" />
    </TableCell>
    <TableCell>
      <Paragraph id="1110761" dropdown="continue" popup="none" popup-page-rule="" />
    </TableCell>
    <TableCell>
      <Paragraph id="1110763" dropdown="continue" popup="none" popup-page-rule="" />
    </TableCell>
    <TableCell>
      <Paragraph id="1110765" dropdown="continue" popup="none" popup-page-rule="" />
    </TableCell>
    <TableCell>
      <Paragraph id="1110767" dropdown="continue" popup="none" popup-page-rule="" />
    </TableCell>
    <TableCell>
      <Paragraph id="1110769" dropdown="continue" popup="none" popup-page-rule="" />
    </TableCell>
    <TableCell>
      <Paragraph id="1110771" dropdown="continue" popup="none" popup-page-rule="" />
    </TableCell>
    <TableCell>
      <Paragraph id="1110773" dropdown="continue" popup="none" popup-page-rule="" />
    </TableCell>
  </Table>
  <Paragraph id="1096839" documentposition="93" splitpriority="none" dropdown="continue" popup="none" popup-page-rule="" />
  <Paragraph id="1148692" documentposition="94" splitpriority="none" relatedtopic="define-no-output" dropdown="continue" popup="none" popup-page-rule="" />
  <Paragraph id="1148696" documentposition="95" splitpriority="none" relatedtopic="define-no-output" dropdown="continue" popup="none" popup-page-rule="" />
  <Paragraph id="1148700" documentposition="96" splitpriority="none" relatedtopic="define-no-output" dropdown="continue" popup="none" popup-page-rule="" />
  <Paragraph id="1148704" documentposition="97" splitpriority="none" relatedtopic="define-no-output" dropdown="continue" popup="none" popup-page-rule="" />
  <Paragraph id="1148708" documentposition="98" splitpriority="none" relatedtopic="define-no-output" dropdown="continue" popup="none" popup-page-rule="" />
  <Paragraph id="1148712" documentposition="99" splitpriority="none" relatedtopic="define-no-output" dropdown="continue" popup="none" popup-page-rule="" />
  <Paragraph id="1111874" documentposition="100" splitpriority="3" dropdown="continue" popup="none" popup-page-rule="" />
  <Paragraph id="1111625" documentposition="101" splitpriority="none" dropdown="continue" popup="none" popup-page-rule="" />
  <Paragraph id="1111665" documentposition="102" splitpriority="none" dropdown="continue" popup="none" popup-page-rule="" />
  <Paragraph id="1113314" documentposition="103" splitpriority="none" dropdown="continue" popup="none" popup-page-rule="" />
  <Paragraph id="1148720" documentposition="104" splitpriority="none" relatedtopic="define-no-output" dropdown="continue" popup="none" popup-page-rule="" />
  <Paragraph id="1148724" documentposition="105" splitpriority="none" relatedtopic="define-no-output" dropdown="continue" popup="none" popup-page-rule="" />
  <Paragraph id="1148728" documentposition="106" splitpriority="none" relatedtopic="define-no-output" dropdown="continue" popup="none" popup-page-rule="" />
  <Paragraph id="1148732" documentposition="107" splitpriority="none" relatedtopic="define-no-output" dropdown="continue" popup="none" popup-page-rule="" />
  <Paragraph id="1148736" documentposition="108" splitpriority="none" relatedtopic="define-no-output" dropdown="continue" popup="none" popup-page-rule="" />
  <Paragraph id="1148740" documentposition="109" splitpriority="none" relatedtopic="define-no-output" dropdown="continue" popup="none" popup-page-rule="" />
  <Paragraph id="1111608" documentposition="110" splitpriority="3" dropdown="continue" popup="none" popup-page-rule="" />
  <Paragraph id="1096840" documentposition="111" splitpriority="none" dropdown="continue" popup="none" popup-page-rule="" />
  <Table id="1111513" documentposition="112" splitpriority="none">
    <TableCell>
      <Paragraph id="1111515" dropdown="continue" popup="none" popup-page-rule="" />
    </TableCell>
    <TableCell>
      <Paragraph id="1111517" dropdown="continue" popup="none" popup-page-rule="" />
    </TableCell>
    <TableCell>
      <Paragraph id="1111519" dropdown="continue" popup="none" popup-page-rule="" />
    </TableCell>
    <TableCell>
      <Paragraph id="1111521" dropdown="continue" popup="none" popup-page-rule="" />
    </TableCell>
    <TableCell>
      <Paragraph id="1111523" dropdown="continue" popup="none" popup-page-rule="" />
    </TableCell>
    <TableCell>
      <Paragraph id="1111525" dropdown="continue" popup="none" popup-page-rule="" />
    </TableCell>
    <TableCell>
      <Paragraph id="1111527" dropdown="continue" popup="none" popup-page-rule="" />
    </TableCell>
    <TableCell>
      <Paragraph id="1111529" dropdown="continue" popup="none" popup-page-rule="" />
    </TableCell>
    <TableCell>
      <Paragraph id="1111531" dropdown="continue" popup="none" popup-page-rule="" />
    </TableCell>
    <TableCell>
      <Paragraph id="1111533" dropdown="continue" popup="none" popup-page-rule="" />
    </TableCell>
    <TableCell>
      <Paragraph id="1111535" dropdown="continue" popup="none" popup-page-rule="" />
    </TableCell>
    <TableCell>
      <Paragraph id="1111537" dropdown="continue" popup="none" popup-page-rule="" />
    </TableCell>
    <TableCell>
      <Paragraph id="1111539" dropdown="continue" popup="none" popup-page-rule="" />
    </TableCell>
    <TableCell>
      <Paragraph id="1111541" dropdown="continue" popup="none" popup-page-rule="" />
    </TableCell>
  </Table>
  <Paragraph id="1148761" documentposition="113" splitpriority="none" relatedtopic="define-no-output" dropdown="continue" popup="none" popup-page-rule="" />
  <Paragraph id="1148765" documentposition="114" splitpriority="none" relatedtopic="define-no-output" dropdown="continue" popup="none" popup-page-rule="" />
  <Paragraph id="1148769" documentposition="115" splitpriority="none" relatedtopic="define-no-output" dropdown="continue" popup="none" popup-page-rule="" />
  <Paragraph id="1148773" documentposition="116" splitpriority="none" relatedtopic="define-no-output" dropdown="continue" popup="none" popup-page-rule="" />
  <Paragraph id="1148777" documentposition="117" splitpriority="none" relatedtopic="define-no-output" dropdown="continue" popup="none" popup-page-rule="" />
  <Paragraph id="1148781" documentposition="118" splitpriority="none" relatedtopic="define-no-output" dropdown="continue" popup="none" popup-page-rule="" />
  <Paragraph id="1117394" documentposition="119" splitpriority="3" dropdown="continue" popup="none" popup-page-rule="" />
  <Paragraph id="1117398" documentposition="120" splitpriority="none" dropdown="continue" popup="none" popup-page-rule="" />
  <Table id="1117372" documentposition="121" splitpriority="none">
    <TableCell>
      <Paragraph id="1117374" dropdown="continue" popup="none" popup-page-rule="" />
    </TableCell>
    <TableCell>
      <Paragraph id="1117376" dropdown="continue" popup="none" popup-page-rule="" />
    </TableCell>
    <TableCell>
      <Paragraph id="1117379" dropdown="continue" popup="none" popup-page-rule="" />
    </TableCell>
    <TableCell>
      <Paragraph id="1117381" dropdown="continue" popup="none" popup-page-rule="" />
    </TableCell>
    <TableCell>
      <Paragraph id="1117383" dropdown="continue" popup="none" popup-page-rule="" />
    </TableCell>
    <TableCell>
      <Paragraph id="1117385" dropdown="continue" popup="none" popup-page-rule="" />
    </TableCell>
    <TableCell>
      <Paragraph id="1117387" dropdown="continue" popup="none" popup-page-rule="" />
    </TableCell>
    <TableCell>
      <Paragraph id="1117389" dropdown="continue" popup="none" popup-page-rule="" />
    </TableCell>
    <TableCell>
      <Paragraph id="1117391" dropdown="continue" popup="none" popup-page-rule="" />
    </TableCell>
    <TableCell>
      <Paragraph id="1117393" dropdown="continue" popup="none" popup-page-rule="" />
    </TableCell>
  </Table>
  <Paragraph id="1148813" documentposition="123" splitpriority="none" relatedtopic="define-no-output" dropdown="continue" popup="none" popup-page-rule="" />
  <Paragraph id="1148817" documentposition="124" splitpriority="none" relatedtopic="define-no-output" dropdown="continue" popup="none" popup-page-rule="" />
  <Paragraph id="1148821" documentposition="125" splitpriority="none" relatedtopic="define-no-output" dropdown="continue" popup="none" popup-page-rule="" />
  <Paragraph id="1148825" documentposition="126" splitpriority="none" relatedtopic="define-no-output" dropdown="continue" popup="none" popup-page-rule="" />
  <Paragraph id="1148829" documentposition="127" splitpriority="none" relatedtopic="define-no-output" dropdown="continue" popup="none" popup-page-rule="" />
  <Paragraph id="1148833" documentposition="128" splitpriority="none" relatedtopic="define-no-output" dropdown="continue" popup="none" popup-page-rule="" />
  <Paragraph id="1096851" documentposition="129" splitpriority="3" dropdown="continue" popup="none" popup-page-rule="" />
  <Paragraph id="1113675" documentposition="130" splitpriority="none" dropdown="continue" popup="none" popup-page-rule="" />
  <Table id="1113646" documentposition="131" splitpriority="none">
    <TableCell>
      <Paragraph id="1113648" dropdown="continue" popup="none" popup-page-rule="" />
    </TableCell>
    <TableCell>
      <Paragraph id="1113650" dropdown="continue" popup="none" popup-page-rule="" />
    </TableCell>
    <TableCell>
      <Paragraph id="1113652" dropdown="continue" popup="none" popup-page-rule="" />
    </TableCell>
    <TableCell>
      <Paragraph id="1113654" dropdown="continue" popup="none" popup-page-rule="" />
    </TableCell>
    <TableCell>
      <Paragraph id="1113656" dropdown="continue" popup="none" popup-page-rule="" />
    </TableCell>
    <TableCell>
      <Paragraph id="1113658" dropdown="continue" popup="none" popup-page-rule="" />
    </TableCell>
    <TableCell>
      <Paragraph id="1113660" dropdown="continue" popup="none" popup-page-rule="" />
    </TableCell>
    <TableCell>
      <Paragraph id="1113662" dropdown="continue" popup="none" popup-page-rule="" />
    </TableCell>
    <TableCell>
      <Paragraph id="1113664" dropdown="continue" popup="none" popup-page-rule="" />
    </TableCell>
    <TableCell>
      <Paragraph id="1113666" dropdown="continue" popup="none" popup-page-rule="" />
      <Paragraph id="1113670" dropdown="continue" popup="none" popup-page-rule="" />
    </TableCell>
  </Table>
  <Paragraph id="1148865" documentposition="132" splitpriority="none" relatedtopic="define-no-output" dropdown="continue" popup="none" popup-page-rule="" />
  <Paragraph id="1148869" documentposition="133" splitpriority="none" relatedtopic="define-no-output" dropdown="continue" popup="none" popup-page-rule="" />
  <Paragraph id="1148873" documentposition="134" splitpriority="none" relatedtopic="define-no-output" dropdown="continue" popup="none" popup-page-rule="" />
  <Paragraph id="1148877" documentposition="135" splitpriority="none" relatedtopic="define-no-output" dropdown="continue" popup="none" popup-page-rule="" />
  <Paragraph id="1148881" documentposition="136" splitpriority="none" relatedtopic="define-no-output" dropdown="continue" popup="none" popup-page-rule="" />
  <Paragraph id="1148885" documentposition="137" splitpriority="none" relatedtopic="define-no-output" dropdown="continue" popup="none" popup-page-rule="" />
  <Paragraph id="1117276" documentposition="138" splitpriority="2" dropdown="continue" popup="none" popup-page-rule="" />
  <Paragraph id="1113677" documentposition="139" splitpriority="none" dropdown="continue" popup="none" popup-page-rule="" />
  <Paragraph id="1097431" documentposition="140" splitpriority="none" dropdown="continue" popup="none" popup-page-rule="" />
  <Paragraph id="1097432" documentposition="141" splitpriority="none" dropdown="continue" popup="none" popup-page-rule="" />
  <Paragraph id="1097433" documentposition="142" splitpriority="none" dropdown="continue" popup="none" popup-page-rule="" />
  <Paragraph id="1097434" documentposition="143" splitpriority="none" dropdown="continue" popup="none" popup-page-rule="" />
  <Paragraph id="1097435" documentposition="144" splitpriority="none" dropdown="continue" popup="none" popup-page-rule="" />
  <Paragraph id="1097436" documentposition="145" splitpriority="none" dropdown="continue" popup="none" popup-page-rule="" />
  <Paragraph id="1097437" documentposition="146" splitpriority="none" dropdown="continue" popup="none" popup-page-rule="" />
  <Paragraph id="1097438" documentposition="147" splitpriority="none" dropdown="continue" popup="none" popup-page-rule="" />
  <Paragraph id="1097439" documentposition="148" splitpriority="none" dropdown="continue" popup="none" popup-page-rule="" />
  <Paragraph id="1097440" documentposition="149" splitpriority="none" dropdown="continue" popup="none" popup-page-rule="" />
  <Paragraph id="1097441" documentposition="150" splitpriority="none" dropdown="continue" popup="none" popup-page-rule="" />
  <Paragraph id="1097400" documentposition="151" splitpriority="none" dropdown="continue" popup="none" popup-page-rule="" />
  <Paragraph id="1148893" documentposition="152" splitpriority="none" relatedtopic="define-no-output" dropdown="continue" popup="none" popup-page-rule="" />
  <Paragraph id="1148897" documentposition="153" splitpriority="none" relatedtopic="define-no-output" dropdown="continue" popup="none" popup-page-rule="" />
  <Paragraph id="1148901" documentposition="154" splitpriority="none" relatedtopic="define-no-output" dropdown="continue" popup="none" popup-page-rule="" />
  <Paragraph id="1148905" documentposition="155" splitpriority="none" relatedtopic="define-no-output" dropdown="continue" popup="none" popup-page-rule="" />
  <Paragraph id="1097403" documentposition="156" splitpriority="2" dropdown="continue" popup="none" popup-page-rule="" />
  <Paragraph id="1148910" documentposition="157" splitpriority="none" dropdown="continue" popup="none" popup-page-rule="" />
  <Paragraph id="1148914" documentposition="158" splitpriority="none" dropdown="continue" popup="none" popup-page-rule="" />
  <Paragraph id="1148918" documentposition="159" splitpriority="none" dropdown="continue" popup="none" popup-page-rule="" />
  <Paragraph id="1148922" documentposition="160" splitpriority="none" dropdown="continue" popup="none" popup-page-rule="" />
  <Paragraph id="1148926" documentposition="161" splitpriority="none" dropdown="continue" popup="none" popup-page-rule="" />
  <Paragraph id="1109490" documentposition="162" splitpriority="3" dropdown="continue" popup="none" popup-page-rule="" />
  <Paragraph id="1095843" documentposition="163" splitpriority="none" dropdown="continue" popup="none" popup-page-rule="" />
  <Paragraph id="1095844" documentposition="164" splitpriority="none" dropdown="continue" popup="none" popup-page-rule="" />
  <Paragraph id="1095845" documentposition="165" splitpriority="none" dropdown="continue" popup="none" popup-page-rule="" />
  <Paragraph id="1095846" documentposition="166" splitpriority="none" dropdown="continue" popup="none" popup-page-rule="" />
  <Paragraph id="1095847" documentposition="167" splitpriority="none" dropdown="continue" popup="none" popup-page-rule="" />
  <Paragraph id="1095848" documentposition="168" splitpriority="none" dropdown="continue" popup="none" popup-page-rule="" />
  <Paragraph id="1095849" documentposition="169" splitpriority="none" dropdown="continue" popup="none" popup-page-rule="" />
  <Paragraph id="1095850" documentposition="170" splitpriority="none" dropdown="continue" popup="none" popup-page-rule="" />
  <Paragraph id="1095851" documentposition="171" splitpriority="none" dropdown="continue" popup="none" popup-page-rule="" />
  <Paragraph id="1095852" documentposition="172" splitpriority="none" dropdown="continue" popup="none" popup-page-rule="" />
  <Paragraph id="1095853" documentposition="173" splitpriority="none" dropdown="continue" popup="none" popup-page-rule="" />
  <Paragraph id="1095854" documentposition="174" splitpriority="none" dropdown="continue" popup="none" popup-page-rule="" />
  <Paragraph id="1095855" documentposition="175" splitpriority="none" dropdown="continue" popup="none" popup-page-rule="" />
  <Paragraph id="1095856" documentposition="176" splitpriority="none" dropdown="continue" popup="none" popup-page-rule="" />
  <Paragraph id="1095857" documentposition="177" splitpriority="none" dropdown="continue" popup="none" popup-page-rule="" />
  <Paragraph id="1095858" documentposition="178" splitpriority="none" dropdown="continue" popup="none" popup-page-rule="" />
  <Paragraph id="1095859" documentposition="179" splitpriority="none" dropdown="continue" popup="none" popup-page-rule="" />
  <Paragraph id="1095860" documentposition="180" splitpriority="none" dropdown="continue" popup="none" popup-page-rule="" />
  <Paragraph id="1095861" documentposition="181" splitpriority="none" dropdown="continue" popup="none" popup-page-rule="" />
  <Paragraph id="1095862" documentposition="182" splitpriority="none" dropdown="continue" popup="none" popup-page-rule="" />
  <Paragraph id="1095863" documentposition="183" splitpriority="none" dropdown="continue" popup="none" popup-page-rule="" />
  <Paragraph id="1095864" documentposition="184" splitpriority="none" dropdown="continue" popup="none" popup-page-rule="" />
  <Paragraph id="1095865" documentposition="185" splitpriority="none" dropdown="continue" popup="none" popup-page-rule="" />
  <Paragraph id="1095866" documentposition="186" splitpriority="none" dropdown="continue" popup="none" popup-page-rule="" />
  <Paragraph id="1095867" documentposition="187" splitpriority="none" dropdown="continue" popup="none" popup-page-rule="" />
  <Paragraph id="1095868" documentposition="188" splitpriority="none" dropdown="continue" popup="none" popup-page-rule="" />
  <Paragraph id="1095869" documentposition="189" splitpriority="none" dropdown="continue" popup="none" popup-page-rule="" />
  <Paragraph id="1095870" documentposition="190" splitpriority="none" dropdown="continue" popup="none" popup-page-rule="" />
  <Paragraph id="1095871" documentposition="191" splitpriority="none" dropdown="continue" popup="none" popup-page-rule="" />
  <Paragraph id="1095872" documentposition="192" splitpriority="none" dropdown="continue" popup="none" popup-page-rule="" />
  <Paragraph id="1095873" documentposition="193" splitpriority="none" dropdown="continue" popup="none" popup-page-rule="" />
  <Paragraph id="1095874" documentposition="194" splitpriority="none" dropdown="continue" popup="none" popup-page-rule="" />
  <Paragraph id="1095875" documentposition="195" splitpriority="none" dropdown="continue" popup="none" popup-page-rule="" />
  <Paragraph id="1095876" documentposition="196" splitpriority="none" dropdown="continue" popup="none" popup-page-rule="" />
  <Paragraph id="1095877" documentposition="197" splitpriority="none" dropdown="continue" popup="none" popup-page-rule="" />
  <Paragraph id="1095878" documentposition="198" splitpriority="none" dropdown="continue" popup="none" popup-page-rule="" />
  <Paragraph id="1095879" documentposition="199" splitpriority="none" dropdown="continue" popup="none" popup-page-rule="" />
  <Paragraph id="1095880" documentposition="200" splitpriority="none" dropdown="continue" popup="none" popup-page-rule="" />
  <Paragraph id="1095881" documentposition="201" splitpriority="none" dropdown="continue" popup="none" popup-page-rule="" />
  <Paragraph id="1095882" documentposition="202" splitpriority="none" dropdown="continue" popup="none" popup-page-rule="" />
  <Paragraph id="1095883" documentposition="203" splitpriority="none" dropdown="continue" popup="none" popup-page-rule="" />
  <Paragraph id="1095884" documentposition="204" splitpriority="none" dropdown="continue" popup="none" popup-page-rule="" />
  <Paragraph id="1095885" documentposition="205" splitpriority="none" dropdown="continue" popup="none" popup-page-rule="" />
  <Paragraph id="1095886" documentposition="206" splitpriority="none" dropdown="continue" popup="none" popup-page-rule="" />
  <Paragraph id="1095887" documentposition="207" splitpriority="none" dropdown="continue" popup="none" popup-page-rule="" />
  <Paragraph id="1143868" documentposition="208" splitpriority="none" dropdown="continue" popup="none" popup-page-rule="" />
  <Paragraph id="1148934" documentposition="209" splitpriority="none" relatedtopic="define-no-output" dropdown="continue" popup="none" popup-page-rule="" />
  <Paragraph id="1148938" documentposition="210" splitpriority="none" relatedtopic="define-no-output" dropdown="continue" popup="none" popup-page-rule="" />
  <Paragraph id="1144508" documentposition="211" splitpriority="none" relatedtopic="define-no-output" dropdown="continue" popup="none" popup-page-rule="" />
  <Paragraph id="1148947" documentposition="212" splitpriority="none" dropdown="continue" popup="none" popup-page-rule="" />
  <Paragraph id="1144512" documentposition="213" splitpriority="3" dropdown="continue" popup="none" popup-page-rule="" />
  <Paragraph id="1144509" documentposition="214" splitpriority="none" dropdown="continue" popup="none" popup-page-rule="" />
  <Paragraph id="1095893" documentposition="215" splitpriority="none" dropdown="continue" popup="none" popup-page-rule="" />
  <Paragraph id="1095894" documentposition="216" splitpriority="none" dropdown="continue" popup="none" popup-page-rule="" />
  <Paragraph id="1095895" documentposition="217" splitpriority="none" dropdown="continue" popup="none" popup-page-rule="" />
  <Paragraph id="1095896" documentposition="218" splitpriority="none" dropdown="continue" popup="none" popup-page-rule="" />
  <Paragraph id="1095897" documentposition="219" splitpriority="none" dropdown="continue" popup="none" popup-page-rule="" />
  <Paragraph id="1095898" documentposition="220" splitpriority="none" dropdown="continue" popup="none" popup-page-rule="" />
  <Paragraph id="1095899" documentposition="221" splitpriority="none" dropdown="continue" popup="none" popup-page-rule="" />
  <Paragraph id="1095900" documentposition="222" splitpriority="none" dropdown="continue" popup="none" popup-page-rule="" />
  <Paragraph id="1095901" documentposition="223" splitpriority="none" dropdown="continue" popup="none" popup-page-rule="" />
  <Paragraph id="1095902" documentposition="224" splitpriority="none" dropdown="continue" popup="none" popup-page-rule="" />
  <Paragraph id="1095903" documentposition="225" splitpriority="none" dropdown="continue" popup="none" popup-page-rule="" />
  <Paragraph id="1095904" documentposition="226" splitpriority="none" dropdown="continue" popup="none" popup-page-rule="" />
  <Paragraph id="1095905" documentposition="227" splitpriority="none" dropdown="continue" popup="none" popup-page-rule="" />
  <Paragraph id="1095906" documentposition="228" splitpriority="none" dropdown="continue" popup="none" popup-page-rule="" />
  <Paragraph id="1095907" documentposition="229" splitpriority="none" dropdown="continue" popup="none" popup-page-rule="" />
  <Paragraph id="1095908" documentposition="230" splitpriority="none" dropdown="continue" popup="none" popup-page-rule="" />
  <Paragraph id="1095909" documentposition="231" splitpriority="none" dropdown="continue" popup="none" popup-page-rule="" />
  <Paragraph id="1095910" documentposition="232" splitpriority="none" dropdown="continue" popup="none" popup-page-rule="" />
  <Paragraph id="1095911" documentposition="233" splitpriority="none" dropdown="continue" popup="none" popup-page-rule="" />
  <Paragraph id="1095912" documentposition="234" splitpriority="none" dropdown="continue" popup="none" popup-page-rule="" />
  <Paragraph id="1095913" documentposition="235" splitpriority="none" dropdown="continue" popup="none" popup-page-rule="" />
  <Paragraph id="1095914" documentposition="236" splitpriority="none" dropdown="continue" popup="none" popup-page-rule="" />
  <Paragraph id="1095915" documentposition="237" splitpriority="none" dropdown="continue" popup="none" popup-page-rule="" />
  <Paragraph id="1095916" documentposition="238" splitpriority="none" dropdown="continue" popup="none" popup-page-rule="" />
  <Paragraph id="1148955" documentposition="239" splitpriority="none" relatedtopic="define-no-output" dropdown="continue" popup="none" popup-page-rule="" />
  <Paragraph id="1148959" documentposition="240" splitpriority="none" relatedtopic="define-no-output" dropdown="continue" popup="none" popup-page-rule="" />
  <Paragraph id="1095917" documentposition="241" splitpriority="none" dropdown="continue" popup="none" popup-page-rule="" />
  <Paragraph id="1143852" documentposition="242" splitpriority="none" dropdown="continue" popup="none" popup-page-rule="" />
  <Paragraph id="1095919" documentposition="243" splitpriority="3" dropdown="continue" popup="none" popup-page-rule="" />
  <Paragraph id="1095920" documentposition="244" splitpriority="none" dropdown="continue" popup="none" popup-page-rule="" />
  <Paragraph id="1095921" documentposition="245" splitpriority="none" dropdown="continue" popup="none" popup-page-rule="" />
  <Paragraph id="1095922" documentposition="246" splitpriority="none" dropdown="continue" popup="none" popup-page-rule="" />
  <Paragraph id="1095923" documentposition="247" splitpriority="none" dropdown="continue" popup="none" popup-page-rule="" />
  <Paragraph id="1095924" documentposition="248" splitpriority="none" dropdown="continue" popup="none" popup-page-rule="" />
  <Paragraph id="1095925" documentposition="249" splitpriority="none" dropdown="continue" popup="none" popup-page-rule="" />
  <Paragraph id="1095926" documentposition="250" splitpriority="none" dropdown="continue" popup="none" popup-page-rule="" />
  <Paragraph id="1095927" documentposition="251" splitpriority="none" dropdown="continue" popup="none" popup-page-rule="" />
  <Paragraph id="1095928" documentposition="252" splitpriority="none" dropdown="continue" popup="none" popup-page-rule="" />
  <Paragraph id="1095929" documentposition="253" splitpriority="none" dropdown="continue" popup="none" popup-page-rule="" />
  <Paragraph id="1095930" documentposition="254" splitpriority="none" dropdown="continue" popup="none" popup-page-rule="" />
  <Paragraph id="1095931" documentposition="255" splitpriority="none" dropdown="continue" popup="none" popup-page-rule="" />
  <Paragraph id="1095932" documentposition="256" splitpriority="none" dropdown="continue" popup="none" popup-page-rule="" />
  <Paragraph id="1095933" documentposition="257" splitpriority="none" dropdown="continue" popup="none" popup-page-rule="" />
  <Paragraph id="1095934" documentposition="258" splitpriority="none" dropdown="continue" popup="none" popup-page-rule="" />
  <Paragraph id="1095935" documentposition="259" splitpriority="none" dropdown="continue" popup="none" popup-page-rule="" />
  <Paragraph id="1095936" documentposition="260" splitpriority="none" dropdown="continue" popup="none" popup-page-rule="" />
  <Paragraph id="1095937" documentposition="261" splitpriority="none" dropdown="continue" popup="none" popup-page-rule="" />
  <Paragraph id="1095938" documentposition="262" splitpriority="none" dropdown="continue" popup="none" popup-page-rule="" />
  <Paragraph id="1095939" documentposition="263" splitpriority="none" dropdown="continue" popup="none" popup-page-rule="" />
  <Paragraph id="1095940" documentposition="264" splitpriority="none" dropdown="continue" popup="none" popup-page-rule="" />
  <Paragraph id="1095941" documentposition="265" splitpriority="none" dropdown="continue" popup="none" popup-page-rule="" />
  <Paragraph id="1095942" documentposition="266" splitpriority="none" dropdown="continue" popup="none" popup-page-rule="" />
  <Paragraph id="1095943" documentposition="267" splitpriority="none" dropdown="continue" popup="none" popup-page-rule="" />
  <Paragraph id="1095944" documentposition="268" splitpriority="none" dropdown="continue" popup="none" popup-page-rule="" />
  <Paragraph id="1095945" documentposition="269" splitpriority="none" dropdown="continue" popup="none" popup-page-rule="" />
  <Paragraph id="1095946" documentposition="270" splitpriority="none" dropdown="continue" popup="none" popup-page-rule="" />
  <Paragraph id="1095947" documentposition="271" splitpriority="none" dropdown="continue" popup="none" popup-page-rule="" />
  <Paragraph id="1148971" documentposition="272" splitpriority="none" relatedtopic="define-no-output" dropdown="continue" popup="none" popup-page-rule="" />
  <Paragraph id="1148975" documentposition="273" splitpriority="none" relatedtopic="define-no-output" dropdown="continue" popup="none" popup-page-rule="" />
  <Paragraph id="1148979" documentposition="274" splitpriority="none" relatedtopic="define-no-output" dropdown="continue" popup="none" popup-page-rule="" />
  <Paragraph id="1144496" documentposition="275" splitpriority="none" dropdown="continue" popup="none" popup-page-rule="" />
  <Paragraph id="1095949" documentposition="276" splitpriority="3" dropdown="continue" popup="none" popup-page-rule="" />
  <Paragraph id="1095950" documentposition="277" splitpriority="none" dropdown="continue" popup="none" popup-page-rule="" />
  <Paragraph id="1143698" documentposition="278" splitpriority="none" dropdown="continue" popup="none" popup-page-rule="" />
  <Paragraph id="1144548" documentposition="279" splitpriority="none" dropdown="continue" popup="none" popup-page-rule="" />
  <Paragraph id="1144537" documentposition="280" splitpriority="none" dropdown="continue" popup="none" popup-page-rule="" />
  <Paragraph id="1095952" documentposition="281" splitpriority="none" dropdown="continue" popup="none" popup-page-rule="" />
  <Paragraph id="1095953" documentposition="282" splitpriority="none" dropdown="continue" popup="none" popup-page-rule="" />
  <Paragraph id="1095954" documentposition="283" splitpriority="none" dropdown="continue" popup="none" popup-page-rule="" />
  <Paragraph id="1095955" documentposition="284" splitpriority="none" dropdown="continue" popup="none" popup-page-rule="" />
  <Paragraph id="1095956" documentposition="285" splitpriority="none" dropdown="continue" popup="none" popup-page-rule="" />
  <Paragraph id="1095957" documentposition="286" splitpriority="none" dropdown="continue" popup="none" popup-page-rule="" />
  <Paragraph id="1095958" documentposition="287" splitpriority="none" dropdown="continue" popup="none" popup-page-rule="" />
  <Paragraph id="1095959" documentposition="288" splitpriority="none" dropdown="continue" popup="none" popup-page-rule="" />
  <Paragraph id="1095960" documentposition="289" splitpriority="none" dropdown="continue" popup="none" popup-page-rule="" />
  <Paragraph id="1095961" documentposition="290" splitpriority="none" dropdown="continue" popup="none" popup-page-rule="" />
  <Paragraph id="1095962" documentposition="291" splitpriority="none" dropdown="continue" popup="none" popup-page-rule="" />
  <Paragraph id="1095963" documentposition="292" splitpriority="none" dropdown="continue" popup="none" popup-page-rule="" />
  <Paragraph id="1095964" documentposition="293" splitpriority="none" dropdown="continue" popup="none" popup-page-rule="" />
  <Paragraph id="1095965" documentposition="294" splitpriority="none" dropdown="continue" popup="none" popup-page-rule="" />
  <Paragraph id="1095966" documentposition="295" splitpriority="none" dropdown="continue" popup="none" popup-page-rule="" />
  <Paragraph id="1095967" documentposition="296" splitpriority="none" dropdown="continue" popup="none" popup-page-rule="" />
  <Paragraph id="1095968" documentposition="297" splitpriority="none" dropdown="continue" popup="none" popup-page-rule="" />
  <Paragraph id="1095969" documentposition="298" splitpriority="none" dropdown="continue" popup="none" popup-page-rule="" />
  <Paragraph id="1095970" documentposition="299" splitpriority="none" dropdown="continue" popup="none" popup-page-rule="" />
  <Paragraph id="1095971" documentposition="300" splitpriority="none" dropdown="continue" popup="none" popup-page-rule="" />
  <Paragraph id="1095972" documentposition="301" splitpriority="none" dropdown="continue" popup="none" popup-page-rule="" />
  <Paragraph id="1095973" documentposition="302" splitpriority="none" dropdown="continue" popup="none" popup-page-rule="" />
  <Paragraph id="1095974" documentposition="303" splitpriority="none" dropdown="continue" popup="none" popup-page-rule="" />
  <Paragraph id="1095975" documentposition="304" splitpriority="none" dropdown="continue" popup="none" popup-page-rule="" />
  <Paragraph id="1095976" documentposition="305" splitpriority="none" dropdown="continue" popup="none" popup-page-rule="" />
  <Paragraph id="1095977" documentposition="306" splitpriority="none" dropdown="continue" popup="none" popup-page-rule="" />
  <Paragraph id="1095978" documentposition="307" splitpriority="none" dropdown="continue" popup="none" popup-page-rule="" />
  <Paragraph id="1095979" documentposition="308" splitpriority="none" dropdown="continue" popup="none" popup-page-rule="" />
  <Paragraph id="1095980" documentposition="309" splitpriority="none" dropdown="continue" popup="none" popup-page-rule="" />
  <Paragraph id="1095981" documentposition="310" splitpriority="none" dropdown="continue" popup="none" popup-page-rule="" />
  <Paragraph id="1095982" documentposition="311" splitpriority="none" dropdown="continue" popup="none" popup-page-rule="" />
  <Paragraph id="1095983" documentposition="312" splitpriority="none" dropdown="continue" popup="none" popup-page-rule="" />
  <Paragraph id="1095984" documentposition="313" splitpriority="none" dropdown="continue" popup="none" popup-page-rule="" />
  <Paragraph id="1095985" documentposition="314" splitpriority="none" dropdown="continue" popup="none" popup-page-rule="" />
  <Paragraph id="1095986" documentposition="315" splitpriority="none" dropdown="continue" popup="none" popup-page-rule="" />
  <Paragraph id="1095987" documentposition="316" splitpriority="none" dropdown="continue" popup="none" popup-page-rule="" />
  <Paragraph id="1095988" documentposition="317" splitpriority="none" dropdown="continue" popup="none" popup-page-rule="" />
  <Paragraph id="1095989" documentposition="318" splitpriority="none" dropdown="continue" popup="none" popup-page-rule="" />
  <Paragraph id="1095990" documentposition="319" splitpriority="none" dropdown="continue" popup="none" popup-page-rule="" />
  <Paragraph id="1095991" documentposition="320" splitpriority="none" dropdown="continue" popup="none" popup-page-rule="" />
  <Paragraph id="1095992" documentposition="321" splitpriority="none" dropdown="continue" popup="none" popup-page-rule="" />
  <Paragraph id="1095993" documentposition="322" splitpriority="none" dropdown="continue" popup="none" popup-page-rule="" />
  <Paragraph id="1095994" documentposition="323" splitpriority="none" dropdown="continue" popup="none" popup-page-rule="" />
  <Paragraph id="1095995" documentposition="324" splitpriority="none" dropdown="continue" popup="none" popup-page-rule="" />
  <Paragraph id="1095996" documentposition="325" splitpriority="none" dropdown="continue" popup="none" popup-page-rule="" />
  <Paragraph id="1095997" documentposition="326" splitpriority="none" dropdown="continue" popup="none" popup-page-rule="" />
  <Paragraph id="1095998" documentposition="327" splitpriority="none" dropdown="continue" popup="none" popup-page-rule="" />
  <Paragraph id="1095999" documentposition="328" splitpriority="none" dropdown="continue" popup="none" popup-page-rule="" />
  <Paragraph id="1056643" documentposition="329" splitpriority="none" dropdown="continue" popup="none" popup-page-rule="" />
  <Paragraph id="1148987" documentposition="330" splitpriority="none" relatedtopic="define-no-output" dropdown="continue" popup="none" popup-page-rule="" />
  <Paragraph id="1148991" documentposition="331" splitpriority="none" relatedtopic="define-no-output" dropdown="continue" popup="none" popup-page-rule="" />
  <Paragraph id="1148995" documentposition="332" splitpriority="none" relatedtopic="define-no-output" dropdown="continue" popup="none" popup-page-rule="" />
  <Paragraph id="1111853" documentposition="333" splitpriority="2" dropdown="continue" popup="none" popup-page-rule="" />
  <Paragraph id="1113492" documentposition="334" splitpriority="none" dropdown="continue" popup="none" popup-page-rule="" />
</Behaviors>