<?xml version="1.0" encoding="utf-8"?>
<Behaviors version="1.0" xmlns="urn:WebWorks-Behaviors-Schema">
  <Split id="1052621" documentposition="3">
    <Paragraph id="1052621" documentposition="3" splitpriority="1" />
    <Paragraph id="1133650" documentposition="4" splitpriority="none" />
    <Paragraph id="1138169" documentposition="5" splitpriority="none" />
    <Paragraph id="1188331" documentposition="6" splitpriority="none" />
    <Paragraph id="1187587" documentposition="7" splitpriority="none" />
  </Split>
  <Split id="1176489" documentposition="8">
    <Paragraph id="1176489" documentposition="8" splitpriority="2" />
    <Paragraph id="1133651" documentposition="9" splitpriority="none" />
    <Paragraph id="1138874" documentposition="10" splitpriority="none" />
    <Paragraph id="1137352" documentposition="11" splitpriority="none" />
    <Paragraph id="1143428" documentposition="12" splitpriority="none" />
    <Paragraph id="1149677" documentposition="13" splitpriority="none" />
    <Paragraph id="1149713" documentposition="14" splitpriority="none" />
    <Paragraph id="1147974" documentposition="16" splitpriority="none" />
    <Paragraph id="1147975" documentposition="17" splitpriority="none" />
    <Paragraph id="1184329" documentposition="18" splitpriority="none" />
    <Table id="1166954" documentposition="19" splitpriority="none">
      <TableCell>
        <Paragraph id="1166956" />
      </TableCell>
      <TableCell>
        <Paragraph id="1166958" />
      </TableCell>
      <TableCell>
        <Paragraph id="1166960" />
      </TableCell>
      <TableCell>
        <Paragraph id="1166962" />
      </TableCell>
      <TableCell>
        <Paragraph id="1166964" />
      </TableCell>
      <TableCell>
        <Paragraph id="1166966" />
      </TableCell>
      <TableCell>
        <Paragraph id="1166968" />
      </TableCell>
      <TableCell>
        <Paragraph id="1166970" />
        <Paragraph id="1166971" />
        <Paragraph id="1166972" />
      </TableCell>
      <TableCell>
        <Paragraph id="1166977" />
      </TableCell>
      <TableCell>
        <Paragraph id="1166979" />
      </TableCell>
      <TableCell>
        <Paragraph id="1166981" />
      </TableCell>
      <TableCell>
        <Paragraph id="1166983" />
      </TableCell>
      <TableCell>
        <Paragraph id="1166985" />
      </TableCell>
      <TableCell>
        <Paragraph id="1166987" />
      </TableCell>
      <TableCell>
        <Paragraph id="1177360" />
      </TableCell>
    </Table>
    <Paragraph id="1166878" documentposition="20" splitpriority="none" />
    <Paragraph id="1139496" documentposition="21" splitpriority="none" />
    <Paragraph id="1167001" documentposition="22" splitpriority="none" />
    <Table id="1139500" documentposition="23" splitpriority="none">
      <TableCell>
        <Paragraph id="1139502" />
      </TableCell>
      <TableCell>
        <Paragraph id="1139504" />
      </TableCell>
      <TableCell>
        <Paragraph id="1139506" />
      </TableCell>
      <TableCell>
        <Paragraph id="1139508" />
      </TableCell>
      <TableCell>
        <Paragraph id="1139510" />
      </TableCell>
      <TableCell>
        <Paragraph id="1139512" />
      </TableCell>
      <TableCell>
        <Paragraph id="1139514" />
      </TableCell>
      <TableCell>
        <Paragraph id="1139517" />
      </TableCell>
      <TableCell>
        <Paragraph id="1139520" />
      </TableCell>
      <TableCell>
        <Paragraph id="1139522" />
        <Paragraph id="1139523" />
        <Paragraph id="1139527">
          <Frame id="1139525">
            <Paragraph id="" />
          </Frame>
        </Paragraph>
      </TableCell>
      <TableCell>
        <Paragraph id="1139529" />
      </TableCell>
      <TableCell>
        <Paragraph id="1139531" />
      </TableCell>
      <TableCell>
        <Paragraph id="1139533" />
      </TableCell>
      <TableCell>
        <Paragraph id="1139535" />
      </TableCell>
      <TableCell>
        <Paragraph id="1139537" />
      </TableCell>
      <TableCell>
        <Paragraph id="1139539" />
      </TableCell>
      <TableCell>
        <Paragraph id="1139541" />
      </TableCell>
      <TableCell>
        <Paragraph id="1139543" />
      </TableCell>
    </Table>
    <Paragraph id="1133684" documentposition="24" splitpriority="none" />
    <Paragraph id="1190115" documentposition="25" splitpriority="none" />
  </Split>
  <Split id="1133644" documentposition="26">
    <Paragraph id="1133644" documentposition="26" splitpriority="2" />
    <Paragraph id="1137686" documentposition="27" splitpriority="none" />
    <Paragraph id="1138772" documentposition="28" splitpriority="none" />
    <Paragraph id="1137651" documentposition="29" splitpriority="none" />
    <Paragraph id="1177341" documentposition="30" splitpriority="none" />
    <Paragraph id="1177345" documentposition="31" splitpriority="none" />
    <Paragraph id="1177348" documentposition="32" splitpriority="none" />
    <Paragraph id="1141221" documentposition="33" splitpriority="none" />
    <Table id="1139154" documentposition="34" splitpriority="none">
      <TableCell>
        <Paragraph id="1139156" />
      </TableCell>
      <TableCell>
        <Paragraph id="1139158" />
      </TableCell>
      <TableCell>
        <Paragraph id="1174968" />
      </TableCell>
      <TableCell>
        <Paragraph id="1174970" />
        <Paragraph id="1174971" />
        <Paragraph id="1176418" />
      </TableCell>
      <TableCell>
        <Paragraph id="1139160" />
      </TableCell>
      <TableCell>
        <Paragraph id="1139162" />
        <Paragraph id="1139219" />
        <Paragraph id="1139220" />
        <Paragraph id="1139221" />
        <Paragraph id="1139222" />
        <Paragraph id="1139223" />
        <Paragraph id="1139224" />
        <Paragraph id="1139216" />
        <Paragraph id="1174356" />
        <Paragraph id="1139234" />
      </TableCell>
      <TableCell>
        <Paragraph id="1175947" />
      </TableCell>
      <TableCell>
        <Paragraph id="1175983" />
        <Paragraph id="1175984" />
        <Paragraph id="1175986" />
        <Paragraph id="1175987" />
        <Paragraph id="1175988" />
        <Paragraph id="1175989" />
        <Paragraph id="1175990" />
        <Paragraph id="1175991" />
        <Paragraph id="1175992" />
        <Paragraph id="1175993" />
        <Paragraph id="1175994" />
        <Paragraph id="1175995" />
        <Paragraph id="1175949" />
        <Paragraph id="1176006" />
      </TableCell>
      <TableCell>
        <Paragraph id="1174606" />
      </TableCell>
      <TableCell>
        <Paragraph id="1175130" />
        <Paragraph id="1175888" />
      </TableCell>
      <TableCell>
        <Paragraph id="1139170" />
      </TableCell>
      <TableCell>
        <Paragraph id="1139172" />
      </TableCell>
    </Table>
    <Paragraph id="1137835" documentposition="35" splitpriority="none" />
    <Paragraph id="1138788" documentposition="36" splitpriority="none" />
    <Paragraph id="1190128" documentposition="37" splitpriority="none" />
  </Split>
  <Split id="1138789" documentposition="38">
    <Paragraph id="1138789" documentposition="38" splitpriority="3" />
    <Paragraph id="1190136" documentposition="39" splitpriority="none" />
    <Paragraph id="1143038" documentposition="40" splitpriority="none" />
    <Paragraph id="1150535" documentposition="42" splitpriority="none" />
    <Paragraph id="1139312" documentposition="43" splitpriority="none" />
    <Paragraph id="1139363" documentposition="44" splitpriority="none" />
    <Table id="1139316" documentposition="45" splitpriority="none">
      <TableCell>
        <Paragraph id="1139703" />
      </TableCell>
      <TableCell>
        <Paragraph id="1139705" />
      </TableCell>
      <TableCell>
        <Paragraph id="1139707" />
      </TableCell>
      <TableCell>
        <Paragraph id="1139709" />
      </TableCell>
      <TableCell>
        <Paragraph id="1139711" />
      </TableCell>
      <TableCell>
        <Paragraph id="1139713" />
      </TableCell>
      <TableCell>
        <Paragraph id="1139715" />
      </TableCell>
      <TableCell>
        <Paragraph id="1139718" />
      </TableCell>
      <TableCell>
        <Paragraph id="1139721" />
      </TableCell>
      <TableCell>
        <Paragraph id="1139723">
          <Frame id="1139725">
            <Paragraph id="" />
          </Frame>
        </Paragraph>
      </TableCell>
      <TableCell>
        <Paragraph id="1139728" />
      </TableCell>
      <TableCell>
        <Paragraph id="1139730" />
      </TableCell>
      <TableCell>
        <Paragraph id="1139732" />
      </TableCell>
      <TableCell>
        <Paragraph id="1139734" />
      </TableCell>
      <TableCell>
        <Paragraph id="1139736" />
      </TableCell>
      <TableCell>
        <Paragraph id="1139738" />
      </TableCell>
      <TableCell>
        <Paragraph id="1139740" />
      </TableCell>
      <TableCell>
        <Paragraph id="1139742" />
      </TableCell>
    </Table>
    <Paragraph id="1139584" documentposition="46" splitpriority="none" />
    <Paragraph id="1138129" documentposition="47" splitpriority="none" />
    <Paragraph id="1138344" documentposition="48" splitpriority="none" />
    <Paragraph id="1138364" documentposition="49" splitpriority="none" />
    <Paragraph id="1138360" documentposition="50" splitpriority="none" />
    <Paragraph id="1138137" documentposition="51" splitpriority="none" />
  </Split>
  <Split id="1132520" documentposition="52">
    <Paragraph id="1132520" documentposition="52" splitpriority="3" />
    <Paragraph id="1190173" documentposition="53" splitpriority="none" />
    <Paragraph id="1109608" documentposition="54" splitpriority="none" />
    <Paragraph id="1175277" documentposition="56" splitpriority="none" />
    <Paragraph id="1175278" documentposition="57" splitpriority="none" />
    <Paragraph id="1175275" documentposition="58" splitpriority="none" />
    <Table id="1175307" documentposition="59" splitpriority="none">
      <TableCell>
        <Paragraph id="1175309" />
      </TableCell>
      <TableCell>
        <Paragraph id="1175311" />
      </TableCell>
      <TableCell>
        <Paragraph id="1175313" />
      </TableCell>
      <TableCell>
        <Paragraph id="1175315" />
      </TableCell>
      <TableCell>
        <Paragraph id="1175416" />
      </TableCell>
      <TableCell>
        <Paragraph id="1175418" />
      </TableCell>
      <TableCell>
        <Paragraph id="1175423" />
      </TableCell>
      <TableCell>
        <Paragraph id="1175425" />
      </TableCell>
      <TableCell>
        <Paragraph id="1175434" />
      </TableCell>
      <TableCell>
        <Paragraph id="1175436" />
      </TableCell>
      <TableCell>
        <Paragraph id="1175447" />
      </TableCell>
      <TableCell>
        <Paragraph id="1175449" />
      </TableCell>
      <TableCell>
        <Paragraph id="1175455" />
      </TableCell>
      <TableCell>
        <Paragraph id="1175457" />
      </TableCell>
      <TableCell>
        <Paragraph id="1175462" />
      </TableCell>
      <TableCell>
        <Paragraph id="1175464" />
      </TableCell>
      <TableCell>
        <Paragraph id="1175466" />
      </TableCell>
      <TableCell>
        <Paragraph id="1175468" />
      </TableCell>
      <TableCell>
        <Paragraph id="1175526" />
      </TableCell>
      <TableCell>
        <Paragraph id="1175528" />
      </TableCell>
      <TableCell>
        <Paragraph id="1175317" />
      </TableCell>
      <TableCell>
        <Paragraph id="1175319" />
      </TableCell>
      <TableCell>
        <Paragraph id="1175345" />
      </TableCell>
      <TableCell>
        <Paragraph id="1175347">
          <Frame id="1175539">
            <Paragraph id="" />
          </Frame>
        </Paragraph>
      </TableCell>
    </Table>
    <Paragraph id="1175381" documentposition="61" splitpriority="none" />
  </Split>
</Behaviors>