<?xml version="1.0" encoding="utf-8"?>
<Behaviors version="1.0" xmlns="urn:WebWorks-Behaviors-Schema">
  <Split id="1052621" documentposition="3">
    <Paragraph id="1052621" documentposition="3" splitpriority="1" />
    <Paragraph id="1064587" documentposition="4" splitpriority="none" />
    <Paragraph id="1064588" documentposition="5" splitpriority="none" />
    <Paragraph id="1064592" documentposition="6" splitpriority="none" />
    <Paragraph id="1064596" documentposition="7" splitpriority="none" />
  </Split>
  <Split id="1064573" documentposition="8">
    <Paragraph id="1064573" documentposition="8" splitpriority="2" />
    <Paragraph id="1088830" documentposition="9" splitpriority="none" />
    <Paragraph id="1086778" documentposition="10" splitpriority="none" />
    <Paragraph id="1086942" documentposition="11" splitpriority="none" />
    <Paragraph id="1091411" documentposition="12" splitpriority="none" />
    <Paragraph id="1088858" documentposition="13" splitpriority="none" />
    <Paragraph id="1091581" documentposition="14" splitpriority="none" />
    <Paragraph id="1091585" documentposition="15" splitpriority="none" />
    <Paragraph id="1091591" documentposition="16" splitpriority="none" />
    <Paragraph id="1091426" documentposition="17" splitpriority="none" />
    <Paragraph id="1094482" documentposition="18" splitpriority="none" />
  </Split>
  <Split id="1086789" documentposition="19">
    <Paragraph id="1086789" documentposition="19" splitpriority="2" />
    <Paragraph id="1086800" documentposition="20" splitpriority="none" />
    <Paragraph id="1089029" documentposition="21" splitpriority="none" />
    <Paragraph id="1087036" documentposition="22" splitpriority="none" />
    <Paragraph id="1089086" documentposition="23" splitpriority="none" />
    <Paragraph id="1094490" documentposition="24" splitpriority="none" />
    <Paragraph id="1077968" documentposition="25" splitpriority="none" relatedtopic="define-no-output" />
  </Split>
</Behaviors>