<?xml version="1.0" encoding="utf-8"?>
<Splits version="1.0" xmlns="urn:WebWorks-Engine-Splits-Schema">
  <Split groupID="44481DDAC2A36D9" documentID="89D937811987BC" id="1052621" position="1" documentstartposition="3" documentendposition="7" title="About caArray">
    <Group name="caArray Online Help" id="44481DDAC2A36D9" position="1" />
    <Document path="C:\Documents and Settings\hadfielj\My Documents\CBIIT Projects\caArray\caArray documentation\caArray 2.1\2.1 users guide and OH\About caArray.fm" id="89D937811987BC" position="2" />
    <PageStyle value="" />
    <Frames />
    <Popups />
  </Split>
  <Split groupID="44481DDAC2A36D9" documentID="89D937811987BC" id="1064573" position="2" documentstartposition="8" documentendposition="18" title="caArray Overview">
    <Group name="caArray Online Help" id="44481DDAC2A36D9" position="1" />
    <Document path="C:\Documents and Settings\hadfielj\My Documents\CBIIT Projects\caArray\caArray documentation\caArray 2.1\2.1 users guide and OH\About caArray.fm" id="89D937811987BC" position="2" />
    <PageStyle value="" />
    <Frames />
    <Popups />
  </Split>
  <Split groupID="44481DDAC2A36D9" documentID="89D937811987BC" id="1086789" position="3" documentstartposition="19" documentendposition="25" title="Relationship of caArray to caBIG™">
    <Group name="caArray Online Help" id="44481DDAC2A36D9" position="1" />
    <Document path="C:\Documents and Settings\hadfielj\My Documents\CBIIT Projects\caArray\caArray documentation\caArray 2.1\2.1 users guide and OH\About caArray.fm" id="89D937811987BC" position="2" />
    <PageStyle value="" />
    <Frames />
    <Popups />
  </Split>
</Splits>