<?xml version="1.0" encoding="utf-8"?>
<Behaviors version="1.0" xmlns="urn:WebWorks-Behaviors-Schema">
  <Split id="1052621" documentposition="3">
    <Paragraph id="1052621" documentposition="3" splitpriority="1" />
    <Paragraph id="1134590" documentposition="4" splitpriority="none" />
    <Paragraph id="1134588" documentposition="5" splitpriority="none" />
    <Paragraph id="1134598" documentposition="6" splitpriority="none" />
    <Paragraph id="1134606" documentposition="7" splitpriority="none" />
  </Split>
  <Split id="1134560" documentposition="8">
    <Paragraph id="1134560" documentposition="8" splitpriority="2" />
    <Paragraph id="1132728" documentposition="9" splitpriority="none" />
    <Paragraph id="1134836" documentposition="10" splitpriority="none" />
    <Paragraph id="1134842" documentposition="11" splitpriority="none" />
    <Paragraph id="1134844" documentposition="12" splitpriority="none" />
    <Paragraph id="1134845" documentposition="13" splitpriority="none" />
    <Paragraph id="1134852" documentposition="14" splitpriority="none">
      <Frame id="1134854" />
    </Paragraph>
    <Paragraph id="1134276" documentposition="15" splitpriority="none" />
    <Paragraph id="1134232" documentposition="16" splitpriority="none" />
    <Paragraph id="1134299" documentposition="17" splitpriority="none" />
    <Paragraph id="1134398" documentposition="18" splitpriority="none">
      <Frame id="1134306" />
    </Paragraph>
    <Paragraph id="1132851" documentposition="19" splitpriority="none" />
    <Paragraph id="1132854" documentposition="20" splitpriority="none" />
    <Paragraph id="1132856" documentposition="21" splitpriority="none" />
    <Paragraph id="1132857" documentposition="22" splitpriority="none" />
    <Paragraph id="1132861" documentposition="23" splitpriority="none" />
    <Paragraph id="1134675" documentposition="24" splitpriority="none" />
    <Paragraph id="1134653" documentposition="25" splitpriority="none" />
    <Paragraph id="1132862" documentposition="26" splitpriority="none" />
    <Paragraph id="1134375" documentposition="27" splitpriority="none" />
  </Split>
  <Split id="1134571" documentposition="28">
    <Paragraph id="1134571" documentposition="28" splitpriority="3" />
    <Paragraph id="1134572" documentposition="29" splitpriority="none" />
    <Paragraph id="1135062" documentposition="30" splitpriority="none" />
  </Split>
  <Split id="1132707" documentposition="31">
    <Paragraph id="1132707" documentposition="31" splitpriority="2" />
    <Paragraph id="1132676" documentposition="32" splitpriority="none" />
    <Paragraph id="1134448" documentposition="33" splitpriority="none" />
    <Paragraph id="1134449" documentposition="34" splitpriority="none" />
    <Paragraph id="1134450" documentposition="35" splitpriority="none" />
    <Paragraph id="1134446" documentposition="36" splitpriority="none" />
    <Paragraph id="1134457" documentposition="37" splitpriority="none" />
    <Paragraph id="1109608" documentposition="38" splitpriority="none" />
  </Split>
</Behaviors>