<?xml version="1.0" encoding="utf-8"?>
<Behaviors version="1.0" xmlns="urn:WebWorks-Behaviors-Schema">
  <Split id="1069426" documentposition="1">
    <Paragraph id="1069426" documentposition="1" splitpriority="1" />
    <Paragraph id="1083452" documentposition="2" splitpriority="none" />
    <Paragraph id="1069431" documentposition="3" splitpriority="none" />
    <Table id="1083454" documentposition="4" splitpriority="none">
      <TableCell>
        <Paragraph id="1083456" />
      </TableCell>
      <TableCell>
        <Paragraph id="1083458" />
        <Paragraph id="1083459" />
        <Paragraph id="1083460" />
        <Paragraph id="1083461" />
        <Paragraph id="1083462" />
        <Paragraph id="1083463" />
      </TableCell>
      <TableCell>
        <Paragraph id="1083496" />
      </TableCell>
      <TableCell>
        <Paragraph id="1083500" />
      </TableCell>
      <TableCell>
        <Paragraph id="1083465" />
      </TableCell>
      <TableCell>
        <Paragraph id="1083467" />
      </TableCell>
    </Table>
  </Split>
</Behaviors>