<?xml version="1.0" encoding="utf-8"?>
<Behaviors version="1.0" xmlns="urn:WebWorks-Behaviors-Schema">
  <Split id="1052621" documentposition="3">
    <Paragraph id="1052621" documentposition="3" splitpriority="1" dropdown="continue" popup="none" popup-page-rule="" />
    <Paragraph id="1134590" documentposition="4" splitpriority="none" dropdown="continue" popup="none" popup-page-rule="" />
    <Paragraph id="1134588" documentposition="5" splitpriority="none" dropdown="continue" popup="none" popup-page-rule="" />
    <Paragraph id="1134598" documentposition="6" splitpriority="none" dropdown="continue" popup="none" popup-page-rule="" />
    <Paragraph id="1134606" documentposition="7" splitpriority="none" popup="none" popup-page-rule="" dropdown="end" />
  </Split>
  <Split id="1134560" documentposition="8">
    <Paragraph id="1134560" documentposition="8" splitpriority="2" dropdown="continue" popup="none" popup-page-rule="" />
    <Paragraph id="1132728" documentposition="9" splitpriority="none" dropdown="continue" popup="none" popup-page-rule="" />
    <Paragraph id="1143273" documentposition="10" splitpriority="none" dropdown="continue" popup="none" popup-page-rule="" />
    <Paragraph id="1137358" documentposition="11" splitpriority="none" dropdown="continue" popup="none" popup-page-rule="" />
    <Paragraph id="1134842" documentposition="12" splitpriority="none" dropdown="continue" popup="none" popup-page-rule="" />
    <Paragraph id="1134845" documentposition="13" splitpriority="none" dropdown="continue" popup="none" popup-page-rule="" />
    <Paragraph id="1134276" documentposition="14" splitpriority="none" dropdown="continue" popup="none" popup-page-rule="" />
    <Paragraph id="1144591" documentposition="16" splitpriority="none" dropdown="continue" popup="none" popup-page-rule="" />
    <Paragraph id="1147531" documentposition="17" splitpriority="none" relatedtopic="define-no-output" dropdown="continue" popup="none" popup-page-rule="" />
    <Paragraph id="1147535" documentposition="18" splitpriority="none" relatedtopic="define-no-output" popup="none" popup-page-rule="" dropdown="end" />
  </Split>
  <Split id="1144525" documentposition="19">
    <Paragraph id="1144525" documentposition="19" splitpriority="3" dropdown="continue" popup="none" popup-page-rule="" />
    <Paragraph id="1144544" documentposition="20" splitpriority="none" dropdown="continue" popup="none" popup-page-rule="" />
    <Paragraph id="1144551" documentposition="21" splitpriority="none" dropdown="continue" popup="none" popup-page-rule="" />
    <Paragraph id="1144555" documentposition="23" splitpriority="none" dropdown="continue" popup="none" popup-page-rule="" />
    <Paragraph id="1144556" documentposition="24" splitpriority="none" dropdown="continue" popup="none" popup-page-rule="" />
    <Paragraph id="1144557" documentposition="25" splitpriority="none" dropdown="continue" popup="none" popup-page-rule="" />
    <Paragraph id="1144561" documentposition="26" splitpriority="none" dropdown="continue" popup="none" popup-page-rule="">
      <Frame id="1144559">
        <Paragraph id="" dropdown="continue" popup="none" popup-page-rule="" />
      </Frame>
    </Paragraph>
    <Paragraph id="1144563" documentposition="27" splitpriority="none" dropdown="continue" popup="none" popup-page-rule="" />
    <Paragraph id="1144539" documentposition="28" splitpriority="none" dropdown="continue" popup="none" popup-page-rule="">
      <Frame id="1144565">
        <Paragraph id="" dropdown="continue" popup="none" popup-page-rule="" />
      </Frame>
    </Paragraph>
    <Paragraph id="1144891" documentposition="29" splitpriority="none" dropdown="continue" popup="none" popup-page-rule="" />
    <Paragraph id="1144892" documentposition="30" splitpriority="none" dropdown="continue" popup="none" popup-page-rule="" />
    <Paragraph id="1144893" documentposition="31" splitpriority="none" dropdown="continue" popup="none" popup-page-rule="" />
    <Paragraph id="1144894" documentposition="32" splitpriority="none" dropdown="continue" popup="none" popup-page-rule="" />
    <Paragraph id="1144895" documentposition="33" splitpriority="none" dropdown="continue" popup="none" popup-page-rule="" />
    <Paragraph id="1144896" documentposition="34" splitpriority="none" dropdown="continue" popup="none" popup-page-rule="" />
    <Paragraph id="1147543" documentposition="35" splitpriority="none" relatedtopic="define-no-output" dropdown="continue" popup="none" popup-page-rule="" />
    <Paragraph id="1147547" documentposition="36" splitpriority="none" relatedtopic="define-no-output" popup="none" popup-page-rule="" dropdown="end" />
  </Split>
  <Split id="1143411" documentposition="37">
    <Paragraph id="1143411" documentposition="37" splitpriority="3" dropdown="continue" popup="none" popup-page-rule="" />
    <Paragraph id="1144702" documentposition="38" splitpriority="none" dropdown="continue" popup="none" popup-page-rule="" />
    <Paragraph id="1147558" documentposition="39" splitpriority="none" popup="none" popup-page-rule="" dropdown="end" />
  </Split>
  <Split id="1144818" documentposition="40">
    <Paragraph id="1144818" documentposition="40" splitpriority="4" dropdown="continue" popup="none" popup-page-rule="" />
    <Paragraph id="1144766" documentposition="41" splitpriority="none" dropdown="continue" popup="none" popup-page-rule="" />
    <Paragraph id="1144768" documentposition="42" splitpriority="none" dropdown="continue" popup="none" popup-page-rule="" />
    <Paragraph id="1147566" documentposition="43" splitpriority="none" popup="none" popup-page-rule="" dropdown="end" />
  </Split>
  <Split id="1143372" documentposition="44">
    <Paragraph id="1143372" documentposition="44" splitpriority="4" dropdown="continue" popup="none" popup-page-rule="" />
    <Paragraph id="1144859" documentposition="45" splitpriority="none" dropdown="continue" popup="none" popup-page-rule="" />
    <Paragraph id="1144922" documentposition="46" splitpriority="none" dropdown="continue" popup="none" popup-page-rule="" />
    <Paragraph id="1145004" documentposition="47" splitpriority="none" dropdown="continue" popup="none" popup-page-rule="" />
    <Table id="1145021" documentposition="48" splitpriority="none" dropdown="end">
      <TableCell>
        <Paragraph id="1145025" dropdown="continue" popup="none" popup-page-rule="" />
        <Paragraph id="1145026" dropdown="continue" popup="none" popup-page-rule="" />
        <Paragraph id="1145027" dropdown="continue" popup="none" popup-page-rule="" />
        <Paragraph id="1145028" dropdown="continue" popup="none" popup-page-rule="" />
        <Paragraph id="1145029" dropdown="continue" popup="none" popup-page-rule="" />
        <Paragraph id="1145030" dropdown="continue" popup="none" popup-page-rule="" />
        <Paragraph id="1145031" dropdown="continue" popup="none" popup-page-rule="" />
        <Paragraph id="1145032" dropdown="continue" popup="none" popup-page-rule="" />
        <Paragraph id="1145033" dropdown="continue" popup="none" popup-page-rule="" />
        <Paragraph id="1145034" dropdown="continue" popup="none" popup-page-rule="" />
        <Paragraph id="1145023" dropdown="continue" popup="none" popup-page-rule="" />
      </TableCell>
    </Table>
  </Split>
  <Split id="1134571" documentposition="49">
    <Paragraph id="1134571" documentposition="49" splitpriority="2" dropdown="continue" popup="none" popup-page-rule="" />
    <Paragraph id="1134572" documentposition="50" splitpriority="none" dropdown="continue" popup="none" popup-page-rule="" />
    <Paragraph id="1135457" documentposition="51" splitpriority="none" dropdown="continue" popup="none" popup-page-rule="" />
    <Paragraph id="1147574" documentposition="52" splitpriority="none" relatedtopic="define-no-output" dropdown="continue" popup="none" popup-page-rule="" />
    <Paragraph id="1147578" documentposition="53" splitpriority="none" relatedtopic="define-no-output" popup="none" popup-page-rule="" dropdown="end" />
  </Split>
  <Split id="1132707" documentposition="54">
    <Paragraph id="1132707" documentposition="54" splitpriority="2" dropdown="continue" popup="none" popup-page-rule="" />
    <Paragraph id="1132676" documentposition="55" splitpriority="none" dropdown="continue" popup="none" popup-page-rule="" />
    <Paragraph id="1134457" documentposition="56" splitpriority="none" dropdown="continue" popup="none" popup-page-rule="" />
    <Paragraph id="1147586" documentposition="57" splitpriority="none" relatedtopic="define-no-output" dropdown="continue" popup="none" popup-page-rule="" />
    <Paragraph id="1147590" documentposition="58" splitpriority="none" relatedtopic="define-no-output" dropdown="continue" popup="none" popup-page-rule="" />
    <Paragraph id="1109608" documentposition="59" splitpriority="none" popup="none" popup-page-rule="" dropdown="end" />
  </Split>
</Behaviors>