<?xml version="1.0" encoding="utf-8"?>
<Splits version="1.0" xmlns="urn:WebWorks-Engine-Splits-Schema">
  <Split id="1052621" documentposition="3" />
  <Split id="1143839" documentposition="10" />
  <Split id="1132394" documentposition="24" />
  <Split id="1213042" documentposition="31" />
  <Split id="1180612" documentposition="38" />
  <Split id="1138656" documentposition="47" />
  <Split id="1138988" documentposition="55" />
  <Split id="1201717" documentposition="65" />
  <Split id="1139575" documentposition="72" />
  <Split id="1140893" documentposition="81" />
  <Split id="1157154" documentposition="95" />
  <Split id="1168814" documentposition="113" />
  <Split id="1141491" documentposition="131" />
  <Split id="1151841" documentposition="147" />
  <Split id="1141559" documentposition="164" />
  <Split id="1208140" documentposition="178" />
  <Split id="1141807" documentposition="193" />
  <Split id="1152285" documentposition="199" />
  <Split id="1191323" documentposition="209" />
  <Split id="1167599" documentposition="221" />
  <Split id="1158637" documentposition="226" />
  <Split id="1168225" documentposition="235" />
  <Split id="1168494" documentposition="245" />
  <Split id="1188821" documentposition="249" />
  <Split id="1188613" documentposition="286" />
</Splits>