<?xml version="1.0" encoding="utf-8"?>
<Splits version="1.0" xmlns="urn:WebWorks-Engine-Splits-Schema">
  <Split id="1071413" documentposition="3" />
  <Split id="1139280" documentposition="15" />
  <Split id="1139283" documentposition="17" />
  <Split id="1144600" documentposition="21" />
  <Split id="1125475" documentposition="23" />
  <Split id="1137434" documentposition="25" />
  <Split id="1126049" documentposition="28" />
  <Split id="1126260" documentposition="62" />
  <Split id="1139763" documentposition="77" />
  <Split id="1076065" documentposition="98" />
  <Split id="1076839" documentposition="125" />
  <Split id="1077021" documentposition="134" />
  <Split id="1076137" documentposition="149" />
  <Split id="1077226" documentposition="163" />
  <Split id="1077271" documentposition="177" />
  <Split id="1134347" documentposition="184" />
  <Split id="1139979" documentposition="194" />
  <Split id="1141732" documentposition="215" />
  <Split id="1138952" documentposition="230" />
  <Split id="1077437" documentposition="237" />
  <Split id="1087125" documentposition="246" />
</Splits>