<?xml version="1.0" encoding="utf-8"?>
<SplitPriorities version="1.0" xmlns="urn:WebWorks-Engine-Splits-Schema">
  <SplitPriority id="1136155" documentposition="3" splitpriority="1" outputposition="1" />
  <SplitPriority id="1139588" documentposition="15" splitpriority="2" outputposition="13" />
  <SplitPriority id="1139592" documentposition="17" splitpriority="2" outputposition="15" />
  <SplitPriority id="1136693" documentposition="37" splitpriority="4" outputposition="35" />
  <SplitPriority id="1134731" documentposition="39" splitpriority="4" outputposition="37" />
  <SplitPriority id="1136551" documentposition="42" splitpriority="2" outputposition="40" />
  <SplitPriority id="1137091" documentposition="66" splitpriority="2" outputposition="64" />
  <SplitPriority id="1137332" documentposition="70" splitpriority="3" outputposition="68" />
  <SplitPriority id="1109608" documentposition="104" splitpriority="2" outputposition="102" />
</SplitPriorities>