<?xml version="1.0" encoding="utf-8"?>
<Behaviors version="1.0" xmlns="urn:WebWorks-Behaviors-Schema">
  <Split id="1223007" documentposition="3">
    <Paragraph id="1223007" documentposition="3" splitpriority="1" />
    <Paragraph id="1223009" documentposition="4" splitpriority="none" />
    <Paragraph id="1223011" documentposition="5" splitpriority="none" />
    <Paragraph id="1223016" documentposition="6" splitpriority="none" />
    <Paragraph id="1223021" documentposition="7" splitpriority="none" />
    <Paragraph id="1223025" documentposition="8" splitpriority="none" />
    <Paragraph id="1223029" documentposition="9" splitpriority="none" />
    <Paragraph id="1223033" documentposition="10" splitpriority="none" />
    <Paragraph id="1223037" documentposition="11" splitpriority="none" />
    <Paragraph id="1223041" documentposition="12" splitpriority="none" />
  </Split>
  <Split id="1223043" documentposition="13">
    <Paragraph id="1223043" documentposition="13" splitpriority="2" />
    <Paragraph id="1223044" documentposition="14" splitpriority="none" />
    <Paragraph id="1223049" documentposition="15" splitpriority="none" />
    <Paragraph id="1223051" documentposition="16" splitpriority="none" />
    <Paragraph id="1223052" documentposition="17" splitpriority="none" />
    <Paragraph id="1223053" documentposition="18" splitpriority="none" />
    <Paragraph id="1247478" documentposition="19" splitpriority="none" relatedtopic="define-no-output" />
    <Paragraph id="1247482" documentposition="20" splitpriority="none" relatedtopic="define-no-output" />
    <Paragraph id="1247486" documentposition="21" splitpriority="none" relatedtopic="define-no-output" />
  </Split>
  <Split id="1227147" documentposition="22">
    <Paragraph id="1227147" documentposition="22" splitpriority="3" />
    <Paragraph id="1227152" documentposition="23" splitpriority="none" />
    <Paragraph id="1228514" documentposition="24" splitpriority="none" />
    <Table id="1227153" documentposition="25" splitpriority="none">
      <TableCell>
        <Paragraph id="1227155" />
      </TableCell>
      <TableCell>
        <Paragraph id="1227157" />
      </TableCell>
      <TableCell>
        <Paragraph id="1228607" />
      </TableCell>
      <TableCell>
        <Paragraph id="1227159" />
      </TableCell>
      <TableCell>
        <Paragraph id="1227161" />
        <Paragraph id="1227165" />
        <Paragraph id="1227166" />
        <Paragraph id="1228629" />
      </TableCell>
      <TableCell>
        <Paragraph id="1228609" />
        <Paragraph id="1228633" />
        <Paragraph id="1228634" />
        <Paragraph id="1228635" />
        <Paragraph id="1228636" />
        <Paragraph id="1228637" />
        <Paragraph id="1228638" />
        <Paragraph id="1228639" />
      </TableCell>
      <TableCell>
        <Paragraph id="1227168" />
      </TableCell>
      <TableCell>
        <Paragraph id="1227170" />
        <Paragraph id="1227171" />
        <Paragraph id="1227172" />
        <Paragraph id="1227182" />
      </TableCell>
      <TableCell>
        <Paragraph id="1228643" />
        <Paragraph id="1228644" />
        <Paragraph id="1228645" />
        <Paragraph id="1228646" />
        <Paragraph id="1228840" />
      </TableCell>
      <TableCell>
        <Paragraph id="1227184" />
      </TableCell>
      <TableCell>
        <Paragraph id="1227186" />
        <Paragraph id="1227187" />
        <Paragraph id="1227189" />
      </TableCell>
      <TableCell>
        <Paragraph id="1228613" />
        <Paragraph id="1229151" />
      </TableCell>
    </Table>
    <Paragraph id="1227114" documentposition="26" splitpriority="none" />
  </Split>
  <Split id="1226920" documentposition="27">
    <Paragraph id="1226920" documentposition="27" splitpriority="3" />
    <Paragraph id="1223059" documentposition="28" splitpriority="none" />
    <Table id="1223062" documentposition="29" splitpriority="none">
      <TableCell>
        <Paragraph id="1223064" />
      </TableCell>
      <TableCell>
        <Paragraph id="1223066" />
      </TableCell>
      <TableCell>
        <Paragraph id="1223068" />
      </TableCell>
      <TableCell>
        <Paragraph id="1223070" />
      </TableCell>
      <TableCell>
        <Paragraph id="1223072" />
      </TableCell>
      <TableCell>
        <Paragraph id="1223074" />
      </TableCell>
      <TableCell>
        <Paragraph id="1223076" />
      </TableCell>
      <TableCell>
        <Paragraph id="1223078" />
      </TableCell>
      <TableCell>
        <Paragraph id="1223080" />
      </TableCell>
      <TableCell>
        <Paragraph id="1223082" />
      </TableCell>
    </Table>
    <Paragraph id="1223088" documentposition="30" splitpriority="none" />
    <Paragraph id="1223093" documentposition="32" splitpriority="none" />
    <Paragraph id="1237489" documentposition="33" splitpriority="none" />
    <Paragraph id="1237490" documentposition="34" splitpriority="none" />
    <Paragraph id="1237491" documentposition="35" splitpriority="none" />
    <Paragraph id="1229282" documentposition="36" splitpriority="none" />
    <Paragraph id="1229290" documentposition="37" splitpriority="none" />
  </Split>
  <Split id="1223127" documentposition="38">
    <Paragraph id="1223127" documentposition="38" splitpriority="3" />
    <Paragraph id="1223129" documentposition="39" splitpriority="none" />
    <Paragraph id="1237350" documentposition="40" splitpriority="none" />
    <Paragraph id="1223130" documentposition="41" splitpriority="none" />
    <Paragraph id="1223131" documentposition="42" splitpriority="none" />
    <Paragraph id="1224673" documentposition="43" splitpriority="none" />
    <Paragraph id="1223132" documentposition="44" splitpriority="none" />
    <Paragraph id="1247523" documentposition="45" splitpriority="none" relatedtopic="define-no-output" />
    <Paragraph id="1247527" documentposition="46" splitpriority="none" relatedtopic="define-no-output" />
  </Split>
  <Split id="1223158" documentposition="47">
    <Paragraph id="1223158" documentposition="47" splitpriority="4" />
    <Paragraph id="1223159" documentposition="48" splitpriority="none" />
    <Paragraph id="1223160" documentposition="49" splitpriority="none" />
    <Paragraph id="1223161" documentposition="50" splitpriority="none" />
    <Paragraph id="1223162" documentposition="51" splitpriority="none" />
    <Paragraph id="1223163" documentposition="52" splitpriority="none" />
    <Paragraph id="1223164" documentposition="53" splitpriority="none" />
    <Paragraph id="1223176" documentposition="55" splitpriority="none" />
    <Paragraph id="1230072" documentposition="56" splitpriority="none" />
    <Paragraph id="1230086" documentposition="57" splitpriority="none" />
    <Paragraph id="1230055" documentposition="58" splitpriority="none" />
    <Paragraph id="1223177" documentposition="59" splitpriority="none" />
    <Paragraph id="1223178" documentposition="60" splitpriority="none" />
    <Paragraph id="1223179" documentposition="61" splitpriority="none" />
    <Paragraph id="1223180" documentposition="62" splitpriority="none" />
    <Paragraph id="1223186" documentposition="64" splitpriority="none" />
  </Split>
  <Split id="1241003" documentposition="65">
    <Paragraph id="1241003" documentposition="65" splitpriority="4" />
    <Paragraph id="1241021" documentposition="66" splitpriority="none">
      <Frame id="1241093">
        <Paragraph id="" />
        <Frame id="1241121" />
      </Frame>
    </Paragraph>
    <Paragraph id="1247535" documentposition="68" splitpriority="none" relatedtopic="define-no-output" />
    <Paragraph id="1247539" documentposition="69" splitpriority="none" relatedtopic="define-no-output" />
    <Paragraph id="1247543" documentposition="70" splitpriority="none" relatedtopic="define-no-output" />
    <Paragraph id="1247547" documentposition="71" splitpriority="none" relatedtopic="define-no-output" />
    <Paragraph id="1247551" documentposition="72" splitpriority="none" relatedtopic="define-no-output" />
    <Paragraph id="1247555" documentposition="73" splitpriority="none" relatedtopic="define-no-output" />
  </Split>
  <Split id="1223212" documentposition="74">
    <Paragraph id="1223212" documentposition="74" splitpriority="4" />
    <Paragraph id="1223214" documentposition="75" splitpriority="none" />
    <Paragraph id="1223215" documentposition="76" splitpriority="none" />
    <Paragraph id="1223216" documentposition="77" splitpriority="none" />
    <Paragraph id="1247563" documentposition="78" splitpriority="none" relatedtopic="define-no-output" />
    <Paragraph id="1247567" documentposition="79" splitpriority="none" relatedtopic="define-no-output" />
    <Paragraph id="1247571" documentposition="80" splitpriority="none" relatedtopic="define-no-output" />
    <Paragraph id="1247575" documentposition="81" splitpriority="none" relatedtopic="define-no-output" />
    <Paragraph id="1247579" documentposition="82" splitpriority="none" relatedtopic="define-no-output" />
    <Paragraph id="1247583" documentposition="83" splitpriority="none" relatedtopic="define-no-output" />
  </Split>
  <Split id="1223242" documentposition="84">
    <Paragraph id="1223242" documentposition="84" splitpriority="3" />
    <Paragraph id="1223244" documentposition="85" splitpriority="none" />
    <Paragraph id="1223245" documentposition="86" splitpriority="none" />
    <Paragraph id="1223249" documentposition="87" splitpriority="none" />
    <Paragraph id="1223250" documentposition="88" splitpriority="none" />
    <Paragraph id="1223251" documentposition="89" splitpriority="none" />
    <Paragraph id="1223252" documentposition="90" splitpriority="none" />
    <Paragraph id="1223253" documentposition="91" splitpriority="none" />
    <Paragraph id="1223254" documentposition="92" splitpriority="none" />
    <Paragraph id="1247599" documentposition="93" splitpriority="none" relatedtopic="define-no-output" />
    <Paragraph id="1247603" documentposition="94" splitpriority="none" relatedtopic="define-no-output" />
    <Paragraph id="1247607" documentposition="95" splitpriority="none" relatedtopic="define-no-output" />
    <Paragraph id="1247611" documentposition="96" splitpriority="none" relatedtopic="define-no-output" />
    <Paragraph id="1247615" documentposition="97" splitpriority="none" relatedtopic="define-no-output" />
    <Paragraph id="1247619" documentposition="98" splitpriority="none" relatedtopic="define-no-output" />
  </Split>
  <Split id="1223284" documentposition="99">
    <Paragraph id="1223284" documentposition="99" splitpriority="4" />
    <Paragraph id="1223285" documentposition="100" splitpriority="none" />
    <Paragraph id="1223286" documentposition="101" splitpriority="none" />
    <Paragraph id="1223290" documentposition="102" splitpriority="none">
      <Frame id="1223288">
        <Paragraph id="" />
      </Frame>
    </Paragraph>
    <Paragraph id="1223291" documentposition="103" splitpriority="none" />
    <Paragraph id="1223292" documentposition="104" splitpriority="none" />
    <Paragraph id="1223293" documentposition="105" splitpriority="none" />
    <Paragraph id="1223294" documentposition="106" splitpriority="none" />
    <Paragraph id="1223295" documentposition="107" splitpriority="none" />
    <Paragraph id="1223296" documentposition="108" splitpriority="none" />
    <Paragraph id="1223297" documentposition="109" splitpriority="none" />
    <Paragraph id="1247627" documentposition="110" splitpriority="none" relatedtopic="define-no-output" />
    <Paragraph id="1247631" documentposition="111" splitpriority="none" relatedtopic="define-no-output" />
    <Paragraph id="1247635" documentposition="112" splitpriority="none" relatedtopic="define-no-output" />
    <Paragraph id="1247639" documentposition="113" splitpriority="none" relatedtopic="define-no-output" />
    <Paragraph id="1247643" documentposition="114" splitpriority="none" relatedtopic="define-no-output" />
    <Paragraph id="1247647" documentposition="115" splitpriority="none" relatedtopic="define-no-output" />
  </Split>
  <Split id="1223323" documentposition="116">
    <Paragraph id="1223323" documentposition="116" splitpriority="4" />
    <Paragraph id="1223324" documentposition="117" splitpriority="none" />
    <Paragraph id="1223326" documentposition="118" splitpriority="none" />
    <Paragraph id="1223327" documentposition="119" splitpriority="none" />
    <Paragraph id="1223328" documentposition="120" splitpriority="none" />
    <Paragraph id="1223329" documentposition="121" splitpriority="none" />
    <Paragraph id="1223330" documentposition="122" splitpriority="none" />
    <Paragraph id="1223331" documentposition="123" splitpriority="none" />
    <Paragraph id="1247655" documentposition="125" splitpriority="none" relatedtopic="define-no-output" />
    <Paragraph id="1247659" documentposition="126" splitpriority="none" relatedtopic="define-no-output" />
    <Paragraph id="1247663" documentposition="127" splitpriority="none" relatedtopic="define-no-output" />
    <Paragraph id="1247667" documentposition="128" splitpriority="none" relatedtopic="define-no-output" />
    <Paragraph id="1247671" documentposition="129" splitpriority="none" relatedtopic="define-no-output" />
  </Split>
  <Split id="1223355" documentposition="130">
    <Paragraph id="1223355" documentposition="130" splitpriority="3" />
    <Paragraph id="1223357" documentposition="131" splitpriority="none" />
    <Paragraph id="1223366" documentposition="132" splitpriority="none" />
    <Paragraph id="1223367" documentposition="133" splitpriority="none" />
    <Paragraph id="1223368" documentposition="134" splitpriority="none" />
    <Paragraph id="1223372" documentposition="135" splitpriority="none" />
    <Paragraph id="1223376" documentposition="136" splitpriority="none" />
    <Paragraph id="1247697" documentposition="137" splitpriority="none" relatedtopic="define-no-output" />
    <Paragraph id="1247701" documentposition="138" splitpriority="none" relatedtopic="define-no-output" />
    <Paragraph id="1247705" documentposition="139" splitpriority="none" relatedtopic="define-no-output" />
    <Paragraph id="1247709" documentposition="140" splitpriority="none" relatedtopic="define-no-output" />
  </Split>
  <Split id="1223472" documentposition="141">
    <Paragraph id="1223472" documentposition="141" splitpriority="4" />
    <Paragraph id="1223473" documentposition="142" splitpriority="none" />
    <Paragraph id="1223474" documentposition="143" splitpriority="none" />
    <Paragraph id="1223475" documentposition="144" splitpriority="none">
      <Frame id="1223477">
        <Paragraph id="" />
      </Frame>
    </Paragraph>
    <Paragraph id="1223479" documentposition="145" splitpriority="none" />
    <Paragraph id="1223480" documentposition="146" splitpriority="none" />
    <Table id="1223481" documentposition="147" splitpriority="none">
      <TableCell>
        <Paragraph id="1223483" />
        <Paragraph id="1223484" />
        <Paragraph id="1223485" />
        <Paragraph id="1223489" />
        <Paragraph id="1223490" />
      </TableCell>
    </Table>
    <Paragraph id="1223491" documentposition="148" splitpriority="none" />
    <Paragraph id="1223492" documentposition="149" splitpriority="none" />
    <Paragraph id="1223493" documentposition="150" splitpriority="none" />
    <Paragraph id="1223494" documentposition="151" splitpriority="none" />
    <Paragraph id="1223495" documentposition="152" splitpriority="none" />
    <Paragraph id="1223496" documentposition="153" splitpriority="none" />
    <Paragraph id="1223501" documentposition="154" splitpriority="none" />
    <Paragraph id="1223502" documentposition="155" splitpriority="none" />
    <Paragraph id="1223503" documentposition="156" splitpriority="none" />
    <Paragraph id="1223504" documentposition="157" splitpriority="none" />
    <Paragraph id="1230186" documentposition="158" splitpriority="none" />
    <Paragraph id="1230206" documentposition="160" splitpriority="none" />
    <Paragraph id="1247717" documentposition="161" splitpriority="none" relatedtopic="define-no-output" />
    <Paragraph id="1247721" documentposition="162" splitpriority="none" relatedtopic="define-no-output" />
    <Paragraph id="1247725" documentposition="163" splitpriority="none" relatedtopic="define-no-output" />
    <Paragraph id="1247729" documentposition="164" splitpriority="none" relatedtopic="define-no-output" />
    <Paragraph id="1247733" documentposition="165" splitpriority="none" relatedtopic="define-no-output" />
    <Paragraph id="1247737" documentposition="166" splitpriority="none" relatedtopic="define-no-output" />
  </Split>
  <Split id="1223533" documentposition="167">
    <Paragraph id="1223533" documentposition="167" splitpriority="3" />
    <Paragraph id="1223534" documentposition="168" splitpriority="none" />
    <Paragraph id="1223538" documentposition="169" splitpriority="none" />
    <Paragraph id="1223547" documentposition="170" splitpriority="none" />
    <Paragraph id="1247742" documentposition="171" splitpriority="none" />
    <Paragraph id="1247746" documentposition="172" splitpriority="none" />
    <Paragraph id="1247750" documentposition="173" splitpriority="none" />
  </Split>
  <Split id="1223559" documentposition="174">
    <Paragraph id="1223559" documentposition="174" splitpriority="4" />
    <Paragraph id="1223560" documentposition="175" splitpriority="none" />
    <Paragraph id="1223562" documentposition="176" splitpriority="none" />
    <Paragraph id="1223568" documentposition="177" splitpriority="none" />
    <Paragraph id="1223569" documentposition="178" splitpriority="none" />
    <Paragraph id="1223570" documentposition="179" splitpriority="none" />
    <Paragraph id="1223571" documentposition="180" splitpriority="none" />
    <Paragraph id="1223572" documentposition="181" splitpriority="none" />
    <Paragraph id="1223573" documentposition="182" splitpriority="none" />
    <Paragraph id="1223574" documentposition="183" splitpriority="none" />
    <Paragraph id="1223575" documentposition="184" splitpriority="none" />
    <Paragraph id="1223576" documentposition="185" splitpriority="none" />
    <Paragraph id="1223577" documentposition="186" splitpriority="none" />
    <Paragraph id="1223578" documentposition="187" splitpriority="none" />
    <Paragraph id="1223579" documentposition="188" splitpriority="none" />
    <Paragraph id="1223583" documentposition="189" splitpriority="none" />
    <Paragraph id="1238234" documentposition="190" splitpriority="none" />
    <Paragraph id="1238238" documentposition="191" splitpriority="none" />
    <Paragraph id="1247758" documentposition="192" splitpriority="none" />
    <Paragraph id="1247762" documentposition="193" splitpriority="none" />
  </Split>
  <Split id="1238432" documentposition="194">
    <Paragraph id="1238432" documentposition="194" splitpriority="3" />
    <Paragraph id="1230257" documentposition="195" splitpriority="none" />
    <Paragraph id="1230265" documentposition="196" splitpriority="none" />
    <Paragraph id="1230278" documentposition="197" splitpriority="none" />
    <Paragraph id="1230282" documentposition="198" splitpriority="none" />
    <Paragraph id="1230286" documentposition="199" splitpriority="none" />
    <Paragraph id="1247770" documentposition="200" splitpriority="none" relatedtopic="define-no-output" />
    <Paragraph id="1247774" documentposition="201" splitpriority="none" relatedtopic="define-no-output" />
  </Split>
  <Split id="1223593" documentposition="202">
    <Paragraph id="1223593" documentposition="202" splitpriority="4" />
    <Paragraph id="1223595" documentposition="203" splitpriority="none" />
    <Paragraph id="1230844" documentposition="204" splitpriority="none" />
    <Paragraph id="1230591" documentposition="205" splitpriority="none" />
  </Split>
  <Split id="1230606" documentposition="206">
    <Paragraph id="1230606" documentposition="206" splitpriority="3" />
    <Paragraph id="1223632" documentposition="207" splitpriority="none" />
    <Paragraph id="1223634" documentposition="208" splitpriority="none" />
    <Paragraph id="1223635" documentposition="209" splitpriority="none" />
    <Paragraph id="1223636" documentposition="210" splitpriority="none" />
    <Paragraph id="1223637" documentposition="211" splitpriority="none" />
    <Paragraph id="1223638" documentposition="212" splitpriority="none" />
    <Paragraph id="1223639" documentposition="213" splitpriority="none" />
    <Paragraph id="1223640" documentposition="214" splitpriority="none" />
    <Paragraph id="1223641" documentposition="215" splitpriority="none" />
    <Paragraph id="1223642" documentposition="216" splitpriority="none" />
    <Paragraph id="1223643" documentposition="217" splitpriority="none" />
    <Paragraph id="1247782" documentposition="218" splitpriority="none" relatedtopic="define-no-output" />
    <Paragraph id="1247786" documentposition="219" splitpriority="none" relatedtopic="define-no-output" />
    <Paragraph id="1247790" documentposition="220" splitpriority="none" relatedtopic="define-no-output" />
    <Paragraph id="1247794" documentposition="221" splitpriority="none" relatedtopic="define-no-output" />
    <Paragraph id="1247798" documentposition="222" splitpriority="none" relatedtopic="define-no-output" />
    <Paragraph id="1247802" documentposition="223" splitpriority="none" relatedtopic="define-no-output" />
  </Split>
  <Split id="1223669" documentposition="224">
    <Paragraph id="1223669" documentposition="224" splitpriority="2" />
    <Paragraph id="1164269" documentposition="225" splitpriority="none" />
  </Split>
</Behaviors>