<?xml version="1.0" encoding="utf-8"?>
<Splits version="1.0" xmlns="urn:WebWorks-Engine-Splits-Schema">
  <Split id="1052621" documentposition="3" />
  <Split id="1070162" documentposition="10" />
  <Split id="1124686" documentposition="19" />
  <Split id="1153818" documentposition="22" />
  <Split id="1139937" documentposition="33" />
  <Split id="1151148" documentposition="40" />
  <Split id="1125266" documentposition="47" />
  <Split id="1082564" documentposition="81" />
  <Split id="1124246" documentposition="96" />
  <Split id="1134559" documentposition="102" />
  <Split id="1132646" documentposition="105" />
  <Split id="1140686" documentposition="129" />
  <Split id="1134471" documentposition="136" />
</Splits>