<?xml version="1.0" encoding="utf-8"?>
<Behaviors version="1.0" xmlns="urn:WebWorks-Behaviors-Schema">
  <Split id="1057198" documentposition="2">
    <Paragraph id="1057198" documentposition="2" splitpriority="none" />
    <Paragraph id="1056848" documentposition="3" splitpriority="none" />
    <Table id="1056849" documentposition="4" splitpriority="none">
      <TableCell>
        <Paragraph id="1076439" />
      </TableCell>
      <TableCell>
        <Paragraph id="1076441" />
      </TableCell>
      <TableCell>
        <Paragraph id="1076616" />
      </TableCell>
      <TableCell>
        <Paragraph id="1076618" />
      </TableCell>
      <TableCell>
        <Paragraph id="1076612" />
      </TableCell>
      <TableCell>
        <Paragraph id="1076614" />
      </TableCell>
      <TableCell>
        <Paragraph id="1076455" />
      </TableCell>
      <TableCell>
        <Paragraph id="1076457" />
      </TableCell>
      <TableCell>
        <Paragraph id="1076459" />
      </TableCell>
      <TableCell>
        <Paragraph id="1076461" />
      </TableCell>
      <TableCell>
        <Paragraph id="1076463" />
      </TableCell>
      <TableCell>
        <Paragraph id="1076465" />
      </TableCell>
      <TableCell>
        <Paragraph id="1076467" />
      </TableCell>
      <TableCell>
        <Paragraph id="1076469" />
      </TableCell>
      <TableCell>
        <Paragraph id="1076475" />
      </TableCell>
      <TableCell>
        <Paragraph id="1076477" />
      </TableCell>
      <TableCell>
        <Paragraph id="1076479" />
      </TableCell>
      <TableCell>
        <Paragraph id="1076594" />
      </TableCell>
      <TableCell>
        <Paragraph id="1076483" />
      </TableCell>
      <TableCell>
        <Paragraph id="1076592" />
      </TableCell>
      <TableCell>
        <Paragraph id="1076487" />
      </TableCell>
      <TableCell>
        <Paragraph id="1076489" />
      </TableCell>
      <TableCell>
        <Paragraph id="1076491" />
      </TableCell>
      <TableCell>
        <Paragraph id="1076493" />
      </TableCell>
      <TableCell>
        <Paragraph id="1076495" />
      </TableCell>
      <TableCell>
        <Paragraph id="1076497" />
      </TableCell>
      <TableCell>
        <Paragraph id="1076499" />
      </TableCell>
      <TableCell>
        <Paragraph id="1076501" />
      </TableCell>
      <TableCell>
        <Paragraph id="1076503" />
      </TableCell>
      <TableCell>
        <Paragraph id="1076505" />
      </TableCell>
      <TableCell>
        <Paragraph id="1085106" />
      </TableCell>
      <TableCell>
        <Paragraph id="1085108" />
      </TableCell>
      <TableCell>
        <Paragraph id="1076507" />
      </TableCell>
      <TableCell>
        <Paragraph id="1076509" />
      </TableCell>
      <TableCell>
        <Paragraph id="1076511" />
      </TableCell>
      <TableCell>
        <Paragraph id="1076513" />
      </TableCell>
      <TableCell>
        <Paragraph id="1076515" />
      </TableCell>
      <TableCell>
        <Paragraph id="1076517" />
      </TableCell>
      <TableCell>
        <Paragraph id="1076519" />
      </TableCell>
      <TableCell>
        <Paragraph id="1076521" />
      </TableCell>
      <TableCell>
        <Paragraph id="1076523" />
      </TableCell>
      <TableCell>
        <Paragraph id="1076525" />
      </TableCell>
      <TableCell>
        <Paragraph id="1076527" />
      </TableCell>
      <TableCell>
        <Paragraph id="1076529" />
      </TableCell>
      <TableCell>
        <Paragraph id="1076531" />
      </TableCell>
      <TableCell>
        <Paragraph id="1076533" />
      </TableCell>
      <TableCell>
        <Paragraph id="1076535" />
      </TableCell>
      <TableCell>
        <Paragraph id="1076537" />
      </TableCell>
      <TableCell>
        <Paragraph id="1076539" />
      </TableCell>
      <TableCell>
        <Paragraph id="1076541" />
      </TableCell>
      <TableCell>
        <Paragraph id="1076543" />
      </TableCell>
      <TableCell>
        <Paragraph id="1076545" />
      </TableCell>
      <TableCell>
        <Paragraph id="1076547" />
      </TableCell>
      <TableCell>
        <Paragraph id="1076549" />
      </TableCell>
      <TableCell>
        <Paragraph id="1076620" />
      </TableCell>
      <TableCell>
        <Paragraph id="1076622" />
      </TableCell>
      <TableCell>
        <Paragraph id="1076551" />
      </TableCell>
      <TableCell>
        <Paragraph id="1076553" />
      </TableCell>
      <TableCell>
        <Paragraph id="1076555" />
      </TableCell>
      <TableCell>
        <Paragraph id="1076557" />
      </TableCell>
      <TableCell>
        <Paragraph id="1076559" />
      </TableCell>
      <TableCell>
        <Paragraph id="1076561" />
      </TableCell>
      <TableCell>
        <Paragraph id="1076563" />
      </TableCell>
      <TableCell>
        <Paragraph id="1076565" />
      </TableCell>
      <TableCell>
        <Paragraph id="1076567" />
      </TableCell>
      <TableCell>
        <Paragraph id="1076569" />
      </TableCell>
      <TableCell>
        <Paragraph id="1076571" />
      </TableCell>
      <TableCell>
        <Paragraph id="1076573" />
      </TableCell>
      <TableCell>
        <Paragraph id="1076575" />
      </TableCell>
      <TableCell>
        <Paragraph id="1076577" />
      </TableCell>
      <TableCell>
        <Paragraph id="1076579" />
      </TableCell>
      <TableCell>
        <Paragraph id="1076581" />
      </TableCell>
      <TableCell>
        <Paragraph id="1076583" />
      </TableCell>
      <TableCell>
        <Paragraph id="1076585" />
      </TableCell>
      <TableCell>
        <Paragraph id="1076587" />
      </TableCell>
      <TableCell>
        <Paragraph id="1076590" />
      </TableCell>
    </Table>
  </Split>
</Behaviors>