<?xml version="1.0" encoding="utf-8"?>
<Behaviors version="1.0" xmlns="urn:WebWorks-Behaviors-Schema">
  <Paragraph id="1052621" documentposition="3" splitpriority="1" dropdown="continue" popup="none" popup-page-rule="" />
  <Paragraph id="1051610" documentposition="4" splitpriority="2" dropdown="continue" popup="none" popup-page-rule="" />
  <Paragraph id="1132728" documentposition="5" splitpriority="none" dropdown="continue" popup="none" popup-page-rule="" />
  <Paragraph id="1132797" documentposition="6" splitpriority="none" dropdown="continue" popup="none" popup-page-rule="" />
  <Paragraph id="1132814" documentposition="7" splitpriority="3" dropdown="continue" popup="none" popup-page-rule="" />
  <Paragraph id="1132842" documentposition="8" splitpriority="none" dropdown="continue" popup="none" popup-page-rule="" />
  <Paragraph id="1132843" documentposition="9" splitpriority="none" dropdown="continue" popup="none" popup-page-rule="" />
  <Paragraph id="1132844" documentposition="10" splitpriority="none" dropdown="continue" popup="none" popup-page-rule="" />
  <Paragraph id="1132990" documentposition="11" splitpriority="none" dropdown="continue" popup="none" popup-page-rule="" />
  <Paragraph id="1132991" documentposition="12" splitpriority="none" dropdown="continue" popup="none" popup-page-rule="" />
  <Paragraph id="1132992" documentposition="13" splitpriority="none" dropdown="continue" popup="none" popup-page-rule="" />
  <Paragraph id="1132849" documentposition="14" splitpriority="none" dropdown="continue" popup="none" popup-page-rule="" />
  <Paragraph id="1132851" documentposition="15" splitpriority="none" dropdown="continue" popup="none" popup-page-rule="" />
  <Paragraph id="1132853" documentposition="16" splitpriority="none" dropdown="continue" popup="none" popup-page-rule="" />
  <Paragraph id="1132854" documentposition="17" splitpriority="none" dropdown="continue" popup="none" popup-page-rule="" />
  <Paragraph id="1132856" documentposition="18" splitpriority="none" dropdown="continue" popup="none" popup-page-rule="" />
  <Paragraph id="1132857" documentposition="19" splitpriority="none" dropdown="continue" popup="none" popup-page-rule="" />
  <Paragraph id="1132858" documentposition="20" splitpriority="none" dropdown="continue" popup="none" popup-page-rule="" />
  <Paragraph id="1132859" documentposition="21" splitpriority="none" dropdown="continue" popup="none" popup-page-rule="" />
  <Paragraph id="1132860" documentposition="22" splitpriority="none" dropdown="continue" popup="none" popup-page-rule="" />
  <Paragraph id="1132861" documentposition="23" splitpriority="none" dropdown="continue" popup="none" popup-page-rule="" />
  <Paragraph id="1132862" documentposition="24" splitpriority="none" dropdown="continue" popup="none" popup-page-rule="" />
  <Paragraph id="1132863" documentposition="25" splitpriority="none" dropdown="continue" popup="none" popup-page-rule="" />
  <Paragraph id="1132864" documentposition="26" splitpriority="none" dropdown="continue" popup="none" popup-page-rule="" />
  <Paragraph id="1132865" documentposition="27" splitpriority="none" dropdown="continue" popup="none" popup-page-rule="" />
  <Paragraph id="1132866" documentposition="28" splitpriority="none" dropdown="continue" popup="none" popup-page-rule="" />
  <Paragraph id="1132867" documentposition="29" splitpriority="none" dropdown="continue" popup="none" popup-page-rule="" />
  <Paragraph id="1132868" documentposition="30" splitpriority="none" dropdown="continue" popup="none" popup-page-rule="" />
  <Paragraph id="1132837" documentposition="31" splitpriority="none" dropdown="continue" popup="none" popup-page-rule="" />
  <Paragraph id="1133023" documentposition="32" splitpriority="4" dropdown="continue" popup="none" popup-page-rule="" />
  <Paragraph id="1133041" documentposition="33" splitpriority="none" dropdown="continue" popup="none" popup-page-rule="" />
  <Paragraph id="1133052" documentposition="34" splitpriority="none" dropdown="continue" popup="none" popup-page-rule="" />
  <Paragraph id="1133057" documentposition="35" splitpriority="none" dropdown="continue" popup="none" popup-page-rule="" />
  <Paragraph id="1132707" documentposition="36" splitpriority="2" dropdown="continue" popup="none" popup-page-rule="" />
  <Paragraph id="1132676" documentposition="37" splitpriority="none" dropdown="continue" popup="none" popup-page-rule="" />
  <Paragraph id="1132429" documentposition="38" splitpriority="none" dropdown="continue" popup="none" popup-page-rule="" />
  <Paragraph id="1132430" documentposition="39" splitpriority="3" dropdown="continue" popup="none" popup-page-rule="" />
  <Paragraph id="1132446" documentposition="40" splitpriority="none" dropdown="continue" popup="none" popup-page-rule="" />
  <Paragraph id="1132447" documentposition="41" splitpriority="none" dropdown="continue" popup="none" popup-page-rule="" />
  <Paragraph id="1132448" documentposition="42" splitpriority="none" dropdown="continue" popup="none" popup-page-rule="" />
  <Paragraph id="1132449" documentposition="43" splitpriority="none" dropdown="continue" popup="none" popup-page-rule="" />
  <Paragraph id="1132450" documentposition="44" splitpriority="none" dropdown="continue" popup="none" popup-page-rule="" />
  <Paragraph id="1132444" documentposition="45" splitpriority="none" dropdown="continue" popup="none" popup-page-rule="" />
  <Paragraph id="1132532" documentposition="46" splitpriority="4" dropdown="continue" popup="none" popup-page-rule="" />
  <Paragraph id="1132554" documentposition="47" splitpriority="none" dropdown="continue" popup="none" popup-page-rule="" />
  <Paragraph id="1132592" documentposition="48" splitpriority="none" dropdown="continue" popup="none" popup-page-rule="" />
  <Paragraph id="1132586" documentposition="49" splitpriority="none" dropdown="continue" popup="none" popup-page-rule="" />
  <Paragraph id="1132651" documentposition="50" splitpriority="none" dropdown="continue" popup="none" popup-page-rule="" />
  <Paragraph id="1132367" documentposition="51" splitpriority="none" dropdown="continue" popup="none" popup-page-rule="" />
  <Paragraph id="1085604" documentposition="52" splitpriority="2" dropdown="continue" popup="none" popup-page-rule="" />
  <Paragraph id="1096966" documentposition="53" splitpriority="none" dropdown="continue" popup="none" popup-page-rule="" />
  <Table id="1097008" documentposition="54" splitpriority="none">
    <TableCell>
      <Paragraph id="1097010" dropdown="continue" popup="none" popup-page-rule="" />
    </TableCell>
    <TableCell>
      <Paragraph id="1097012" dropdown="continue" popup="none" popup-page-rule="" />
    </TableCell>
    <TableCell>
      <Paragraph id="1097014" dropdown="continue" popup="none" popup-page-rule="" />
    </TableCell>
    <TableCell>
      <Paragraph id="1097016" dropdown="continue" popup="none" popup-page-rule="" />
    </TableCell>
    <TableCell>
      <Paragraph id="1097018" dropdown="continue" popup="none" popup-page-rule="" />
    </TableCell>
    <TableCell>
      <Paragraph id="1097020" dropdown="continue" popup="none" popup-page-rule="" />
    </TableCell>
    <TableCell>
      <Paragraph id="1097022" dropdown="continue" popup="none" popup-page-rule="" />
    </TableCell>
    <TableCell>
      <Paragraph id="1097024" dropdown="continue" popup="none" popup-page-rule="" />
    </TableCell>
    <TableCell>
      <Paragraph id="1097026" dropdown="continue" popup="none" popup-page-rule="" />
    </TableCell>
    <TableCell>
      <Paragraph id="1097028" dropdown="continue" popup="none" popup-page-rule="" />
    </TableCell>
    <TableCell>
      <Paragraph id="1097030" dropdown="continue" popup="none" popup-page-rule="" />
    </TableCell>
    <TableCell>
      <Paragraph id="1097032" dropdown="continue" popup="none" popup-page-rule="" />
    </TableCell>
    <TableCell>
      <Paragraph id="1097034" dropdown="continue" popup="define" popup-page-rule="Popup" />
    </TableCell>
    <TableCell>
      <Paragraph id="1097036" dropdown="continue" popup="none" popup-page-rule="" />
    </TableCell>
    <TableCell>
      <Paragraph id="1097038" dropdown="continue" popup="none" popup-page-rule="" />
    </TableCell>
    <TableCell>
      <Paragraph id="1097040" dropdown="continue" popup="none" popup-page-rule="" />
    </TableCell>
    <TableCell>
      <Paragraph id="1097042" dropdown="continue" popup="none" popup-page-rule="" />
    </TableCell>
    <TableCell>
      <Paragraph id="1097044" dropdown="continue" popup="none" popup-page-rule="" />
    </TableCell>
  </Table>
  <Paragraph id="1116529" documentposition="55" splitpriority="none" dropdown="continue" popup="none" popup-page-rule="" />
  <Paragraph id="1125940" documentposition="56" splitpriority="2" dropdown="continue" popup="none" popup-page-rule="" />
  <Paragraph id="1086334" documentposition="57" splitpriority="none" dropdown="continue" popup="none" popup-page-rule="" />
  <Table id="1097489" documentposition="58" splitpriority="none">
    <TableCell>
      <Paragraph id="1097491" dropdown="continue" popup="none" popup-page-rule="" />
    </TableCell>
    <TableCell>
      <Paragraph id="1097493" dropdown="continue" popup="none" popup-page-rule="" />
    </TableCell>
    <TableCell>
      <Paragraph id="1097495" dropdown="continue" popup="none" popup-page-rule="" />
    </TableCell>
    <TableCell>
      <Paragraph id="1097497" dropdown="continue" popup="none" popup-page-rule="" />
    </TableCell>
    <TableCell>
      <Paragraph id="1097499" dropdown="continue" popup="none" popup-page-rule="" />
    </TableCell>
    <TableCell>
      <Paragraph id="1097501" dropdown="continue" popup="none" popup-page-rule="" />
    </TableCell>
    <TableCell>
      <Paragraph id="1097503" dropdown="continue" popup="none" popup-page-rule="" />
    </TableCell>
    <TableCell>
      <Paragraph id="1097505" dropdown="continue" popup="none" popup-page-rule="" />
    </TableCell>
    <TableCell>
      <Paragraph id="1097507" dropdown="continue" popup="none" popup-page-rule="" />
    </TableCell>
    <TableCell>
      <Paragraph id="1097509" dropdown="continue" popup="none" popup-page-rule="" />
    </TableCell>
  </Table>
  <Paragraph id="1097106" documentposition="59" splitpriority="2" dropdown="continue" popup="none" popup-page-rule="" />
  <Paragraph id="1097740" documentposition="60" splitpriority="none" dropdown="continue" popup="none" popup-page-rule="" />
  <Table id="1098685" documentposition="61" splitpriority="none">
    <TableCell>
      <Paragraph id="1098687" dropdown="continue" popup="none" popup-page-rule="" />
    </TableCell>
    <TableCell>
      <Paragraph id="1098689" dropdown="continue" popup="none" popup-page-rule="" />
    </TableCell>
    <TableCell>
      <Paragraph id="1098691" dropdown="continue" popup="none" popup-page-rule="" />
    </TableCell>
    <TableCell>
      <Paragraph id="1098693" dropdown="continue" popup="none" popup-page-rule="" />
    </TableCell>
    <TableCell>
      <Paragraph id="1098695" dropdown="continue" popup="none" popup-page-rule="" />
    </TableCell>
    <TableCell>
      <Paragraph id="1098697" dropdown="continue" popup="none" popup-page-rule="" />
    </TableCell>
    <TableCell>
      <Paragraph id="1098699" dropdown="continue" popup="none" popup-page-rule="" />
    </TableCell>
    <TableCell>
      <Paragraph id="1098701" dropdown="continue" popup="none" popup-page-rule="" />
    </TableCell>
    <TableCell>
      <Paragraph id="1098703" dropdown="continue" popup="none" popup-page-rule="" />
    </TableCell>
    <TableCell>
      <Paragraph id="1098705" dropdown="continue" popup="none" popup-page-rule="" />
    </TableCell>
    <TableCell>
      <Paragraph id="1098707" dropdown="continue" popup="none" popup-page-rule="" />
    </TableCell>
    <TableCell>
      <Paragraph id="1098709" dropdown="continue" popup="none" popup-page-rule="" />
    </TableCell>
    <TableCell>
      <Paragraph id="1098711" dropdown="continue" popup="none" popup-page-rule="" />
    </TableCell>
    <TableCell>
      <Paragraph id="1098713" dropdown="continue" popup="none" popup-page-rule="" />
    </TableCell>
    <TableCell>
      <Paragraph id="1098796" dropdown="continue" popup="none" popup-page-rule="" />
    </TableCell>
    <TableCell>
      <Paragraph id="1098798" dropdown="continue" popup="none" popup-page-rule="" />
    </TableCell>
    <TableCell>
      <Paragraph id="1098792" dropdown="continue" popup="none" popup-page-rule="" />
    </TableCell>
    <TableCell>
      <Paragraph id="1098794" dropdown="continue" popup="none" popup-page-rule="" />
    </TableCell>
    <TableCell>
      <Paragraph id="1098788" dropdown="continue" popup="none" popup-page-rule="" />
    </TableCell>
    <TableCell>
      <Paragraph id="1098790" dropdown="continue" popup="none" popup-page-rule="" />
    </TableCell>
    <TableCell>
      <Paragraph id="1098784" dropdown="continue" popup="none" popup-page-rule="" />
    </TableCell>
    <TableCell>
      <Paragraph id="1098786" dropdown="continue" popup="none" popup-page-rule="" />
    </TableCell>
    <TableCell>
      <Paragraph id="1098780" dropdown="continue" popup="none" popup-page-rule="" />
    </TableCell>
    <TableCell>
      <Paragraph id="1098782" dropdown="continue" popup="none" popup-page-rule="" />
    </TableCell>
    <TableCell>
      <Paragraph id="1098776" dropdown="continue" popup="none" popup-page-rule="" />
    </TableCell>
    <TableCell>
      <Paragraph id="1098778" dropdown="continue" popup="none" popup-page-rule="" />
    </TableCell>
    <TableCell>
      <Paragraph id="1098772" dropdown="continue" popup="none" popup-page-rule="" />
    </TableCell>
    <TableCell>
      <Paragraph id="1098774" dropdown="continue" popup="none" popup-page-rule="" />
    </TableCell>
    <TableCell>
      <Paragraph id="1098768" dropdown="continue" popup="none" popup-page-rule="" />
    </TableCell>
    <TableCell>
      <Paragraph id="1098770" dropdown="continue" popup="none" popup-page-rule="" />
    </TableCell>
  </Table>
  <Paragraph id="1097554" documentposition="62" splitpriority="2" dropdown="continue" popup="none" popup-page-rule="" />
  <Paragraph id="1058534" documentposition="63" splitpriority="none" dropdown="continue" popup="none" popup-page-rule="" />
  <Paragraph id="1052132" documentposition="64" splitpriority="none" dropdown="continue" popup="none" popup-page-rule="" />
  <Paragraph id="1051631" documentposition="65" splitpriority="3" dropdown="continue" popup="none" popup-page-rule="" />
  <Paragraph id="1050613" documentposition="66" splitpriority="none" dropdown="continue" popup="none" popup-page-rule="" />
  <Paragraph id="1051507" documentposition="67" splitpriority="none" dropdown="continue" popup="none" popup-page-rule="" />
  <Paragraph id="1051674" documentposition="68" splitpriority="none" dropdown="continue" popup="none" popup-page-rule="" />
  <Paragraph id="1050614" documentposition="69" splitpriority="4" dropdown="continue" popup="none" popup-page-rule="" />
  <Paragraph id="1051690" documentposition="70" splitpriority="none" dropdown="continue" popup="none" popup-page-rule="" />
  <Paragraph id="1051691" documentposition="71" splitpriority="none" dropdown="continue" popup="none" popup-page-rule="" />
  <Paragraph id="1051692" documentposition="72" splitpriority="none" dropdown="continue" popup="none" popup-page-rule="" />
  <Paragraph id="1051693" documentposition="73" splitpriority="none" dropdown="continue" popup="none" popup-page-rule="" />
  <Paragraph id="1050753" documentposition="74" splitpriority="5" dropdown="continue" popup="none" popup-page-rule="" />
  <Paragraph id="1051709" documentposition="75" splitpriority="none" dropdown="continue" popup="none" popup-page-rule="" />
  <Paragraph id="1051710" documentposition="76" splitpriority="none" dropdown="continue" popup="none" popup-page-rule="" />
  <Paragraph id="1050615" documentposition="77" splitpriority="none" dropdown="continue" popup="none" popup-page-rule="" />
  <Paragraph id="1048669" documentposition="78" splitpriority="none" dropdown="continue" popup="none" popup-page-rule="" />
  <Paragraph id="1049989" documentposition="79" splitpriority="none" dropdown="continue" popup="none" popup-page-rule="" />
  <Paragraph id="1051099" documentposition="80" splitpriority="none" dropdown="continue" popup="none" popup-page-rule="" />
  <Paragraph id="1063929" documentposition="81" splitpriority="none" dropdown="continue" popup="none" popup-page-rule="" />
  <Paragraph id="1063934" documentposition="82" splitpriority="none" dropdown="continue" popup="none" popup-page-rule="" />
  <Paragraph id="1063935" documentposition="83" splitpriority="none" dropdown="continue" popup="none" popup-page-rule="" />
  <Paragraph id="1063941" documentposition="84" splitpriority="none" dropdown="continue" popup="none" popup-page-rule="" />
  <Paragraph id="1048782" documentposition="85" splitpriority="none" dropdown="continue" popup="none" popup-page-rule="" />
  <Paragraph id="1053164" documentposition="86" splitpriority="none" dropdown="continue" popup="none" popup-page-rule="" />
  <Paragraph id="1054231" documentposition="87" splitpriority="none" dropdown="continue" popup="none" popup-page-rule="" />
  <Paragraph id="1048802" documentposition="88" splitpriority="none" dropdown="continue" popup="none" popup-page-rule="" />
  <Paragraph id="1050656" documentposition="90" splitpriority="none" dropdown="continue" popup="none" popup-page-rule="">
    <Frame id="1048942">
      <Frame id="1048946" />
      <Frame id="1048947" />
      <Frame id="1048948" />
      <Frame id="1048949" />
      <Frame id="1051227">
        <Paragraph id="1051226" dropdown="continue" popup="none" popup-page-rule="" />
      </Frame>
      <Frame id="1051240" />
    </Frame>
  </Paragraph>
  <Paragraph id="1048959" documentposition="92" splitpriority="none" dropdown="continue" popup="none" popup-page-rule="" />
  <Paragraph id="1049030" documentposition="93" splitpriority="none" dropdown="continue" popup="none" popup-page-rule="" />
  <Paragraph id="1049064" documentposition="94" splitpriority="none" dropdown="continue" popup="none" popup-page-rule="" />
  <Paragraph id="1058670" documentposition="95" splitpriority="none" dropdown="continue" popup="none" popup-page-rule="" />
  <Paragraph id="1049095" documentposition="96" splitpriority="none" dropdown="continue" popup="none" popup-page-rule="" />
  <Paragraph id="1049252" documentposition="97" splitpriority="none" dropdown="continue" popup="none" popup-page-rule="" />
  <Paragraph id="1058696" documentposition="98" splitpriority="none" dropdown="continue" popup="none" popup-page-rule="" />
  <Paragraph id="1050152" documentposition="99" splitpriority="none" dropdown="continue" popup="none" popup-page-rule="" />
  <Paragraph id="1050153" documentposition="100" splitpriority="none" dropdown="continue" popup="none" popup-page-rule="" />
  <Paragraph id="1058781" documentposition="101" splitpriority="none" dropdown="continue" popup="none" popup-page-rule="" />
  <Paragraph id="1049465" documentposition="102" splitpriority="none" dropdown="continue" popup="none" popup-page-rule="" />
  <Paragraph id="1058731" documentposition="103" splitpriority="none" dropdown="continue" popup="none" popup-page-rule="" />
  <Paragraph id="1049499" documentposition="104" splitpriority="none" dropdown="continue" popup="none" popup-page-rule="" />
  <Paragraph id="1049512" documentposition="105" splitpriority="none" dropdown="continue" popup="none" popup-page-rule="" />
  <Paragraph id="1063996" documentposition="106" splitpriority="none" dropdown="continue" popup="none" popup-page-rule="" />
  <Paragraph id="1064036" documentposition="107" splitpriority="none" dropdown="continue" popup="none" popup-page-rule="" />
  <Paragraph id="1064072" documentposition="108" splitpriority="none" dropdown="continue" popup="none" popup-page-rule="" />
  <Paragraph id="1049531" documentposition="109" splitpriority="none" dropdown="continue" popup="none" popup-page-rule="" />
  <Paragraph id="1049556" documentposition="110" splitpriority="none" dropdown="continue" popup="none" popup-page-rule="" />
  <Paragraph id="1058846" documentposition="111" splitpriority="none" dropdown="continue" popup="none" popup-page-rule="" />
  <Paragraph id="1052235" documentposition="112" splitpriority="none" dropdown="continue" popup="none" popup-page-rule="" />
  <Paragraph id="1052236" documentposition="113" splitpriority="none" dropdown="continue" popup="none" popup-page-rule="" />
  <Paragraph id="1064341" documentposition="114" splitpriority="none" dropdown="continue" popup="none" popup-page-rule="" />
  <Paragraph id="1082556" documentposition="115" splitpriority="none" dropdown="continue" popup="none" popup-page-rule="" />
  <Paragraph id="1056152" documentposition="116" splitpriority="2" dropdown="continue" popup="none" popup-page-rule="" />
  <Paragraph id="1099141" documentposition="117" splitpriority="none" dropdown="continue" popup="none" popup-page-rule="" />
  <Paragraph id="1099142" documentposition="119" splitpriority="none" dropdown="continue" popup="none" popup-page-rule="" />
  <Paragraph id="1099148" documentposition="120" splitpriority="none" dropdown="continue" popup="none" popup-page-rule="" />
  <Paragraph id="1099133" documentposition="122" splitpriority="none" dropdown="continue" popup="none" popup-page-rule="" />
  <Table id="1098885" documentposition="123" splitpriority="none">
    <TableCell>
      <Paragraph id="1098887" dropdown="continue" popup="none" popup-page-rule="" />
    </TableCell>
    <TableCell>
      <Paragraph id="1098889" dropdown="continue" popup="none" popup-page-rule="" />
    </TableCell>
    <TableCell>
      <Paragraph id="1098891" dropdown="continue" popup="none" popup-page-rule="" />
    </TableCell>
    <TableCell>
      <Paragraph id="1098893" dropdown="continue" popup="none" popup-page-rule="" />
    </TableCell>
    <TableCell>
      <Paragraph id="1098895" dropdown="continue" popup="none" popup-page-rule="" />
    </TableCell>
    <TableCell>
      <Paragraph id="1098897" dropdown="continue" popup="none" popup-page-rule="" />
    </TableCell>
    <TableCell>
      <Paragraph id="1098899" dropdown="continue" popup="none" popup-page-rule="" />
    </TableCell>
    <TableCell>
      <Paragraph id="1098901" dropdown="continue" popup="none" popup-page-rule="" />
    </TableCell>
    <TableCell>
      <Paragraph id="1098903" dropdown="continue" popup="none" popup-page-rule="" />
    </TableCell>
    <TableCell>
      <Paragraph id="1098905" dropdown="continue" popup="none" popup-page-rule="" />
    </TableCell>
  </Table>
  <Paragraph id="1098884" documentposition="124" splitpriority="none" dropdown="continue" popup="none" popup-page-rule="" />
  <Table id="1098918" documentposition="125" splitpriority="none">
    <TableCell>
      <Paragraph id="1098920" dropdown="continue" popup="none" popup-page-rule="" />
    </TableCell>
    <TableCell>
      <Paragraph id="1098922" dropdown="continue" popup="none" popup-page-rule="" />
    </TableCell>
    <TableCell>
      <Paragraph id="1098924" dropdown="continue" popup="none" popup-page-rule="" />
    </TableCell>
    <TableCell>
      <Paragraph id="1098926" dropdown="continue" popup="none" popup-page-rule="" />
    </TableCell>
    <TableCell>
      <Paragraph id="1098932" dropdown="continue" popup="none" popup-page-rule="" />
    </TableCell>
    <TableCell>
      <Paragraph id="1098934" dropdown="continue" popup="none" popup-page-rule="" />
    </TableCell>
    <TableCell>
      <Paragraph id="1098936" dropdown="continue" popup="none" popup-page-rule="" />
    </TableCell>
    <TableCell>
      <Paragraph id="1098938" dropdown="continue" popup="none" popup-page-rule="" />
    </TableCell>
    <TableCell>
      <Paragraph id="1098940" dropdown="continue" popup="none" popup-page-rule="" />
    </TableCell>
    <TableCell>
      <Paragraph id="1098942" dropdown="continue" popup="none" popup-page-rule="" />
    </TableCell>
    <TableCell>
      <Paragraph id="1098944" dropdown="continue" popup="none" popup-page-rule="" />
    </TableCell>
    <TableCell>
      <Paragraph id="1098946" dropdown="continue" popup="none" popup-page-rule="" />
    </TableCell>
  </Table>
  <Paragraph id="1098917" documentposition="126" splitpriority="none" dropdown="continue" popup="none" popup-page-rule="" />
  <Table id="1098965" documentposition="127" splitpriority="none">
    <TableCell>
      <Paragraph id="1098967" dropdown="continue" popup="none" popup-page-rule="" />
    </TableCell>
    <TableCell>
      <Paragraph id="1098969" dropdown="continue" popup="none" popup-page-rule="" />
    </TableCell>
    <TableCell>
      <Paragraph id="1098971" dropdown="continue" popup="none" popup-page-rule="" />
    </TableCell>
    <TableCell>
      <Paragraph id="1098973" dropdown="continue" popup="none" popup-page-rule="" />
    </TableCell>
    <TableCell>
      <Paragraph id="1098975" dropdown="continue" popup="none" popup-page-rule="" />
    </TableCell>
    <TableCell>
      <Paragraph id="1098977" dropdown="continue" popup="none" popup-page-rule="" />
    </TableCell>
    <TableCell>
      <Paragraph id="1098979" dropdown="continue" popup="none" popup-page-rule="" />
    </TableCell>
    <TableCell>
      <Paragraph id="1098981" dropdown="continue" popup="none" popup-page-rule="" />
    </TableCell>
    <TableCell>
      <Paragraph id="1098983" dropdown="continue" popup="none" popup-page-rule="" />
    </TableCell>
    <TableCell>
      <Paragraph id="1098985" dropdown="continue" popup="none" popup-page-rule="" />
    </TableCell>
    <TableCell>
      <Paragraph id="1098987" dropdown="continue" popup="none" popup-page-rule="" />
    </TableCell>
    <TableCell>
      <Paragraph id="1098989" dropdown="continue" popup="none" popup-page-rule="" />
    </TableCell>
  </Table>
  <Paragraph id="1058283" documentposition="128" splitpriority="none" dropdown="continue" popup="none" popup-page-rule="" />
  <Table id="1098996" documentposition="129" splitpriority="none">
    <TableCell>
      <Paragraph id="1098998" dropdown="continue" popup="none" popup-page-rule="" />
    </TableCell>
    <TableCell>
      <Paragraph id="1099000" dropdown="continue" popup="none" popup-page-rule="" />
    </TableCell>
    <TableCell>
      <Paragraph id="1099002" dropdown="continue" popup="none" popup-page-rule="" />
    </TableCell>
    <TableCell>
      <Paragraph id="1099004" dropdown="continue" popup="none" popup-page-rule="" />
    </TableCell>
    <TableCell>
      <Paragraph id="1099006" dropdown="continue" popup="none" popup-page-rule="" />
    </TableCell>
    <TableCell>
      <Paragraph id="1099008" dropdown="continue" popup="none" popup-page-rule="" />
    </TableCell>
    <TableCell>
      <Paragraph id="1099010" dropdown="continue" popup="none" popup-page-rule="" />
    </TableCell>
    <TableCell>
      <Paragraph id="1099012" dropdown="continue" popup="none" popup-page-rule="" />
    </TableCell>
    <TableCell>
      <Paragraph id="1099014" dropdown="continue" popup="none" popup-page-rule="" />
    </TableCell>
    <TableCell>
      <Paragraph id="1099016" dropdown="continue" popup="none" popup-page-rule="" />
    </TableCell>
    <TableCell>
      <Paragraph id="1099018" dropdown="continue" popup="none" popup-page-rule="" />
    </TableCell>
    <TableCell>
      <Paragraph id="1099020" dropdown="continue" popup="none" popup-page-rule="" />
    </TableCell>
  </Table>
  <Paragraph id="1116645" documentposition="130" splitpriority="none" dropdown="continue" popup="none" popup-page-rule="" />
  <Table id="1116620" documentposition="131" splitpriority="none">
    <TableCell>
      <Paragraph id="1116622" dropdown="continue" popup="none" popup-page-rule="" />
    </TableCell>
    <TableCell>
      <Paragraph id="1116624" dropdown="continue" popup="none" popup-page-rule="" />
    </TableCell>
    <TableCell>
      <Paragraph id="1116626" dropdown="continue" popup="none" popup-page-rule="" />
    </TableCell>
    <TableCell>
      <Paragraph id="1116628" dropdown="continue" popup="none" popup-page-rule="" />
    </TableCell>
    <TableCell>
      <Paragraph id="1116630" dropdown="continue" popup="none" popup-page-rule="" />
    </TableCell>
    <TableCell>
      <Paragraph id="1116632" dropdown="continue" popup="none" popup-page-rule="" />
    </TableCell>
    <TableCell>
      <Paragraph id="1116634" dropdown="continue" popup="none" popup-page-rule="" />
    </TableCell>
    <TableCell>
      <Paragraph id="1116636" dropdown="continue" popup="none" popup-page-rule="" />
    </TableCell>
    <TableCell>
      <Paragraph id="1116638" dropdown="continue" popup="none" popup-page-rule="" />
    </TableCell>
    <TableCell>
      <Paragraph id="1116640" dropdown="continue" popup="none" popup-page-rule="" />
    </TableCell>
  </Table>
  <Paragraph id="1116666" documentposition="132" splitpriority="none" dropdown="continue" popup="none" popup-page-rule="" />
  <Table id="1116646" documentposition="133" splitpriority="none">
    <TableCell>
      <Paragraph id="1116648" dropdown="continue" popup="none" popup-page-rule="" />
    </TableCell>
    <TableCell>
      <Paragraph id="1116650" dropdown="continue" popup="none" popup-page-rule="" />
    </TableCell>
    <TableCell>
      <Paragraph id="1116652" dropdown="continue" popup="none" popup-page-rule="" />
    </TableCell>
    <TableCell>
      <Paragraph id="1116654" dropdown="continue" popup="none" popup-page-rule="" />
      <Paragraph id="1116655" dropdown="continue" popup="none" popup-page-rule="" />
      <Paragraph id="1116656" dropdown="continue" popup="none" popup-page-rule="" />
    </TableCell>
    <TableCell>
      <Paragraph id="1116658" dropdown="continue" popup="none" popup-page-rule="" />
    </TableCell>
    <TableCell>
      <Paragraph id="1116660" dropdown="continue" popup="none" popup-page-rule="" />
      <Paragraph id="1116661" dropdown="continue" popup="none" popup-page-rule="" />
    </TableCell>
  </Table>
  <Paragraph id="1116667" documentposition="134" splitpriority="none" dropdown="continue" popup="none" popup-page-rule="" />
  <Table id="1116677" documentposition="135" splitpriority="none">
    <TableCell>
      <Paragraph id="1116679" dropdown="continue" popup="none" popup-page-rule="" />
    </TableCell>
  </Table>
  <Paragraph id="1116675" documentposition="136" splitpriority="none" dropdown="continue" popup="none" popup-page-rule="" />
  <Paragraph id="1056336" documentposition="137" splitpriority="2" dropdown="continue" popup="none" popup-page-rule="" />
  <Paragraph id="1056326" documentposition="138" splitpriority="none" dropdown="continue" popup="none" popup-page-rule="" />
  <Table id="1106696" documentposition="139" splitpriority="none">
    <TableCell>
      <Paragraph id="1106914" dropdown="continue" popup="none" popup-page-rule="" />
    </TableCell>
    <TableCell>
      <Paragraph id="1106916" dropdown="continue" popup="none" popup-page-rule="" />
    </TableCell>
    <TableCell>
      <Paragraph id="1125968" dropdown="continue" popup="none" popup-page-rule="" />
    </TableCell>
    <TableCell>
      <Paragraph id="1125970" dropdown="continue" popup="none" popup-page-rule="" />
    </TableCell>
    <TableCell>
      <Paragraph id="1106918" dropdown="continue" popup="none" popup-page-rule="" />
    </TableCell>
    <TableCell>
      <Paragraph id="1106920" dropdown="continue" popup="none" popup-page-rule="" />
    </TableCell>
    <TableCell>
      <Paragraph id="1125975" dropdown="continue" popup="none" popup-page-rule="" />
    </TableCell>
    <TableCell>
      <Paragraph id="1125977" dropdown="continue" popup="none" popup-page-rule="" />
    </TableCell>
    <TableCell>
      <Paragraph id="1125979" dropdown="continue" popup="none" popup-page-rule="" />
    </TableCell>
    <TableCell>
      <Paragraph id="1125984" dropdown="continue" popup="none" popup-page-rule="" />
    </TableCell>
    <TableCell>
      <Paragraph id="1106922" dropdown="continue" popup="none" popup-page-rule="" />
    </TableCell>
    <TableCell>
      <Paragraph id="1106924" dropdown="continue" popup="none" popup-page-rule="" />
    </TableCell>
    <TableCell>
      <Paragraph id="1125986" dropdown="continue" popup="none" popup-page-rule="" />
    </TableCell>
    <TableCell>
      <Paragraph id="1125988" dropdown="continue" popup="none" popup-page-rule="" />
    </TableCell>
    <TableCell>
      <Paragraph id="1125996" dropdown="continue" popup="none" popup-page-rule="" />
    </TableCell>
    <TableCell>
      <Paragraph id="1125998" dropdown="continue" popup="none" popup-page-rule="" />
    </TableCell>
    <TableCell>
      <Paragraph id="1126000" dropdown="continue" popup="none" popup-page-rule="" />
    </TableCell>
    <TableCell>
      <Paragraph id="1126002" dropdown="continue" popup="none" popup-page-rule="" />
    </TableCell>
    <TableCell>
      <Paragraph id="1106930" dropdown="continue" popup="none" popup-page-rule="" />
    </TableCell>
    <TableCell>
      <Paragraph id="1106932" dropdown="continue" popup="none" popup-page-rule="" />
    </TableCell>
    <TableCell>
      <Paragraph id="1126027" dropdown="continue" popup="none" popup-page-rule="" />
    </TableCell>
    <TableCell>
      <Paragraph id="1126029" dropdown="continue" popup="none" popup-page-rule="" />
    </TableCell>
    <TableCell>
      <Paragraph id="1106934" dropdown="continue" popup="none" popup-page-rule="" />
    </TableCell>
    <TableCell>
      <Paragraph id="1106936" dropdown="continue" popup="none" popup-page-rule="" />
    </TableCell>
    <TableCell>
      <Paragraph id="1106938" dropdown="continue" popup="none" popup-page-rule="" />
    </TableCell>
    <TableCell>
      <Paragraph id="1106940" dropdown="continue" popup="none" popup-page-rule="" />
    </TableCell>
    <TableCell>
      <Paragraph id="1106942" dropdown="continue" popup="none" popup-page-rule="" />
    </TableCell>
    <TableCell>
      <Paragraph id="1106944" dropdown="continue" popup="none" popup-page-rule="" />
    </TableCell>
    <TableCell>
      <Paragraph id="1126058" dropdown="continue" popup="none" popup-page-rule="" />
    </TableCell>
    <TableCell>
      <Paragraph id="1126060" dropdown="continue" popup="none" popup-page-rule="" />
    </TableCell>
    <TableCell>
      <Paragraph id="1126069" dropdown="continue" popup="none" popup-page-rule="" />
    </TableCell>
    <TableCell>
      <Paragraph id="1126071" dropdown="continue" popup="none" popup-page-rule="" />
    </TableCell>
    <TableCell>
      <Paragraph id="1106946" dropdown="continue" popup="none" popup-page-rule="" />
    </TableCell>
    <TableCell>
      <Paragraph id="1106948" dropdown="continue" popup="none" popup-page-rule="" />
    </TableCell>
    <TableCell>
      <Paragraph id="1106950" dropdown="continue" popup="none" popup-page-rule="" />
    </TableCell>
    <TableCell>
      <Paragraph id="1106952" dropdown="continue" popup="none" popup-page-rule="" />
    </TableCell>
    <TableCell>
      <Paragraph id="1126113" dropdown="continue" popup="none" popup-page-rule="" />
    </TableCell>
    <TableCell>
      <Paragraph id="1126115" dropdown="continue" popup="none" popup-page-rule="" />
    </TableCell>
    <TableCell>
      <Paragraph id="1126120" dropdown="continue" popup="none" popup-page-rule="" />
    </TableCell>
    <TableCell>
      <Paragraph id="1126122" dropdown="continue" popup="none" popup-page-rule="" />
    </TableCell>
    <TableCell>
      <Paragraph id="1106954" dropdown="continue" popup="none" popup-page-rule="" />
    </TableCell>
    <TableCell>
      <Paragraph id="1106956" dropdown="continue" popup="none" popup-page-rule="" />
    </TableCell>
    <TableCell>
      <Paragraph id="1106958" dropdown="continue" popup="none" popup-page-rule="" />
    </TableCell>
    <TableCell>
      <Paragraph id="1106960" dropdown="continue" popup="none" popup-page-rule="" />
    </TableCell>
  </Table>
  <Paragraph id="1116598" documentposition="140" splitpriority="none" dropdown="continue" popup="none" popup-page-rule="" />
  <Paragraph id="1109512" documentposition="141" splitpriority="none" dropdown="continue" popup="none" popup-page-rule="" />
  <Paragraph id="1109513" documentposition="142" splitpriority="none" dropdown="continue" popup="none" popup-page-rule="" />
  <Paragraph id="1109514" documentposition="143" splitpriority="none" dropdown="continue" popup="none" popup-page-rule="" />
  <Paragraph id="1109515" documentposition="144" splitpriority="none" dropdown="continue" popup="none" popup-page-rule="" />
  <Paragraph id="1109516" documentposition="145" splitpriority="none" dropdown="continue" popup="none" popup-page-rule="" />
  <Paragraph id="1129748" documentposition="146" splitpriority="none" dropdown="continue" popup="none" popup-page-rule="" />
  <Paragraph id="1129749" documentposition="147" splitpriority="none" dropdown="continue" popup="none" popup-page-rule="" />
  <Paragraph id="1129750" documentposition="148" splitpriority="none" dropdown="continue" popup="none" popup-page-rule="" />
  <Paragraph id="1129751" documentposition="149" splitpriority="none" dropdown="continue" popup="none" popup-page-rule="" />
  <Paragraph id="1129752" documentposition="150" splitpriority="none" dropdown="continue" popup="none" popup-page-rule="" />
  <Paragraph id="1129753" documentposition="151" splitpriority="none" dropdown="continue" popup="none" popup-page-rule="" />
  <Paragraph id="1129754" documentposition="152" splitpriority="none" dropdown="continue" popup="none" popup-page-rule="" />
  <Paragraph id="1129755" documentposition="153" splitpriority="none" dropdown="continue" popup="none" popup-page-rule="" />
  <Paragraph id="1129756" documentposition="154" splitpriority="none" dropdown="continue" popup="none" popup-page-rule="" />
  <Paragraph id="1129757" documentposition="155" splitpriority="none" dropdown="continue" popup="none" popup-page-rule="" />
  <Paragraph id="1129758" documentposition="156" splitpriority="none" dropdown="continue" popup="none" popup-page-rule="" />
  <Paragraph id="1129759" documentposition="157" splitpriority="none" dropdown="continue" popup="none" popup-page-rule="" />
  <Paragraph id="1129760" documentposition="158" splitpriority="none" dropdown="continue" popup="none" popup-page-rule="" />
  <Paragraph id="1129761" documentposition="159" splitpriority="none" dropdown="continue" popup="none" popup-page-rule="" />
  <Paragraph id="1129762" documentposition="160" splitpriority="none" dropdown="continue" popup="none" popup-page-rule="" />
  <Paragraph id="1129763" documentposition="161" splitpriority="none" dropdown="continue" popup="none" popup-page-rule="" />
  <Paragraph id="1129764" documentposition="162" splitpriority="none" dropdown="continue" popup="none" popup-page-rule="" />
  <Paragraph id="1129765" documentposition="163" splitpriority="none" dropdown="continue" popup="none" popup-page-rule="" />
  <Paragraph id="1129766" documentposition="164" splitpriority="none" dropdown="continue" popup="none" popup-page-rule="" />
  <Paragraph id="1129767" documentposition="165" splitpriority="none" dropdown="continue" popup="none" popup-page-rule="" />
  <Paragraph id="1129768" documentposition="166" splitpriority="none" dropdown="continue" popup="none" popup-page-rule="" />
  <Paragraph id="1129769" documentposition="167" splitpriority="none" dropdown="continue" popup="none" popup-page-rule="" />
  <Paragraph id="1129770" documentposition="168" splitpriority="none" dropdown="continue" popup="none" popup-page-rule="" />
  <Paragraph id="1129771" documentposition="169" splitpriority="none" dropdown="continue" popup="none" popup-page-rule="" />
  <Paragraph id="1129772" documentposition="170" splitpriority="none" dropdown="continue" popup="none" popup-page-rule="" />
  <Paragraph id="1129773" documentposition="171" splitpriority="none" dropdown="continue" popup="none" popup-page-rule="" />
  <Paragraph id="1129774" documentposition="172" splitpriority="none" dropdown="continue" popup="none" popup-page-rule="" />
  <Paragraph id="1129775" documentposition="173" splitpriority="none" dropdown="continue" popup="none" popup-page-rule="" />
  <Paragraph id="1129776" documentposition="174" splitpriority="none" dropdown="continue" popup="none" popup-page-rule="" />
  <Paragraph id="1129777" documentposition="175" splitpriority="none" dropdown="continue" popup="none" popup-page-rule="" />
  <Paragraph id="1107086" documentposition="176" splitpriority="none" dropdown="continue" popup="none" popup-page-rule="" />
  <Paragraph id="1082499" documentposition="177" splitpriority="none" dropdown="continue" popup="none" popup-page-rule="" />
  <Paragraph id="1082504" documentposition="178" splitpriority="none" dropdown="continue" popup="none" popup-page-rule="" />
  <Paragraph id="1082513" documentposition="179" splitpriority="none" dropdown="continue" popup="none" popup-page-rule="" />
  <Paragraph id="1109594" documentposition="180" splitpriority="none" dropdown="continue" popup="none" popup-page-rule="" />
  <Paragraph id="1109595" documentposition="181" splitpriority="none" dropdown="continue" popup="none" popup-page-rule="" />
  <Paragraph id="1109596" documentposition="182" splitpriority="none" dropdown="continue" popup="none" popup-page-rule="" />
  <Paragraph id="1109597" documentposition="183" splitpriority="none" dropdown="continue" popup="none" popup-page-rule="" />
  <Paragraph id="1109598" documentposition="184" splitpriority="none" dropdown="continue" popup="none" popup-page-rule="" />
  <Paragraph id="1109599" documentposition="185" splitpriority="none" dropdown="continue" popup="none" popup-page-rule="" />
  <Paragraph id="1109600" documentposition="186" splitpriority="none" dropdown="continue" popup="none" popup-page-rule="" />
  <Paragraph id="1109601" documentposition="187" splitpriority="none" dropdown="continue" popup="none" popup-page-rule="" />
  <Paragraph id="1109602" documentposition="188" splitpriority="none" dropdown="continue" popup="none" popup-page-rule="" />
  <Paragraph id="1109603" documentposition="189" splitpriority="none" dropdown="continue" popup="none" popup-page-rule="" />
  <Paragraph id="1109604" documentposition="190" splitpriority="none" dropdown="continue" popup="none" popup-page-rule="" />
  <Paragraph id="1109605" documentposition="191" splitpriority="none" dropdown="continue" popup="none" popup-page-rule="" />
  <Paragraph id="1109606" documentposition="192" splitpriority="none" dropdown="continue" popup="none" popup-page-rule="" />
  <Paragraph id="1109607" documentposition="193" splitpriority="none" dropdown="continue" popup="none" popup-page-rule="" />
  <Paragraph id="1109608" documentposition="194" splitpriority="none" dropdown="continue" popup="none" popup-page-rule="" />
</Behaviors>