<?xml version="1.0" encoding="ISO-8859-1"?>
<document url="http://castor.exolab.org/howto/how-to-use-limit-clause.xml">
  <properties>
    <title>How to use Castor JDO in a J2EE environment with global (XA) transactions</title>
    <abstract>
       General information about using Castor JDO in a J2EE environment with global (XA) transactions
    </abstract>
    <status>Final</status>
  </properties>
  <body>
    <title>How to use Castor JDO in a J2EE environment with global (XA) transactions</title>
    <header>
    </header>

	<section title="Overview">

        <p></p>
        
    </section>
    
    <section title="Intended Audience">

        <p>Anyone who wants to execute ...</p>
        
        <p>The example given describes ...</p>
        
    </section>
    
    <section title="Prerequisites">

        <p>You should have ...</p>

                <code-panel>
                </code-panel>
    </section>

    <section title="Steps">

        <p>Here is how to proceed.</p>

        <section title="Blah">

            <p>...</p>
                
		</section>

    </section>
    
    <section title="Limitations">
        
         <p>...</p>

        
    </section>
    
    <section title="Tips">

        <ul>
            <li>...</li>
                
        </ul>    
        
    </section>


    <section title="References">

        <ul>
            <li><a href="oql.html">Castor JDO's OQL</a></li>
        </ul>
        
    </section>


    </body>
</document>