<?xml version="1.0" encoding="utf-8"?>
<Index version="1.0" xmlns="urn:WebWorks-Index-Schema">
  <Entry name="curation tasks" sort="curation tasks" sectionposition="2">
    <Content xmlns="urn:WebWorks-Document-Schema">
      <TextRun>
        <Text value="curation tasks" />
      </TextRun>
    </Content>
    <Link href="C:\Documents and Settings\hadfielj\My Documents\ePublisher Pro Projects\caArray Online Help\Output\WebWorks Help 5.0\caArray Online Help\Curation Tools.6.2.html" anchor="1091446" fileposition="53" first="false" />
  </Entry>
  <Entry name="array designs" sort="array designs" sectionposition="2">
    <Content xmlns="urn:WebWorks-Document-Schema">
      <TextRun>
        <Text value="array designs" />
      </TextRun>
    </Content>
    <Entry name="managing" sort="managing">
      <Content xmlns="urn:WebWorks-Document-Schema">
        <TextRun>
          <Text value="managing" />
        </TextRun>
      </Content>
      <Link href="C:\Documents and Settings\hadfielj\My Documents\ePublisher Pro Projects\caArray Online Help\Output\WebWorks Help 5.0\caArray Online Help\Curation Tools.6.3.html" anchor="1091472" fileposition="54" first="false" />
    </Entry>
  </Entry>
  <Entry name="managing" sort="managing" sectionposition="2">
    <Content xmlns="urn:WebWorks-Document-Schema">
      <TextRun>
        <Text value="managing" />
      </TextRun>
    </Content>
    <Entry name="array designs" sort="array designs">
      <Content xmlns="urn:WebWorks-Document-Schema">
        <TextRun>
          <Text value="array designs" />
        </TextRun>
      </Content>
      <Link href="C:\Documents and Settings\hadfielj\My Documents\ePublisher Pro Projects\caArray Online Help\Output\WebWorks Help 5.0\caArray Online Help\Curation Tools.6.3.html" anchor="1091472" fileposition="54" first="false" />
    </Entry>
  </Entry>
  <Entry name="array designs" sort="array designs" sectionposition="2">
    <Content xmlns="urn:WebWorks-Document-Schema">
      <TextRun>
        <Text value="array designs" />
      </TextRun>
    </Content>
    <Entry name="viewing" sort="viewing">
      <Content xmlns="urn:WebWorks-Document-Schema">
        <TextRun>
          <Text value="viewing" />
        </TextRun>
      </Content>
      <Link href="C:\Documents and Settings\hadfielj\My Documents\ePublisher Pro Projects\caArray Online Help\Output\WebWorks Help 5.0\caArray Online Help\Curation Tools.6.4.html" anchor="1091490" fileposition="55" first="false" />
    </Entry>
  </Entry>
  <Entry name="viewing" sort="viewing" sectionposition="2">
    <Content xmlns="urn:WebWorks-Document-Schema">
      <TextRun>
        <Text value="viewing" />
      </TextRun>
    </Content>
    <Entry name="array designs" sort="array designs">
      <Content xmlns="urn:WebWorks-Document-Schema">
        <TextRun>
          <Text value="array designs" />
        </TextRun>
      </Content>
      <Link href="C:\Documents and Settings\hadfielj\My Documents\ePublisher Pro Projects\caArray Online Help\Output\WebWorks Help 5.0\caArray Online Help\Curation Tools.6.4.html" anchor="1091490" fileposition="55" first="false" />
    </Entry>
  </Entry>
  <Entry name="array designs" sort="array designs" sectionposition="2">
    <Content xmlns="urn:WebWorks-Document-Schema">
      <TextRun>
        <Text value="array designs" />
      </TextRun>
    </Content>
    <Entry name="adding" sort="adding">
      <Content xmlns="urn:WebWorks-Document-Schema">
        <TextRun>
          <Text value="adding" />
        </TextRun>
      </Content>
      <Link href="C:\Documents and Settings\hadfielj\My Documents\ePublisher Pro Projects\caArray Online Help\Output\WebWorks Help 5.0\caArray Online Help\Curation Tools.6.5.html" anchor="1091564" fileposition="56" first="true" />
    </Entry>
  </Entry>
  <Entry name="adding" sort="adding" sectionposition="2">
    <Content xmlns="urn:WebWorks-Document-Schema">
      <TextRun>
        <Text value="adding" />
      </TextRun>
    </Content>
    <Entry name="array designs" sort="array designs">
      <Content xmlns="urn:WebWorks-Document-Schema">
        <TextRun>
          <Text value="array designs" />
        </TextRun>
      </Content>
      <Link href="C:\Documents and Settings\hadfielj\My Documents\ePublisher Pro Projects\caArray Online Help\Output\WebWorks Help 5.0\caArray Online Help\Curation Tools.6.5.html" anchor="1091564" fileposition="56" first="true" />
    </Entry>
  </Entry>
  <Entry name="array designs" sort="array designs" sectionposition="2">
    <Content xmlns="urn:WebWorks-Document-Schema">
      <TextRun>
        <Text value="array designs" />
      </TextRun>
    </Content>
    <Entry name="editing" sort="editing">
      <Content xmlns="urn:WebWorks-Document-Schema">
        <TextRun>
          <Text value="editing" />
        </TextRun>
      </Content>
      <Link href="C:\Documents and Settings\hadfielj\My Documents\ePublisher Pro Projects\caArray Online Help\Output\WebWorks Help 5.0\caArray Online Help\Curation Tools.6.6.html" anchor="1095750" fileposition="57" first="false" />
    </Entry>
  </Entry>
  <Entry name="editing" sort="editing" sectionposition="2">
    <Content xmlns="urn:WebWorks-Document-Schema">
      <TextRun>
        <Text value="editing" />
      </TextRun>
    </Content>
    <Entry name="array designs" sort="array designs">
      <Content xmlns="urn:WebWorks-Document-Schema">
        <TextRun>
          <Text value="array designs" />
        </TextRun>
      </Content>
      <Link href="C:\Documents and Settings\hadfielj\My Documents\ePublisher Pro Projects\caArray Online Help\Output\WebWorks Help 5.0\caArray Online Help\Curation Tools.6.6.html" anchor="1095750" fileposition="57" first="false" />
    </Entry>
  </Entry>
  <Entry name="deleting" sort="deleting" sectionposition="2">
    <Content xmlns="urn:WebWorks-Document-Schema">
      <TextRun>
        <Text value="deleting" />
      </TextRun>
    </Content>
    <Entry name="array design" sort="array design">
      <Content xmlns="urn:WebWorks-Document-Schema">
        <TextRun>
          <Text value="array design" />
        </TextRun>
      </Content>
      <Link href="C:\Documents and Settings\hadfielj\My Documents\ePublisher Pro Projects\caArray Online Help\Output\WebWorks Help 5.0\caArray Online Help\Curation Tools.6.7.html" anchor="1146333" fileposition="58" first="false" />
    </Entry>
  </Entry>
  <Entry name="array designs" sort="array designs" sectionposition="2">
    <Content xmlns="urn:WebWorks-Document-Schema">
      <TextRun>
        <Text value="array designs" />
      </TextRun>
    </Content>
    <Entry name="deleting" sort="deleting">
      <Content xmlns="urn:WebWorks-Document-Schema">
        <TextRun>
          <Text value="deleting" />
        </TextRun>
      </Content>
      <Link href="C:\Documents and Settings\hadfielj\My Documents\ePublisher Pro Projects\caArray Online Help\Output\WebWorks Help 5.0\caArray Online Help\Curation Tools.6.7.html" anchor="1146333" fileposition="58" first="false" />
    </Entry>
  </Entry>
  <Entry name="protocols" sort="protocols" sectionposition="2">
    <Content xmlns="urn:WebWorks-Document-Schema">
      <TextRun>
        <Text value="protocols" />
      </TextRun>
    </Content>
    <Entry name="description" sort="description">
      <Content xmlns="urn:WebWorks-Document-Schema">
        <TextRun>
          <Text value="description" />
        </TextRun>
      </Content>
      <Link href="C:\Documents and Settings\hadfielj\My Documents\ePublisher Pro Projects\caArray Online Help\Output\WebWorks Help 5.0\caArray Online Help\Curation Tools.6.8.html" anchor="1091664" fileposition="59" first="false" />
    </Entry>
  </Entry>
  <Entry name="protocols" sort="protocols" sectionposition="2">
    <Content xmlns="urn:WebWorks-Document-Schema">
      <TextRun>
        <Text value="protocols" />
      </TextRun>
    </Content>
    <Entry name="viewing" sort="viewing">
      <Content xmlns="urn:WebWorks-Document-Schema">
        <TextRun>
          <Text value="viewing" />
        </TextRun>
      </Content>
      <Link href="C:\Documents and Settings\hadfielj\My Documents\ePublisher Pro Projects\caArray Online Help\Output\WebWorks Help 5.0\caArray Online Help\Curation Tools.6.9.html" anchor="1091690" fileposition="60" first="false" />
    </Entry>
  </Entry>
  <Entry name="viewing" sort="viewing" sectionposition="2">
    <Content xmlns="urn:WebWorks-Document-Schema">
      <TextRun>
        <Text value="viewing" />
      </TextRun>
    </Content>
    <Entry name="protocols" sort="protocols">
      <Content xmlns="urn:WebWorks-Document-Schema">
        <TextRun>
          <Text value="protocols" />
        </TextRun>
      </Content>
      <Link href="C:\Documents and Settings\hadfielj\My Documents\ePublisher Pro Projects\caArray Online Help\Output\WebWorks Help 5.0\caArray Online Help\Curation Tools.6.9.html" anchor="1091690" fileposition="60" first="false" />
    </Entry>
  </Entry>
  <Entry name="protocol types" sort="protocol types" sectionposition="2">
    <Content xmlns="urn:WebWorks-Document-Schema">
      <TextRun>
        <Text value="protocol types" />
      </TextRun>
    </Content>
    <Entry name="viewing" sort="viewing">
      <Content xmlns="urn:WebWorks-Document-Schema">
        <TextRun>
          <Text value="viewing" />
        </TextRun>
      </Content>
      <Link href="C:\Documents and Settings\hadfielj\My Documents\ePublisher Pro Projects\caArray Online Help\Output\WebWorks Help 5.0\caArray Online Help\Curation Tools.6.10.html" anchor="1091766" fileposition="61" first="false" />
    </Entry>
  </Entry>
  <Entry name="viewing" sort="viewing" sectionposition="2">
    <Content xmlns="urn:WebWorks-Document-Schema">
      <TextRun>
        <Text value="viewing" />
      </TextRun>
    </Content>
    <Entry name="protocol types" sort="protocol types">
      <Content xmlns="urn:WebWorks-Document-Schema">
        <TextRun>
          <Text value="protocol types" />
        </TextRun>
      </Content>
      <Link href="C:\Documents and Settings\hadfielj\My Documents\ePublisher Pro Projects\caArray Online Help\Output\WebWorks Help 5.0\caArray Online Help\Curation Tools.6.10.html" anchor="1091766" fileposition="61" first="false" />
    </Entry>
  </Entry>
  <Entry name="protocol" sort="protocol" sectionposition="2">
    <Content xmlns="urn:WebWorks-Document-Schema">
      <TextRun>
        <Text value="protocol" />
      </TextRun>
    </Content>
    <Entry name="creating" sort="creating">
      <Content xmlns="urn:WebWorks-Document-Schema">
        <TextRun>
          <Text value="creating" />
        </TextRun>
      </Content>
      <Link href="C:\Documents and Settings\hadfielj\My Documents\ePublisher Pro Projects\caArray Online Help\Output\WebWorks Help 5.0\caArray Online Help\Curation Tools.6.11.html" anchor="1091828" fileposition="62" first="false" />
    </Entry>
  </Entry>
  <Entry name="creating" sort="creating" sectionposition="2">
    <Content xmlns="urn:WebWorks-Document-Schema">
      <TextRun>
        <Text value="creating" />
      </TextRun>
    </Content>
    <Entry name="protocol" sort="protocol">
      <Content xmlns="urn:WebWorks-Document-Schema">
        <TextRun>
          <Text value="protocol" />
        </TextRun>
      </Content>
      <Link href="C:\Documents and Settings\hadfielj\My Documents\ePublisher Pro Projects\caArray Online Help\Output\WebWorks Help 5.0\caArray Online Help\Curation Tools.6.11.html" anchor="1091828" fileposition="62" first="false" />
    </Entry>
  </Entry>
  <Entry name="creating" sort="creating" sectionposition="2">
    <Content xmlns="urn:WebWorks-Document-Schema">
      <TextRun>
        <Text value="creating" />
      </TextRun>
    </Content>
    <Entry name="protocol" sort="protocol">
      <Content xmlns="urn:WebWorks-Document-Schema">
        <TextRun>
          <Text value="protocol" />
        </TextRun>
      </Content>
      <Link href="C:\Documents and Settings\hadfielj\My Documents\ePublisher Pro Projects\caArray Online Help\Output\WebWorks Help 5.0\caArray Online Help\Curation Tools.6.11.html" anchor="1131463" fileposition="62" first="false" />
    </Entry>
  </Entry>
  <Entry name="protocol" sort="protocol" sectionposition="2">
    <Content xmlns="urn:WebWorks-Document-Schema">
      <TextRun>
        <Text value="protocol" />
      </TextRun>
    </Content>
    <Entry name="creating" sort="creating">
      <Content xmlns="urn:WebWorks-Document-Schema">
        <TextRun>
          <Text value="creating" />
        </TextRun>
      </Content>
      <Link href="C:\Documents and Settings\hadfielj\My Documents\ePublisher Pro Projects\caArray Online Help\Output\WebWorks Help 5.0\caArray Online Help\Curation Tools.6.11.html" anchor="1131463" fileposition="62" first="false" />
    </Entry>
  </Entry>
  <Entry name="protocol" sort="protocol" sectionposition="2">
    <Content xmlns="urn:WebWorks-Document-Schema">
      <TextRun>
        <Text value="protocol" />
      </TextRun>
    </Content>
    <Entry name="editing" sort="editing">
      <Content xmlns="urn:WebWorks-Document-Schema">
        <TextRun>
          <Text value="editing" />
        </TextRun>
      </Content>
      <Link href="C:\Documents and Settings\hadfielj\My Documents\ePublisher Pro Projects\caArray Online Help\Output\WebWorks Help 5.0\caArray Online Help\Curation Tools.6.12.html" anchor="1091902" fileposition="63" first="false" />
    </Entry>
  </Entry>
  <Entry name="editing" sort="editing" sectionposition="2">
    <Content xmlns="urn:WebWorks-Document-Schema">
      <TextRun>
        <Text value="editing" />
      </TextRun>
    </Content>
    <Entry name="protocol" sort="protocol">
      <Content xmlns="urn:WebWorks-Document-Schema">
        <TextRun>
          <Text value="protocol" />
        </TextRun>
      </Content>
      <Link href="C:\Documents and Settings\hadfielj\My Documents\ePublisher Pro Projects\caArray Online Help\Output\WebWorks Help 5.0\caArray Online Help\Curation Tools.6.12.html" anchor="1091902" fileposition="63" first="false" />
    </Entry>
  </Entry>
  <Entry name="protocol types" sort="protocol types" sectionposition="2">
    <Content xmlns="urn:WebWorks-Document-Schema">
      <TextRun>
        <Text value="protocol types" />
      </TextRun>
    </Content>
    <Entry name="editing" sort="editing">
      <Content xmlns="urn:WebWorks-Document-Schema">
        <TextRun>
          <Text value="editing" />
        </TextRun>
      </Content>
      <Link href="C:\Documents and Settings\hadfielj\My Documents\ePublisher Pro Projects\caArray Online Help\Output\WebWorks Help 5.0\caArray Online Help\Curation Tools.6.13.html" anchor="1091938" fileposition="64" first="true" />
    </Entry>
  </Entry>
  <Entry name="editing protocol typer" sort="editing protocol typer" sectionposition="2">
    <Content xmlns="urn:WebWorks-Document-Schema">
      <TextRun>
        <Text value="editing protocol typer" />
      </TextRun>
    </Content>
    <Link href="C:\Documents and Settings\hadfielj\My Documents\ePublisher Pro Projects\caArray Online Help\Output\WebWorks Help 5.0\caArray Online Help\Curation Tools.6.13.html" anchor="1091938" fileposition="64" first="true" />
  </Entry>
  <Entry name="managing" sort="managing" sectionposition="2">
    <Content xmlns="urn:WebWorks-Document-Schema">
      <TextRun>
        <Text value="managing" />
      </TextRun>
    </Content>
    <Entry name="vocabulary terms" sort="vocabulary terms">
      <Content xmlns="urn:WebWorks-Document-Schema">
        <TextRun>
          <Text value="vocabulary terms" />
        </TextRun>
      </Content>
      <Link href="C:\Documents and Settings\hadfielj\My Documents\ePublisher Pro Projects\caArray Online Help\Output\WebWorks Help 5.0\caArray Online Help\Curation Tools.6.14.html" anchor="1091975" fileposition="65" first="false" />
    </Entry>
  </Entry>
  <Entry name="vocabulary terms, managing" sort="vocabulary terms, managing" sectionposition="2">
    <Content xmlns="urn:WebWorks-Document-Schema">
      <TextRun>
        <Text value="vocabulary terms, managing" />
      </TextRun>
    </Content>
    <Link href="C:\Documents and Settings\hadfielj\My Documents\ePublisher Pro Projects\caArray Online Help\Output\WebWorks Help 5.0\caArray Online Help\Curation Tools.6.14.html" anchor="1091975" fileposition="65" first="false" />
  </Entry>
  <Entry name="vocabulary term" sort="vocabulary term" sectionposition="2">
    <Content xmlns="urn:WebWorks-Document-Schema">
      <TextRun>
        <Text value="vocabulary term" />
      </TextRun>
    </Content>
    <Entry name="viewing" sort="viewing">
      <Content xmlns="urn:WebWorks-Document-Schema">
        <TextRun>
          <Text value="viewing" />
        </TextRun>
      </Content>
      <Link href="C:\Documents and Settings\hadfielj\My Documents\ePublisher Pro Projects\caArray Online Help\Output\WebWorks Help 5.0\caArray Online Help\Curation Tools.6.15.html" anchor="1099725" fileposition="66" first="false" />
    </Entry>
  </Entry>
  <Entry name="viewing" sort="viewing" sectionposition="2">
    <Content xmlns="urn:WebWorks-Document-Schema">
      <TextRun>
        <Text value="viewing" />
      </TextRun>
    </Content>
    <Entry name="vocabulary term" sort="vocabulary term">
      <Content xmlns="urn:WebWorks-Document-Schema">
        <TextRun>
          <Text value="vocabulary term" />
        </TextRun>
      </Content>
      <Link href="C:\Documents and Settings\hadfielj\My Documents\ePublisher Pro Projects\caArray Online Help\Output\WebWorks Help 5.0\caArray Online Help\Curation Tools.6.15.html" anchor="1099725" fileposition="66" first="false" />
    </Entry>
  </Entry>
  <Entry name="vocabulary term" sort="vocabulary term" sectionposition="2">
    <Content xmlns="urn:WebWorks-Document-Schema">
      <TextRun>
        <Text value="vocabulary term" />
      </TextRun>
    </Content>
    <Entry name="adding" sort="adding">
      <Content xmlns="urn:WebWorks-Document-Schema">
        <TextRun>
          <Text value="adding" />
        </TextRun>
      </Content>
      <Link href="C:\Documents and Settings\hadfielj\My Documents\ePublisher Pro Projects\caArray Online Help\Output\WebWorks Help 5.0\caArray Online Help\Curation Tools.6.16.html" anchor="1100496" fileposition="67" first="false" />
    </Entry>
  </Entry>
  <Entry name="adding" sort="adding" sectionposition="2">
    <Content xmlns="urn:WebWorks-Document-Schema">
      <TextRun>
        <Text value="adding" />
      </TextRun>
    </Content>
    <Entry name="vocabulary term" sort="vocabulary term">
      <Content xmlns="urn:WebWorks-Document-Schema">
        <TextRun>
          <Text value="vocabulary term" />
        </TextRun>
      </Content>
      <Link href="C:\Documents and Settings\hadfielj\My Documents\ePublisher Pro Projects\caArray Online Help\Output\WebWorks Help 5.0\caArray Online Help\Curation Tools.6.16.html" anchor="1100496" fileposition="67" first="false" />
    </Entry>
  </Entry>
  <Entry name="vocabulary term" sort="vocabulary term" sectionposition="2">
    <Content xmlns="urn:WebWorks-Document-Schema">
      <TextRun>
        <Text value="vocabulary term" />
      </TextRun>
    </Content>
    <Entry name="editing" sort="editing">
      <Content xmlns="urn:WebWorks-Document-Schema">
        <TextRun>
          <Text value="editing" />
        </TextRun>
      </Content>
      <Link href="C:\Documents and Settings\hadfielj\My Documents\ePublisher Pro Projects\caArray Online Help\Output\WebWorks Help 5.0\caArray Online Help\Curation Tools.6.17.html" anchor="1100327" fileposition="68" first="false" />
    </Entry>
  </Entry>
  <Entry name="editing" sort="editing" sectionposition="2">
    <Content xmlns="urn:WebWorks-Document-Schema">
      <TextRun>
        <Text value="editing" />
      </TextRun>
    </Content>
    <Entry name="vocabulary term" sort="vocabulary term">
      <Content xmlns="urn:WebWorks-Document-Schema">
        <TextRun>
          <Text value="vocabulary term" />
        </TextRun>
      </Content>
      <Link href="C:\Documents and Settings\hadfielj\My Documents\ePublisher Pro Projects\caArray Online Help\Output\WebWorks Help 5.0\caArray Online Help\Curation Tools.6.17.html" anchor="1100327" fileposition="68" first="false" />
    </Entry>
  </Entry>
</Index>