<?xml version="1.0" encoding="utf-8"?>
<Behaviors version="1.0" xmlns="urn:WebWorks-Behaviors-Schema">
  <Split id="1071413" documentposition="3">
    <Paragraph id="1071413" documentposition="3" splitpriority="1" />
    <Paragraph id="1071414" documentposition="4" splitpriority="none" />
    <Paragraph id="1090370" documentposition="5" splitpriority="none" />
    <Paragraph id="1148318" documentposition="6" splitpriority="none" />
    <Paragraph id="1078015" documentposition="7" splitpriority="none" />
    <Paragraph id="1078023" documentposition="8" splitpriority="none" />
    <Paragraph id="1077951" documentposition="9" splitpriority="none" />
  </Split>
  <Split id="1139283" documentposition="10">
    <Paragraph id="1139283" documentposition="10" splitpriority="2" />
    <Paragraph id="1131771" documentposition="11" splitpriority="none" />
    <Table id="1143789" documentposition="12" splitpriority="none">
      <TableCell>
        <Paragraph id="1143791" />
      </TableCell>
      <TableCell>
        <Paragraph id="1143793" />
      </TableCell>
      <TableCell>
        <Paragraph id="1143795" />
      </TableCell>
      <TableCell>
        <Paragraph id="1143797" />
        <Paragraph id="1143798" />
      </TableCell>
      <TableCell>
        <Paragraph id="1143800" />
        <Paragraph id="1148605" />
      </TableCell>
      <TableCell>
        <Paragraph id="1143802" />
      </TableCell>
      <TableCell>
        <Paragraph id="1143804" />
      </TableCell>
      <TableCell>
        <Paragraph id="1143806" />
      </TableCell>
      <TableCell>
        <Paragraph id="1143808" />
        <Paragraph id="1143809" />
      </TableCell>
      <TableCell>
        <Paragraph id="1143812" />
      </TableCell>
      <TableCell>
        <Paragraph id="1143814" />
      </TableCell>
      <TableCell>
        <Paragraph id="1143816" />
        <Paragraph id="1143819" />
      </TableCell>
      <TableCell>
        <Paragraph id="1143822" />
      </TableCell>
      <TableCell>
        <Paragraph id="1143824" />
      </TableCell>
      <TableCell>
        <Paragraph id="1143826" />
      </TableCell>
      <TableCell>
        <Paragraph id="1143828" />
      </TableCell>
      <TableCell>
        <Paragraph id="1143830" />
      </TableCell>
      <TableCell>
        <Paragraph id="1143832" />
      </TableCell>
      <TableCell>
        <Paragraph id="1143834" />
      </TableCell>
      <TableCell>
        <Paragraph id="1143836" />
      </TableCell>
      <TableCell>
        <Paragraph id="1143838" />
      </TableCell>
      <TableCell>
        <Paragraph id="1143840" />
        <Paragraph id="1143841" />
      </TableCell>
      <TableCell>
        <Paragraph id="1143843" />
      </TableCell>
      <TableCell>
        <Paragraph id="1143845" />
      </TableCell>
    </Table>
    <Paragraph id="1148964" documentposition="13" splitpriority="none" />
  </Split>
  <Split id="1148966" documentposition="14">
    <Paragraph id="1148966" documentposition="14" splitpriority="2" />
    <Paragraph id="1125506" documentposition="15" splitpriority="none" />
    <Paragraph id="1145875" documentposition="16" splitpriority="none" />
  </Split>
  <Split id="1134347" documentposition="17">
    <Paragraph id="1134347" documentposition="17" splitpriority="2" />
    <Paragraph id="1138506" documentposition="18" splitpriority="none" />
    <Paragraph id="1159510" documentposition="19" splitpriority="none" relatedtopic="define-no-output" />
    <Paragraph id="1159514" documentposition="20" splitpriority="none" relatedtopic="define-no-output" />
    <Paragraph id="1159518" documentposition="21" splitpriority="none" relatedtopic="define-no-output" />
  </Split>
  <Split id="1139979" documentposition="22">
    <Paragraph id="1139979" documentposition="22" splitpriority="3">
      <Marker behavior="topic" id="1139977">
        <Marker id="1139977" name="TopicAlias" xmlns="urn:WebWorks-Document-Schema">
          <TextRun id="tr1139977-1">
            <Text value="add_group_help" />
          </TextRun>
        </Marker>
      </Marker>
    </Paragraph>
    <Paragraph id="1139981" documentposition="23" splitpriority="none" />
    <Paragraph id="1139986" documentposition="24" splitpriority="none" />
    <Paragraph id="1139987" documentposition="25" splitpriority="none" />
    <Paragraph id="1139988" documentposition="26" splitpriority="none">
      <Frame id="1139990" />
    </Paragraph>
    <Paragraph id="1139992" documentposition="27" splitpriority="none" />
    <Paragraph id="1148774" documentposition="28" splitpriority="none" />
    <Paragraph id="1153311" documentposition="30" splitpriority="none">
      <Frame id="1148406" />
    </Paragraph>
    <Paragraph id="1148509" documentposition="31" splitpriority="none">
      <Frame id="1148514" />
    </Paragraph>
    <Paragraph id="1148525" documentposition="32" splitpriority="none">
      <Frame id="1148796" />
    </Paragraph>
    <Paragraph id="1148810" documentposition="33" splitpriority="none" />
    <Paragraph id="1148831" documentposition="34" splitpriority="none" />
    <Paragraph id="1148553" documentposition="35" splitpriority="none">
      <Frame id="1148551" />
    </Paragraph>
    <Paragraph id="1148849" documentposition="36" splitpriority="none" />
    <Paragraph id="1153928" documentposition="37" splitpriority="none" />
    <Paragraph id="1159559" documentposition="38" splitpriority="none" relatedtopic="define-no-output" />
    <Paragraph id="1159563" documentposition="39" splitpriority="none" relatedtopic="define-no-output" />
    <Paragraph id="1159567" documentposition="40" splitpriority="none" relatedtopic="define-no-output" />
  </Split>
  <Split id="1077437" documentposition="41">
    <Paragraph id="1077437" documentposition="41" splitpriority="3">
      <Marker behavior="topic" id="1080438">
        <Marker id="1080438" name="TopicAlias" xmlns="urn:WebWorks-Document-Schema">
          <TextRun id="tr1080438-1">
            <Text value="group_details_help" />
          </TextRun>
        </Marker>
      </Marker>
    </Paragraph>
    <Paragraph id="1079290" documentposition="42" splitpriority="none" />
    <Paragraph id="1159577" documentposition="43" splitpriority="none" relatedtopic="define-no-output" />
    <Paragraph id="1159581" documentposition="44" splitpriority="none" relatedtopic="define-no-output" />
  </Split>
  <Split id="1087125" documentposition="45">
    <Paragraph id="1087125" documentposition="45" splitpriority="3">
      <Marker behavior="topic" id="1087153">
        <Marker id="1087153" name="TopicAlias" xmlns="urn:WebWorks-Document-Schema">
          <TextRun id="tr1087153-1">
            <Text value="modify_group_details_help" />
          </TextRun>
        </Marker>
      </Marker>
    </Paragraph>
    <Paragraph id="1081054" documentposition="46" splitpriority="none" />
    <Paragraph id="1081059" documentposition="47" splitpriority="none">
      <Frame id="1148578" />
    </Paragraph>
    <Paragraph id="1135078" documentposition="48" splitpriority="none" />
    <Paragraph id="1136588" documentposition="49" splitpriority="none" />
    <Paragraph id="1136591" documentposition="50" splitpriority="none" />
    <Paragraph id="1136592" documentposition="51" splitpriority="none" />
    <Paragraph id="1136610" documentposition="52" splitpriority="none" />
    <Paragraph id="1136255" documentposition="53" splitpriority="none" />
    <Table id="1136263" documentposition="54" splitpriority="none">
      <TableCell>
        <Paragraph id="1149005" />
      </TableCell>
      <TableCell>
        <Paragraph id="1149007" />
      </TableCell>
      <TableCell>
        <Paragraph id="1149013" />
      </TableCell>
      <TableCell>
        <Paragraph id="1149015" />
      </TableCell>
      <TableCell>
        <Paragraph id="1136269" />
      </TableCell>
      <TableCell>
        <Paragraph id="1136368" />
        <Paragraph id="1136354" />
      </TableCell>
      <TableCell>
        <Paragraph id="1136273" />
      </TableCell>
      <TableCell>
        <Paragraph id="1136275">
          <Frame id="1136444" />
        </Paragraph>
      </TableCell>
      <TableCell>
        <Paragraph id="1136638" />
      </TableCell>
      <TableCell>
        <Paragraph id="1136640" />
      </TableCell>
      <TableCell>
        <Paragraph id="1136467" />
      </TableCell>
      <TableCell>
        <Paragraph id="1136469">
          <Frame id="1136513" />
        </Paragraph>
      </TableCell>
    </Table>
    <Paragraph id="1159589" documentposition="55" splitpriority="none" relatedtopic="define-no-output" />
    <Paragraph id="1159593" documentposition="56" splitpriority="none" relatedtopic="define-no-output" />
    <Paragraph id="1090489" documentposition="57" splitpriority="none" relatedtopic="define-no-output" />
  </Split>
</Behaviors>