<?xml version="1.0" encoding="utf-8"?>
<Index version="1.0" xmlns="urn:WebWorks-Index-Schema">
  <Entry name="creating" sort="creating" sectionposition="2">
    <Content xmlns="urn:WebWorks-Document-Schema">
      <TextRun>
        <Text value="creating" />
      </TextRun>
    </Content>
    <Entry name="user account" sort="user account">
      <Content xmlns="urn:WebWorks-Document-Schema">
        <TextRun>
          <Text value="user account" />
        </TextRun>
      </Content>
      <Link href="C:\Documents and Settings\hadfielj\My Documents\ePublisher Pro Projects\caArray Online Help\Output\WebWorks Help 5.0\caArray Online Help\User Account Mgt.9.2.html" anchor="1177362" fileposition="102" first="false" />
    </Entry>
  </Entry>
  <Entry name="managing" sort="managing" sectionposition="2">
    <Content xmlns="urn:WebWorks-Document-Schema">
      <TextRun>
        <Text value="managing" />
      </TextRun>
    </Content>
    <Entry name="user accounts" sort="user accounts">
      <Content xmlns="urn:WebWorks-Document-Schema">
        <TextRun>
          <Text value="user accounts" />
        </TextRun>
      </Content>
      <Link href="C:\Documents and Settings\hadfielj\My Documents\ePublisher Pro Projects\caArray Online Help\Output\WebWorks Help 5.0\caArray Online Help\User Account Mgt.9.2.html" anchor="1177362" fileposition="102" first="false" />
    </Entry>
  </Entry>
  <Entry name="user account, new" sort="user account, new" sectionposition="2">
    <Content xmlns="urn:WebWorks-Document-Schema">
      <TextRun>
        <Text value="user account, new" />
      </TextRun>
    </Content>
    <Link href="C:\Documents and Settings\hadfielj\My Documents\ePublisher Pro Projects\caArray Online Help\Output\WebWorks Help 5.0\caArray Online Help\User Account Mgt.9.2.html" anchor="1177362" fileposition="102" first="false" />
  </Entry>
  <Entry name="UPT" sort="UPT" sectionposition="2">
    <Content xmlns="urn:WebWorks-Document-Schema">
      <TextRun>
        <Text value="UPT" />
      </TextRun>
    </Content>
    <Entry name="relationship of caArray and" sort="relationship of caArray and">
      <Content xmlns="urn:WebWorks-Document-Schema">
        <TextRun>
          <Text value="relationship of caArray and" />
        </TextRun>
      </Content>
      <Link href="C:\Documents and Settings\hadfielj\My Documents\ePublisher Pro Projects\caArray Online Help\Output\WebWorks Help 5.0\caArray Online Help\User Account Mgt.9.3.html" anchor="1173890" fileposition="103" first="false" />
    </Entry>
  </Entry>
  <Entry name="UPT" sort="UPT" sectionposition="2">
    <Content xmlns="urn:WebWorks-Document-Schema">
      <TextRun>
        <Text value="UPT" />
      </TextRun>
    </Content>
    <Entry name="creating caArray users in" sort="creating caArray users in">
      <Content xmlns="urn:WebWorks-Document-Schema">
        <TextRun>
          <Text value="creating caArray users in" />
        </TextRun>
      </Content>
      <Link href="C:\Documents and Settings\hadfielj\My Documents\ePublisher Pro Projects\caArray Online Help\Output\WebWorks Help 5.0\caArray Online Help\User Account Mgt.9.3.html" anchor="1173890" fileposition="103" first="false" />
    </Entry>
  </Entry>
  <Entry name="Anonymous User role" sort="Anonymous User role" sectionposition="2">
    <Content xmlns="urn:WebWorks-Document-Schema">
      <TextRun>
        <Text value="Anonymous User role" />
      </TextRun>
    </Content>
    <Link href="C:\Documents and Settings\hadfielj\My Documents\ePublisher Pro Projects\caArray Online Help\Output\WebWorks Help 5.0\caArray Online Help\User Account Mgt.9.7.html" anchor="1171113" fileposition="107" first="false" />
  </Entry>
  <Entry name="System Administrator role" sort="System Administrator role" sectionposition="2">
    <Content xmlns="urn:WebWorks-Document-Schema">
      <TextRun>
        <Text value="System Administrator role" />
      </TextRun>
    </Content>
    <Link href="C:\Documents and Settings\hadfielj\My Documents\ePublisher Pro Projects\caArray Online Help\Output\WebWorks Help 5.0\caArray Online Help\User Account Mgt.9.7.html" anchor="1171121" fileposition="107" first="false" />
  </Entry>
  <Entry name="Principal Investigator role" sort="Principal Investigator role" sectionposition="2">
    <Content xmlns="urn:WebWorks-Document-Schema">
      <TextRun>
        <Text value="Principal Investigator role" />
      </TextRun>
    </Content>
    <Link href="C:\Documents and Settings\hadfielj\My Documents\ePublisher Pro Projects\caArray Online Help\Output\WebWorks Help 5.0\caArray Online Help\User Account Mgt.9.7.html" anchor="1171128" fileposition="107" first="false" />
  </Entry>
  <Entry name="Lab Administrator role" sort="Lab Administrator role" sectionposition="2">
    <Content xmlns="urn:WebWorks-Document-Schema">
      <TextRun>
        <Text value="Lab Administrator role" />
      </TextRun>
    </Content>
    <Link href="C:\Documents and Settings\hadfielj\My Documents\ePublisher Pro Projects\caArray Online Help\Output\WebWorks Help 5.0\caArray Online Help\User Account Mgt.9.7.html" anchor="1171135" fileposition="107" first="false" />
  </Entry>
  <Entry name="Lab Scientist role" sort="Lab Scientist role" sectionposition="2">
    <Content xmlns="urn:WebWorks-Document-Schema">
      <TextRun>
        <Text value="Lab Scientist role" />
      </TextRun>
    </Content>
    <Link href="C:\Documents and Settings\hadfielj\My Documents\ePublisher Pro Projects\caArray Online Help\Output\WebWorks Help 5.0\caArray Online Help\User Account Mgt.9.7.html" anchor="1171141" fileposition="107" first="false" />
  </Entry>
  <Entry name="Biostatistician role" sort="Biostatistician role" sectionposition="2">
    <Content xmlns="urn:WebWorks-Document-Schema">
      <TextRun>
        <Text value="Biostatistician role" />
      </TextRun>
    </Content>
    <Link href="C:\Documents and Settings\hadfielj\My Documents\ePublisher Pro Projects\caArray Online Help\Output\WebWorks Help 5.0\caArray Online Help\User Account Mgt.9.7.html" anchor="1171147" fileposition="107" first="false" />
  </Entry>
  <Entry name="experiment" sort="experiment" sectionposition="2">
    <Content xmlns="urn:WebWorks-Document-Schema">
      <TextRun>
        <Text value="experiment" />
      </TextRun>
    </Content>
    <Entry name="changing ownership" sort="changing ownership">
      <Content xmlns="urn:WebWorks-Document-Schema">
        <TextRun>
          <Text value="changing ownership" />
        </TextRun>
      </Content>
      <Link href="C:\Documents and Settings\hadfielj\My Documents\ePublisher Pro Projects\caArray Online Help\Output\WebWorks Help 5.0\caArray Online Help\User Account Mgt.9.8.html" anchor="1172331" fileposition="108" first="false" />
    </Entry>
  </Entry>
  <Entry name="collaboration group" sort="collaboration group" sectionposition="2">
    <Content xmlns="urn:WebWorks-Document-Schema">
      <TextRun>
        <Text value="collaboration group" />
      </TextRun>
    </Content>
    <Entry name="changing ownership" sort="changing ownership">
      <Content xmlns="urn:WebWorks-Document-Schema">
        <TextRun>
          <Text value="changing ownership" />
        </TextRun>
      </Content>
      <Link href="C:\Documents and Settings\hadfielj\My Documents\ePublisher Pro Projects\caArray Online Help\Output\WebWorks Help 5.0\caArray Online Help\User Account Mgt.9.8.html" anchor="1172331" fileposition="108" first="false" />
    </Entry>
  </Entry>
  <Entry name="managing" sort="managing" sectionposition="2">
    <Content xmlns="urn:WebWorks-Document-Schema">
      <TextRun>
        <Text value="managing" />
      </TextRun>
    </Content>
    <Entry name="ownership of experiments" sort="ownership of experiments">
      <Content xmlns="urn:WebWorks-Document-Schema">
        <TextRun>
          <Text value="ownership of experiments" />
        </TextRun>
      </Content>
      <Link href="C:\Documents and Settings\hadfielj\My Documents\ePublisher Pro Projects\caArray Online Help\Output\WebWorks Help 5.0\caArray Online Help\User Account Mgt.9.8.html" anchor="1172331" fileposition="108" first="false" />
    </Entry>
  </Entry>
  <Entry name="managing" sort="managing" sectionposition="2">
    <Content xmlns="urn:WebWorks-Document-Schema">
      <TextRun>
        <Text value="managing" />
      </TextRun>
    </Content>
    <Entry name="ownership of collaboration groups" sort="ownership of collaboration groups">
      <Content xmlns="urn:WebWorks-Document-Schema">
        <TextRun>
          <Text value="ownership of collaboration groups" />
        </TextRun>
      </Content>
      <Link href="C:\Documents and Settings\hadfielj\My Documents\ePublisher Pro Projects\caArray Online Help\Output\WebWorks Help 5.0\caArray Online Help\User Account Mgt.9.8.html" anchor="1172331" fileposition="108" first="false" />
    </Entry>
  </Entry>
  <Entry name="managing" sort="managing" sectionposition="2">
    <Content xmlns="urn:WebWorks-Document-Schema">
      <TextRun>
        <Text value="managing" />
      </TextRun>
    </Content>
    <Entry name="user groups" sort="user groups">
      <Content xmlns="urn:WebWorks-Document-Schema">
        <TextRun>
          <Text value="user groups" />
        </TextRun>
      </Content>
      <Link href="C:\Documents and Settings\hadfielj\My Documents\ePublisher Pro Projects\caArray Online Help\Output\WebWorks Help 5.0\caArray Online Help\User Account Mgt.9.9.html" anchor="1138506" fileposition="109" first="false" />
    </Entry>
  </Entry>
  <Entry name="collaboration groups" sort="collaboration groups" sectionposition="2">
    <Content xmlns="urn:WebWorks-Document-Schema">
      <TextRun>
        <Text value="collaboration groups" />
      </TextRun>
    </Content>
    <Entry name="managing" sort="managing">
      <Content xmlns="urn:WebWorks-Document-Schema">
        <TextRun>
          <Text value="managing" />
        </TextRun>
      </Content>
      <Link href="C:\Documents and Settings\hadfielj\My Documents\ePublisher Pro Projects\caArray Online Help\Output\WebWorks Help 5.0\caArray Online Help\User Account Mgt.9.9.html" anchor="1138506" fileposition="109" first="false" />
    </Entry>
  </Entry>
  <Entry name="user groups" sort="user groups" sectionposition="2">
    <Content xmlns="urn:WebWorks-Document-Schema">
      <TextRun>
        <Text value="user groups" />
      </TextRun>
    </Content>
    <Entry name="managing" sort="managing">
      <Content xmlns="urn:WebWorks-Document-Schema">
        <TextRun>
          <Text value="managing" />
        </TextRun>
      </Content>
      <Link href="C:\Documents and Settings\hadfielj\My Documents\ePublisher Pro Projects\caArray Online Help\Output\WebWorks Help 5.0\caArray Online Help\User Account Mgt.9.9.html" anchor="1138506" fileposition="109" first="false" />
    </Entry>
  </Entry>
  <Entry name="creating" sort="creating" sectionposition="2">
    <Content xmlns="urn:WebWorks-Document-Schema">
      <TextRun>
        <Text value="creating" />
      </TextRun>
    </Content>
    <Entry name="collaboration group" sort="collaboration group">
      <Content xmlns="urn:WebWorks-Document-Schema">
        <TextRun>
          <Text value="collaboration group" />
        </TextRun>
      </Content>
      <Link href="C:\Documents and Settings\hadfielj\My Documents\ePublisher Pro Projects\caArray Online Help\Output\WebWorks Help 5.0\caArray Online Help\User Account Mgt.9.10.html" anchor="1139979" fileposition="110" first="true" />
    </Entry>
  </Entry>
  <Entry name="collaboration group" sort="collaboration group" sectionposition="2">
    <Content xmlns="urn:WebWorks-Document-Schema">
      <TextRun>
        <Text value="collaboration group" />
      </TextRun>
    </Content>
    <Entry name="creating" sort="creating">
      <Content xmlns="urn:WebWorks-Document-Schema">
        <TextRun>
          <Text value="creating" />
        </TextRun>
      </Content>
      <Link href="C:\Documents and Settings\hadfielj\My Documents\ePublisher Pro Projects\caArray Online Help\Output\WebWorks Help 5.0\caArray Online Help\User Account Mgt.9.10.html" anchor="1139979" fileposition="110" first="true" />
    </Entry>
  </Entry>
  <Entry name="creating" sort="creating" sectionposition="2">
    <Content xmlns="urn:WebWorks-Document-Schema">
      <TextRun>
        <Text value="creating" />
      </TextRun>
    </Content>
    <Entry name="group" sort="group">
      <Content xmlns="urn:WebWorks-Document-Schema">
        <TextRun>
          <Text value="group" />
        </TextRun>
      </Content>
      <Link href="C:\Documents and Settings\hadfielj\My Documents\ePublisher Pro Projects\caArray Online Help\Output\WebWorks Help 5.0\caArray Online Help\User Account Mgt.9.10.html" anchor="1139981" fileposition="110" first="false" />
    </Entry>
  </Entry>
  <Entry name="group" sort="group" sectionposition="2">
    <Content xmlns="urn:WebWorks-Document-Schema">
      <TextRun>
        <Text value="group" />
      </TextRun>
    </Content>
    <Entry name="creating" sort="creating">
      <Content xmlns="urn:WebWorks-Document-Schema">
        <TextRun>
          <Text value="creating" />
        </TextRun>
      </Content>
      <Link href="C:\Documents and Settings\hadfielj\My Documents\ePublisher Pro Projects\caArray Online Help\Output\WebWorks Help 5.0\caArray Online Help\User Account Mgt.9.10.html" anchor="1139981" fileposition="110" first="false" />
    </Entry>
  </Entry>
  <Entry name="adding" sort="adding" sectionposition="2">
    <Content xmlns="urn:WebWorks-Document-Schema">
      <TextRun>
        <Text value="adding" />
      </TextRun>
    </Content>
    <Entry name="group" sort="group">
      <Content xmlns="urn:WebWorks-Document-Schema">
        <TextRun>
          <Text value="group" />
        </TextRun>
      </Content>
      <Link href="C:\Documents and Settings\hadfielj\My Documents\ePublisher Pro Projects\caArray Online Help\Output\WebWorks Help 5.0\caArray Online Help\User Account Mgt.9.10.html" anchor="1139981" fileposition="110" first="false" />
    </Entry>
  </Entry>
  <Entry name="group" sort="group" sectionposition="2">
    <Content xmlns="urn:WebWorks-Document-Schema">
      <TextRun>
        <Text value="group" />
      </TextRun>
    </Content>
    <Entry name="viewing details page" sort="viewing details page">
      <Content xmlns="urn:WebWorks-Document-Schema">
        <TextRun>
          <Text value="viewing details page" />
        </TextRun>
      </Content>
      <Link href="C:\Documents and Settings\hadfielj\My Documents\ePublisher Pro Projects\caArray Online Help\Output\WebWorks Help 5.0\caArray Online Help\User Account Mgt.9.11.html" anchor="1077437" fileposition="111" first="true" />
    </Entry>
  </Entry>
  <Entry name="viewing" sort="viewing" sectionposition="2">
    <Content xmlns="urn:WebWorks-Document-Schema">
      <TextRun>
        <Text value="viewing" />
      </TextRun>
    </Content>
    <Entry name="collaboration group details" sort="collaboration group details">
      <Content xmlns="urn:WebWorks-Document-Schema">
        <TextRun>
          <Text value="collaboration group details" />
        </TextRun>
      </Content>
      <Link href="C:\Documents and Settings\hadfielj\My Documents\ePublisher Pro Projects\caArray Online Help\Output\WebWorks Help 5.0\caArray Online Help\User Account Mgt.9.11.html" anchor="1077437" fileposition="111" first="true" />
    </Entry>
  </Entry>
  <Entry name="collaboration group" sort="collaboration group" sectionposition="2">
    <Content xmlns="urn:WebWorks-Document-Schema">
      <TextRun>
        <Text value="collaboration group" />
      </TextRun>
    </Content>
    <Entry name="viewing details" sort="viewing details">
      <Content xmlns="urn:WebWorks-Document-Schema">
        <TextRun>
          <Text value="viewing details" />
        </TextRun>
      </Content>
      <Link href="C:\Documents and Settings\hadfielj\My Documents\ePublisher Pro Projects\caArray Online Help\Output\WebWorks Help 5.0\caArray Online Help\User Account Mgt.9.11.html" anchor="1077437" fileposition="111" first="true" />
    </Entry>
  </Entry>
  <Entry name="collaboration group" sort="collaboration group" sectionposition="2">
    <Content xmlns="urn:WebWorks-Document-Schema">
      <TextRun>
        <Text value="collaboration group" />
      </TextRun>
    </Content>
    <Entry name="editing" sort="editing">
      <Content xmlns="urn:WebWorks-Document-Schema">
        <TextRun>
          <Text value="editing" />
        </TextRun>
      </Content>
      <Link href="C:\Documents and Settings\hadfielj\My Documents\ePublisher Pro Projects\caArray Online Help\Output\WebWorks Help 5.0\caArray Online Help\User Account Mgt.9.12.html" anchor="1087125" fileposition="112" first="true" />
    </Entry>
  </Entry>
  <Entry name="editing" sort="editing" sectionposition="2">
    <Content xmlns="urn:WebWorks-Document-Schema">
      <TextRun>
        <Text value="editing" />
      </TextRun>
    </Content>
    <Entry name="collaboration group" sort="collaboration group">
      <Content xmlns="urn:WebWorks-Document-Schema">
        <TextRun>
          <Text value="collaboration group" />
        </TextRun>
      </Content>
      <Link href="C:\Documents and Settings\hadfielj\My Documents\ePublisher Pro Projects\caArray Online Help\Output\WebWorks Help 5.0\caArray Online Help\User Account Mgt.9.12.html" anchor="1087125" fileposition="112" first="true" />
    </Entry>
  </Entry>
  <Entry name="user groups" sort="user groups" sectionposition="2">
    <Content xmlns="urn:WebWorks-Document-Schema">
      <TextRun>
        <Text value="user groups" />
      </TextRun>
    </Content>
    <Entry name="editing" sort="editing">
      <Content xmlns="urn:WebWorks-Document-Schema">
        <TextRun>
          <Text value="editing" />
        </TextRun>
      </Content>
      <Link href="C:\Documents and Settings\hadfielj\My Documents\ePublisher Pro Projects\caArray Online Help\Output\WebWorks Help 5.0\caArray Online Help\User Account Mgt.9.12.html" anchor="1087125" fileposition="112" first="true" />
    </Entry>
  </Entry>
</Index>