<?xml version="1.0" encoding="utf-8"?>
<TableOfContents version="1.0" xmlns="urn:WebWorks-Engine-TOC-Schema">
 <Entry id="1052621" documentID="C294182610F6F7F" level="1" documentposition="1">
 </Entry>
 <Entry id="1052621" documentID="4AA6336BE58DD67C" level="1" documentposition="3">
  <Entry id="1064573" documentID="4AA6336BE58DD67C" level="2" documentposition="8">
  </Entry>
  <Entry id="1086789" documentID="4AA6336BE58DD67C" level="2" documentposition="19">
  </Entry>
 </Entry>
 <Entry id="1052621" documentID="D37AF179B5B7E95" level="1" documentposition="3">
  <Entry id="1070162" documentID="D37AF179B5B7E95" level="2" documentposition="10">
   <Entry id="1124686" documentID="D37AF179B5B7E95" level="3" documentposition="19">
    <Entry id="1153818" documentID="D37AF179B5B7E95" level="4" documentposition="22">
    </Entry>
    <Entry id="1139937" documentID="D37AF179B5B7E95" level="4" documentposition="33">
    </Entry>
   </Entry>
   <Entry id="1151148" documentID="D37AF179B5B7E95" level="3" documentposition="40">
   </Entry>
  </Entry>
  <Entry id="1125266" documentID="D37AF179B5B7E95" level="2" documentposition="47">
  </Entry>
  <Entry id="1082564" documentID="D37AF179B5B7E95" level="2" documentposition="81">
  </Entry>
  <Entry id="1124246" documentID="D37AF179B5B7E95" level="2" documentposition="96">
   <Entry id="1134559" documentID="D37AF179B5B7E95" level="3" documentposition="102">
   </Entry>
   <Entry id="1132646" documentID="D37AF179B5B7E95" level="3" documentposition="105">
   </Entry>
   <Entry id="1140686" documentID="D37AF179B5B7E95" level="3" documentposition="129">
   </Entry>
   <Entry id="1134471" documentID="D37AF179B5B7E95" level="3" documentposition="136">
   </Entry>
  </Entry>
 </Entry>
 <Entry id="1052621" documentID="3BB3E16243C34D4" level="1" documentposition="3">
  <Entry id="1176489" documentID="3BB3E16243C34D4" level="2" documentposition="8">
  </Entry>
  <Entry id="1133644" documentID="3BB3E16243C34D4" level="2" documentposition="26">
   <Entry id="1138789" documentID="3BB3E16243C34D4" level="3" documentposition="38">
   </Entry>
   <Entry id="1132520" documentID="3BB3E16243C34D4" level="3" documentposition="52">
   </Entry>
  </Entry>
 </Entry>
 <Entry id="1052621" documentID="4EFF30C9DC2C3E7F" level="1" documentposition="3">
  <Entry id="1143839" documentID="4EFF30C9DC2C3E7F" level="2" documentposition="10">
  </Entry>
  <Entry id="1132394" documentID="4EFF30C9DC2C3E7F" level="2" documentposition="23">
   <Entry id="1348560" documentID="4EFF30C9DC2C3E7F" level="3" documentposition="30">
   </Entry>
   <Entry id="1180612" documentID="4EFF30C9DC2C3E7F" level="3" documentposition="37">
   </Entry>
   <Entry id="1138656" documentID="4EFF30C9DC2C3E7F" level="3" documentposition="46">
   </Entry>
   <Entry id="1138988" documentID="4EFF30C9DC2C3E7F" level="3" documentposition="57">
    <Entry id="1201717" documentID="4EFF30C9DC2C3E7F" level="4" documentposition="67">
    </Entry>
    <Entry id="1139575" documentID="4EFF30C9DC2C3E7F" level="4" documentposition="74">
    </Entry>
    <Entry id="1140893" documentID="4EFF30C9DC2C3E7F" level="4" documentposition="85">
    </Entry>
    <Entry id="1157154" documentID="4EFF30C9DC2C3E7F" level="4" documentposition="100">
    </Entry>
    <Entry id="1168814" documentID="4EFF30C9DC2C3E7F" level="4" documentposition="117">
    </Entry>
    <Entry id="1141491" documentID="4EFF30C9DC2C3E7F" level="4" documentposition="133">
    </Entry>
    <Entry id="1151841" documentID="4EFF30C9DC2C3E7F" level="4" documentposition="148">
    </Entry>
    <Entry id="1313009" documentID="4EFF30C9DC2C3E7F" level="4" documentposition="164">
    </Entry>
    <Entry id="1270011" documentID="4EFF30C9DC2C3E7F" level="4" documentposition="180">
    </Entry>
    <Entry id="1310234" documentID="4EFF30C9DC2C3E7F" level="4" documentposition="192">
     <Entry id="1270108" documentID="4EFF30C9DC2C3E7F" level="5" documentposition="199">
     </Entry>
     <Entry id="1260987" documentID="4EFF30C9DC2C3E7F" level="5" documentposition="212">
     </Entry>
     <Entry id="1316382" documentID="4EFF30C9DC2C3E7F" level="5" documentposition="219">
     </Entry>
     <Entry id="1261006" documentID="4EFF30C9DC2C3E7F" level="5" documentposition="226">
     </Entry>
     <Entry id="1208140" documentID="4EFF30C9DC2C3E7F" level="5" documentposition="242">
     </Entry>
    </Entry>
   </Entry>
   <Entry id="1141807" documentID="4EFF30C9DC2C3E7F" level="3" documentposition="257">
   </Entry>
   <Entry id="1152285" documentID="4EFF30C9DC2C3E7F" level="3" documentposition="264">
   </Entry>
   <Entry id="1191323" documentID="4EFF30C9DC2C3E7F" level="3" documentposition="274">
   </Entry>
  </Entry>
  <Entry id="1167599" documentID="4EFF30C9DC2C3E7F" level="2" documentposition="289">
   <Entry id="1158637" documentID="4EFF30C9DC2C3E7F" level="3" documentposition="294">
   </Entry>
   <Entry id="1237445" documentID="4EFF30C9DC2C3E7F" level="3" documentposition="302">
   </Entry>
  </Entry>
  <Entry id="1168494" documentID="4EFF30C9DC2C3E7F" level="2" documentposition="306">
   <Entry id="1286112" documentID="4EFF30C9DC2C3E7F" level="3" documentposition="311">
    <Entry id="1310919" documentID="4EFF30C9DC2C3E7F" level="4" documentposition="349">
    </Entry>
   </Entry>
   <Entry id="1188613" documentID="4EFF30C9DC2C3E7F" level="3" documentposition="366">
   </Entry>
  </Entry>
 </Entry>
 <Entry id="1052621" documentID="CDF2239241EAA9CE" level="1" documentposition="3">
  <Entry id="1091444" documentID="CDF2239241EAA9CE" level="2" documentposition="9">
   <Entry id="1091470" documentID="CDF2239241EAA9CE" level="3" documentposition="15">
    <Entry id="1154890" documentID="CDF2239241EAA9CE" level="4" documentposition="23">
    </Entry>
    <Entry id="1091564" documentID="CDF2239241EAA9CE" level="4" documentposition="33">
    </Entry>
    <Entry id="1091635" documentID="CDF2239241EAA9CE" level="4" documentposition="52">
    </Entry>
    <Entry id="1146324" documentID="CDF2239241EAA9CE" level="4" documentposition="65">
    </Entry>
   </Entry>
   <Entry id="1091663" documentID="CDF2239241EAA9CE" level="3" documentposition="72">
    <Entry id="1091688" documentID="CDF2239241EAA9CE" level="4" documentposition="80">
    </Entry>
    <Entry id="1091760" documentID="CDF2239241EAA9CE" level="4" documentposition="94">
    </Entry>
    <Entry id="1091826" documentID="CDF2239241EAA9CE" level="4" documentposition="106">
    </Entry>
    <Entry id="1091900" documentID="CDF2239241EAA9CE" level="4" documentposition="119">
    </Entry>
    <Entry id="1091938" documentID="CDF2239241EAA9CE" level="4" documentposition="133">
    </Entry>
   </Entry>
   <Entry id="1091973" documentID="CDF2239241EAA9CE" level="3" documentposition="146">
    <Entry id="1099723" documentID="CDF2239241EAA9CE" level="4" documentposition="157">
    </Entry>
    <Entry id="1100484" documentID="CDF2239241EAA9CE" level="4" documentposition="168">
    </Entry>
    <Entry id="1099881" documentID="CDF2239241EAA9CE" level="4" documentposition="182">
    </Entry>
   </Entry>
  </Entry>
 </Entry>
 <Entry id="1223007" documentID="3B2F877BF25B5A61" level="1" documentposition="3">
  <Entry id="1223043" documentID="3B2F877BF25B5A61" level="2" documentposition="13">
   <Entry id="1227147" documentID="3B2F877BF25B5A61" level="3" documentposition="22">
   </Entry>
   <Entry id="1226920" documentID="3B2F877BF25B5A61" level="3" documentposition="27">
   </Entry>
   <Entry id="1223127" documentID="3B2F877BF25B5A61" level="3" documentposition="38">
    <Entry id="1223158" documentID="3B2F877BF25B5A61" level="4" documentposition="47">
    </Entry>
    <Entry id="1223212" documentID="3B2F877BF25B5A61" level="4" documentposition="71">
    </Entry>
   </Entry>
   <Entry id="1223242" documentID="3B2F877BF25B5A61" level="3" documentposition="81">
    <Entry id="1223284" documentID="3B2F877BF25B5A61" level="4" documentposition="96">
    </Entry>
    <Entry id="1223323" documentID="3B2F877BF25B5A61" level="4" documentposition="113">
    </Entry>
   </Entry>
   <Entry id="1223355" documentID="3B2F877BF25B5A61" level="3" documentposition="127">
    <Entry id="1223472" documentID="3B2F877BF25B5A61" level="4" documentposition="138">
    </Entry>
   </Entry>
   <Entry id="1223533" documentID="3B2F877BF25B5A61" level="3" documentposition="164">
    <Entry id="1223559" documentID="3B2F877BF25B5A61" level="4" documentposition="171">
    </Entry>
   </Entry>
   <Entry id="1238432" documentID="3B2F877BF25B5A61" level="3" documentposition="191">
    <Entry id="1223593" documentID="3B2F877BF25B5A61" level="4" documentposition="199">
    </Entry>
   </Entry>
   <Entry id="1230606" documentID="3B2F877BF25B5A61" level="3" documentposition="203">
   </Entry>
  </Entry>
  <Entry id="1223669" documentID="3B2F877BF25B5A61" level="2" documentposition="221">
  </Entry>
 </Entry>
 <Entry id="1052621" documentID="C6EB294A29FCB68" level="1" documentposition="3">
  <Entry id="1134560" documentID="C6EB294A29FCB68" level="2" documentposition="8">
  </Entry>
  <Entry id="1134571" documentID="C6EB294A29FCB68" level="2" documentposition="34">
  </Entry>
  <Entry id="1132707" documentID="C6EB294A29FCB68" level="2" documentposition="39">
  </Entry>
 </Entry>
 <Entry id="1071413" documentID="1B1F22F9F95A77F8" level="1" documentposition="3">
  <Entry id="1139283" documentID="1B1F22F9F95A77F8" level="2" documentposition="10">
  </Entry>
  <Entry id="1171173" documentID="1B1F22F9F95A77F8" level="2" documentposition="13">
  </Entry>
  <Entry id="1172323" documentID="1B1F22F9F95A77F8" level="2" documentposition="16">
  </Entry>
  <Entry id="1134347" documentID="1B1F22F9F95A77F8" level="2" documentposition="18">
   <Entry id="1139979" documentID="1B1F22F9F95A77F8" level="3" documentposition="23">
   </Entry>
   <Entry id="1077437" documentID="1B1F22F9F95A77F8" level="3" documentposition="42">
   </Entry>
   <Entry id="1087125" documentID="1B1F22F9F95A77F8" level="3" documentposition="46">
   </Entry>
  </Entry>
 </Entry>
 <Entry id="1056643" documentID="62DE6EEAACE72E24" level="1" documentposition="3">
 </Entry>
 <Entry id="1096659" documentID="19D1B76F98A96F3" level="1" documentposition="3">
  <Entry id="1097275" documentID="19D1B76F98A96F3" level="2" documentposition="12">
   <Entry id="1096680" documentID="19D1B76F98A96F3" level="3" documentposition="19">
   </Entry>
   <Entry id="1097086" documentID="19D1B76F98A96F3" level="3" documentposition="29">
   </Entry>
   <Entry id="1096693" documentID="19D1B76F98A96F3" level="3" documentposition="37">
   </Entry>
   <Entry id="1096701" documentID="19D1B76F98A96F3" level="3" documentposition="45">
   </Entry>
   <Entry id="1131946" documentID="19D1B76F98A96F3" level="3" documentposition="50">
   </Entry>
  </Entry>
  <Entry id="1109046" documentID="19D1B76F98A96F3" level="2" documentposition="52">
   <Entry id="1113168" documentID="19D1B76F98A96F3" level="3" documentposition="62">
   </Entry>
   <Entry id="1096823" documentID="19D1B76F98A96F3" level="3" documentposition="71">
   </Entry>
   <Entry id="1096826" documentID="19D1B76F98A96F3" level="3" documentposition="80">
   </Entry>
   <Entry id="1110735" documentID="19D1B76F98A96F3" level="3" documentposition="90">
   </Entry>
   <Entry id="1111874" documentID="19D1B76F98A96F3" level="3" documentposition="100">
   </Entry>
   <Entry id="1111608" documentID="19D1B76F98A96F3" level="3" documentposition="110">
   </Entry>
   <Entry id="1117394" documentID="19D1B76F98A96F3" level="3" documentposition="119">
   </Entry>
   <Entry id="1096851" documentID="19D1B76F98A96F3" level="3" documentposition="129">
   </Entry>
  </Entry>
  <Entry id="1117276" documentID="19D1B76F98A96F3" level="2" documentposition="138">
  </Entry>
  <Entry id="1097403" documentID="19D1B76F98A96F3" level="2" documentposition="156">
   <Entry id="1109490" documentID="19D1B76F98A96F3" level="3" documentposition="162">
   </Entry>
   <Entry id="1144512" documentID="19D1B76F98A96F3" level="3" documentposition="213">
   </Entry>
   <Entry id="1095919" documentID="19D1B76F98A96F3" level="3" documentposition="243">
   </Entry>
   <Entry id="1095949" documentID="19D1B76F98A96F3" level="3" documentposition="276">
   </Entry>
  </Entry>
  <Entry id="1111853" documentID="19D1B76F98A96F3" level="2" documentposition="333">
  </Entry>
 </Entry>
 <Entry id="1069426" documentID="D1F45A3D8E4C85D" level="1" documentposition="1">
 </Entry>
</TableOfContents>