<?xml version="1.0" encoding="utf-8"?>
<Splits version="1.0" xmlns="urn:WebWorks-Engine-Splits-Schema">
  <Split id="1052621" documentposition="3" />
  <Split id="1070162" documentposition="10" />
  <Split id="1124686" documentposition="19" />
  <Split id="1139913" documentposition="21" />
  <Split id="1139937" documentposition="31" />
  <Split id="1140027" documentposition="35" />
  <Split id="1125266" documentposition="44" />
  <Split id="1082564" documentposition="75" />
  <Split id="1124246" documentposition="88" />
  <Split id="1134559" documentposition="94" />
  <Split id="1132646" documentposition="98" />
  <Split id="1140686" documentposition="123" />
  <Split id="1134471" documentposition="130" />
</Splits>