<?xml version="1.0" encoding="utf-8"?>
<Behaviors version="1.0" xmlns="urn:WebWorks-Behaviors-Schema">
  <Split id="1052621" documentposition="3">
    <Paragraph id="1052621" documentposition="3" splitpriority="1" dropdown="continue" popup="none" popup-page-rule="" />
    <Paragraph id="1064587" documentposition="4" splitpriority="none" dropdown="continue" popup="none" popup-page-rule="" />
    <Paragraph id="1064588" documentposition="5" splitpriority="none" dropdown="continue" popup="none" popup-page-rule="" />
    <Paragraph id="1064592" documentposition="6" splitpriority="none" dropdown="continue" popup="none" popup-page-rule="" />
    <Paragraph id="1064596" documentposition="7" splitpriority="none" popup="none" popup-page-rule="" dropdown="end" />
  </Split>
  <Split id="1064573" documentposition="8">
    <Paragraph id="1064573" documentposition="8" splitpriority="2" dropdown="continue" popup="none" popup-page-rule="" />
    <Paragraph id="1088830" documentposition="9" splitpriority="none" dropdown="continue" popup="none" popup-page-rule="" />
    <Paragraph id="1086778" documentposition="10" splitpriority="none" dropdown="continue" popup="none" popup-page-rule="" />
    <Paragraph id="1086942" documentposition="11" splitpriority="none" dropdown="continue" popup="none" popup-page-rule="" />
    <Paragraph id="1088858" documentposition="12" splitpriority="none" dropdown="continue" popup="none" popup-page-rule="" />
    <Paragraph id="1087927" documentposition="13" splitpriority="none" dropdown="continue" popup="none" popup-page-rule="" />
    <Paragraph id="1088915" documentposition="14" splitpriority="none" dropdown="continue" popup="none" popup-page-rule="" />
    <Paragraph id="1088916" documentposition="15" splitpriority="none" dropdown="continue" popup="none" popup-page-rule="" />
    <Paragraph id="1088896" documentposition="16" splitpriority="none" dropdown="continue" popup="none" popup-page-rule="" />
    <Paragraph id="1089099" documentposition="17" splitpriority="none" popup="none" popup-page-rule="" dropdown="end" />
  </Split>
  <Split id="1086789" documentposition="18">
    <Paragraph id="1086789" documentposition="18" splitpriority="2" dropdown="continue" popup="none" popup-page-rule="" />
    <Paragraph id="1086800" documentposition="19" splitpriority="none" dropdown="continue" popup="none" popup-page-rule="" />
    <Paragraph id="1089029" documentposition="20" splitpriority="none" dropdown="continue" popup="none" popup-page-rule="" />
    <Paragraph id="1087036" documentposition="21" splitpriority="none" dropdown="continue" popup="none" popup-page-rule="" />
    <Paragraph id="1089086" documentposition="22" splitpriority="none" dropdown="continue" popup="none" popup-page-rule="" />
    <Paragraph id="1089090" documentposition="23" splitpriority="none" dropdown="continue" popup="none" popup-page-rule="" />
    <Paragraph id="1077968" documentposition="24" splitpriority="none" relatedtopic="define-no-output" popup="none" popup-page-rule="" dropdown="end" />
  </Split>
</Behaviors>