<?xml version="1.0" encoding="UTF-8" ?>
<!DOCTYPE log4j:configuration SYSTEM "log4j.dtd">

<log4j:configuration>
        
    <appender name="console" class="org.apache.log4j.ConsoleAppender">
        <layout class="org.apache.log4j.PatternLayout">
            <param name="ConversionPattern" value="%d{dd MMM yyyy HH:mm:ss.SSS} [%p] [%t] [%c] - %m%n"/>
        </layout>
    </appender>

    <appender name="file" class="org.apache.log4j.RollingFileAppender">
        <param name="File" value="castor-log.txt"/>
        <param name="MaxFileSize" value="2MB"/>
        <param name="MaxBackupIndex" value="2"/>
        <layout class="org.apache.log4j.PatternLayout">
            <param name="ConversionPattern" value="%d{dd MMM yyyy HH:mm:ss.SSS} [%p] [%t] [%c] - %m%n"/>
        </layout>
    </appender>
    
    <category name="org.exolab.castor.jdo">
      <priority value="warn" />
    </category>

    <category name="org.exolab.castor.persist">
      <priority value="warn" />
    </category>
    
    <root>
        <priority value="debug" />
        <appender-ref ref="console"/>
        <appender-ref ref="file"/>
    </root>

</log4j:configuration>
