<?xml version="1.0" encoding="utf-8"?>
<Splits version="1.0" xmlns="urn:WebWorks-Engine-Splits-Schema">
  <Split groupID="6915B13AF0B7B3" documentID="A132E74F2ECC6363" id="1132408" position="1" documentstartposition="3" documentendposition="39" title="Submitting Data to an Experiment ">
    <Group name="caArray Online Help" id="6915B13AF0B7B3" position="1" />
    <Document path="C:\Documents and Settings\hadfielj\My Documents\CBIIT Projects\caArray\caArray documentation\caArray 2.0\caArray 2.0 users guide and online help FM\Submitting an Experiment.fm" id="A132E74F2ECC6363" position="5" />
    <PageStyle value="" />
    <Frames />
    <Popups />
  </Split>
  <Split groupID="6915B13AF0B7B3" documentID="A132E74F2ECC6363" id="1133902" position="2" documentstartposition="40" documentendposition="57" title="Validating Data Files">
    <Group name="caArray Online Help" id="6915B13AF0B7B3" position="1" />
    <Document path="C:\Documents and Settings\hadfielj\My Documents\CBIIT Projects\caArray\caArray documentation\caArray 2.0\caArray 2.0 users guide and online help FM\Submitting an Experiment.fm" id="A132E74F2ECC6363" position="5" />
    <PageStyle value="" />
    <Frames />
    <Popups />
  </Split>
  <Split groupID="6915B13AF0B7B3" documentID="A132E74F2ECC6363" id="1134298" position="3" documentstartposition="58" documentendposition="64" title="Uploading Annotation and Array Content into a caArray project">
    <Group name="caArray Online Help" id="6915B13AF0B7B3" position="1" />
    <Document path="C:\Documents and Settings\hadfielj\My Documents\CBIIT Projects\caArray\caArray documentation\caArray 2.0\caArray 2.0 users guide and online help FM\Submitting an Experiment.fm" id="A132E74F2ECC6363" position="5" />
    <PageStyle value="" />
    <Frames />
    <Popups />
  </Split>
  <Split groupID="6915B13AF0B7B3" documentID="A132E74F2ECC6363" id="1134332" position="4" documentstartposition="65" documentendposition="80" title="Workflow">
    <Group name="caArray Online Help" id="6915B13AF0B7B3" position="1" />
    <Document path="C:\Documents and Settings\hadfielj\My Documents\CBIIT Projects\caArray\caArray documentation\caArray 2.0\caArray 2.0 users guide and online help FM\Submitting an Experiment.fm" id="A132E74F2ECC6363" position="5" />
    <PageStyle value="" />
    <Frames />
    <Popups />
  </Split>
  <Split groupID="6915B13AF0B7B3" documentID="A132E74F2ECC6363" id="1134731" position="5" documentstartposition="81" documentendposition="83" title="Deleting a file">
    <Group name="caArray Online Help" id="6915B13AF0B7B3" position="1" />
    <Document path="C:\Documents and Settings\hadfielj\My Documents\CBIIT Projects\caArray\caArray documentation\caArray 2.0\caArray 2.0 users guide and online help FM\Submitting an Experiment.fm" id="A132E74F2ECC6363" position="5" />
    <PageStyle value="" />
    <Frames />
    <Popups />
  </Split>
  <Split groupID="6915B13AF0B7B3" documentID="A132E74F2ECC6363" id="1085604" position="6" documentstartposition="84" documentendposition="87" title="Paragraph Styles">
    <Group name="caArray Online Help" id="6915B13AF0B7B3" position="1" />
    <Document path="C:\Documents and Settings\hadfielj\My Documents\CBIIT Projects\caArray\caArray documentation\caArray 2.0\caArray 2.0 users guide and online help FM\Submitting an Experiment.fm" id="A132E74F2ECC6363" position="5" />
    <PageStyle value="" />
    <Frames />
    <Popups>
      <Popup groupID="6915B13AF0B7B3" documentID="A132E74F2ECC6363" id="1097034" stylename="Popup" />
    </Popups>
  </Split>
  <Split groupID="6915B13AF0B7B3" documentID="A132E74F2ECC6363" id="1125940" position="7" documentstartposition="88" documentendposition="90" title="Conditional Tags">
    <Group name="caArray Online Help" id="6915B13AF0B7B3" position="1" />
    <Document path="C:\Documents and Settings\hadfielj\My Documents\CBIIT Projects\caArray\caArray documentation\caArray 2.0\caArray 2.0 users guide and online help FM\Submitting an Experiment.fm" id="A132E74F2ECC6363" position="5" />
    <PageStyle value="" />
    <Frames />
    <Popups />
  </Split>
  <Split groupID="6915B13AF0B7B3" documentID="A132E74F2ECC6363" id="1097106" position="8" documentstartposition="91" documentendposition="93" title="Character Formats">
    <Group name="caArray Online Help" id="6915B13AF0B7B3" position="1" />
    <Document path="C:\Documents and Settings\hadfielj\My Documents\CBIIT Projects\caArray\caArray documentation\caArray 2.0\caArray 2.0 users guide and online help FM\Submitting an Experiment.fm" id="A132E74F2ECC6363" position="5" />
    <PageStyle value="" />
    <Frames />
    <Popups />
  </Split>
  <Split groupID="6915B13AF0B7B3" documentID="A132E74F2ECC6363" id="1097554" position="9" documentstartposition="94" documentendposition="96" title="Heading 1—First-level Heading ">
    <Group name="caArray Online Help" id="6915B13AF0B7B3" position="1" />
    <Document path="C:\Documents and Settings\hadfielj\My Documents\CBIIT Projects\caArray\caArray documentation\caArray 2.0\caArray 2.0 users guide and online help FM\Submitting an Experiment.fm" id="A132E74F2ECC6363" position="5" />
    <PageStyle value="" />
    <Frames />
    <Popups />
  </Split>
  <Split groupID="6915B13AF0B7B3" documentID="A132E74F2ECC6363" id="1051631" position="10" documentstartposition="97" documentendposition="100" title="Heading 2—Second-level Heading">
    <Group name="caArray Online Help" id="6915B13AF0B7B3" position="1" />
    <Document path="C:\Documents and Settings\hadfielj\My Documents\CBIIT Projects\caArray\caArray documentation\caArray 2.0\caArray 2.0 users guide and online help FM\Submitting an Experiment.fm" id="A132E74F2ECC6363" position="5" />
    <PageStyle value="" />
    <Frames />
    <Popups />
  </Split>
  <Split groupID="6915B13AF0B7B3" documentID="A132E74F2ECC6363" id="1050614" position="11" documentstartposition="101" documentendposition="105" title="Heading 3—Third-level heading (replaces Heading 4 in Word)">
    <Group name="caArray Online Help" id="6915B13AF0B7B3" position="1" />
    <Document path="C:\Documents and Settings\hadfielj\My Documents\CBIIT Projects\caArray\caArray documentation\caArray 2.0\caArray 2.0 users guide and online help FM\Submitting an Experiment.fm" id="A132E74F2ECC6363" position="5" />
    <PageStyle value="" />
    <Frames />
    <Popups />
  </Split>
  <Split groupID="6915B13AF0B7B3" documentID="A132E74F2ECC6363" id="1050753" position="12" documentstartposition="106" documentendposition="147" title="Heading 4—Fourth-level heading (replaces Heading 5 in Word)">
    <Group name="caArray Online Help" id="6915B13AF0B7B3" position="1" />
    <Document path="C:\Documents and Settings\hadfielj\My Documents\CBIIT Projects\caArray\caArray documentation\caArray 2.0\caArray 2.0 users guide and online help FM\Submitting an Experiment.fm" id="A132E74F2ECC6363" position="5" />
    <PageStyle value="" />
    <Frames>
      <Frame position="1" title="">
        <Frame id="1048942" stylename="Default" xmlns="urn:WebWorks-Document-Schema">
          <Attribute name="display" value="block" />
          <Attribute name="float" value="none" />
          <Attribute name="text-align" value="left" />
          <Attribute name="left" value="0.0" />
          <Attribute name="top" value="0.0" />
          <Attribute name="width" value="419.976" />
          <Attribute name="height" value="145.512" />
          <Facets>
            <Facet type="document">
              <Attribute name="adapter" value="Adobe FrameMaker" />
              <Attribute name="path" value="C:\Documents and Settings\hadfielj\My Documents\ePublisher Pro Projects\caArray Online Help\Data\61DD7DDB65736B3\6915B13AF0B7B3\A132E74F2ECC6363\Submitting an Experiment.fmwif" />
              <Attribute name="id" value="1048942" />
            </Facet>
          </Facets>
          <Content>
            <Frame id="1048946">
              <Facets>
                <Facet type="drawing" />
              </Facets>
            </Frame>
            <Frame id="1048947">
              <Facets>
                <Facet type="drawing" />
              </Facets>
            </Frame>
            <Frame id="1048948">
              <Facets>
                <Facet type="drawing" />
              </Facets>
            </Frame>
            <Frame id="1048949">
              <Facets>
                <Facet type="drawing" />
              </Facets>
            </Frame>
            <Frame id="1051227">
              <Attribute name="left" value="332.68608" />
              <Attribute name="top" value="28.55016" />
              <Attribute name="width" value="78.00048" />
              <Attribute name="height" value="18" />
              <Content>
                <Paragraph id="1051226" stylename="Callout">
                  <Style>
                    <Attribute name="text-align" value="Left" />
                    <Attribute name="text-indent" value="0pt" />
                    <Attribute name="margin-left" value="0pt" />
                    <Attribute name="margin-right" value="0pt" />
                    <Attribute name="margin-top" value="0.0pt" />
                    <Attribute name="margin-bottom" value="0.0pt" />
                    <Attribute name="line-spacing" value="0pt" />
                    <Attribute name="color" value="#000000" />
                    <Attribute name="font-family" value="Arial" />
                    <Attribute name="font-size" value="9.0pt" />
                    <Attribute name="font-weight" value="normal" />
                    <Attribute name="font-style" value="normal" />
                    <Attribute name="font-variant" value="normal" />
                    <Attribute name="text-transform" value="none" />
                    <Attribute name="text-decoration-underline" value="none" />
                    <Attribute name="text-decoration-line-through" value="none" />
                    <Attribute name="vertical-align" value="baseline" />
                  </Style>
                  <TextRun id="tr1051226-1">
                    <Style>
                      <Attribute name="vertical-align" value="baseline" />
                      <Attribute name="text-decoration-line-through" value="none" />
                      <Attribute name="font-family" value="Arial" />
                      <Attribute name="color" value="#000000" />
                      <Attribute name="font-style" value="normal" />
                      <Attribute name="font-variant" value="normal" />
                      <Attribute name="text-transform" value="none" />
                      <Attribute name="text-decoration-underline" value="none" />
                      <Attribute name="font-weight" value="normal" />
                      <Attribute name="font-size" value="9.0pt" />
                    </Style>
                    <Text value="Callout tag within a " />
                  </TextRun>
                  <TextRun id="tr1051226-2">
                    <Style>
                      <Attribute name="vertical-align" value="baseline" />
                      <Attribute name="text-decoration-line-through" value="none" />
                      <Attribute name="font-family" value="Arial" />
                      <Attribute name="color" value="#000000" />
                      <Attribute name="font-style" value="normal" />
                      <Attribute name="font-variant" value="normal" />
                      <Attribute name="text-transform" value="none" />
                      <Attribute name="text-decoration-underline" value="none" />
                      <Attribute name="font-weight" value="normal" />
                      <Attribute name="font-size" value="9.0pt" />
                    </Style>
                    <Text value="text frame" />
                  </TextRun>
                </Paragraph>
              </Content>
            </Frame>
            <Frame id="1051240">
              <Facets>
                <Facet type="drawing" />
              </Facets>
            </Frame>
          </Content>
        </Frame>
      </Frame>
    </Frames>
    <Popups />
  </Split>
  <Split groupID="6915B13AF0B7B3" documentID="A132E74F2ECC6363" id="1056152" position="13" documentstartposition="148" documentendposition="168" title="Table Formats">
    <Group name="caArray Online Help" id="6915B13AF0B7B3" position="1" />
    <Document path="C:\Documents and Settings\hadfielj\My Documents\CBIIT Projects\caArray\caArray documentation\caArray 2.0\caArray 2.0 users guide and online help FM\Submitting an Experiment.fm" id="A132E74F2ECC6363" position="5" />
    <PageStyle value="" />
    <Frames />
    <Popups />
  </Split>
  <Split groupID="6915B13AF0B7B3" documentID="A132E74F2ECC6363" id="1056336" position="14" documentstartposition="169" documentendposition="226" title="Cross-Reference Formats">
    <Group name="caArray Online Help" id="6915B13AF0B7B3" position="1" />
    <Document path="C:\Documents and Settings\hadfielj\My Documents\CBIIT Projects\caArray\caArray documentation\caArray 2.0\caArray 2.0 users guide and online help FM\Submitting an Experiment.fm" id="A132E74F2ECC6363" position="5" />
    <PageStyle value="" />
    <Frames />
    <Popups />
  </Split>
</Splits>