<?xml version="1.0" encoding="utf-8"?>
<SplitPriorities version="1.0" xmlns="urn:WebWorks-Engine-Splits-Schema">
  <SplitPriority id="1132408" documentposition="3" splitpriority="1" outputposition="1" />
  <SplitPriority id="1132409" documentposition="4" splitpriority="2" outputposition="2" />
  <SplitPriority id="1133902" documentposition="40" splitpriority="2" outputposition="38" />
  <SplitPriority id="1134298" documentposition="58" splitpriority="2" outputposition="56" />
  <SplitPriority id="1134332" documentposition="65" splitpriority="3" outputposition="63" />
  <SplitPriority id="1134731" documentposition="81" splitpriority="4" outputposition="79" />
  <SplitPriority id="1085604" documentposition="84" splitpriority="2" outputposition="82" />
  <SplitPriority id="1125940" documentposition="88" splitpriority="2" outputposition="86" />
  <SplitPriority id="1097106" documentposition="91" splitpriority="2" outputposition="89" />
  <SplitPriority id="1097554" documentposition="94" splitpriority="2" outputposition="92" />
  <SplitPriority id="1051631" documentposition="97" splitpriority="3" outputposition="95" />
  <SplitPriority id="1050614" documentposition="101" splitpriority="4" outputposition="99" />
  <SplitPriority id="1050753" documentposition="106" splitpriority="5" outputposition="104" />
  <SplitPriority id="1056152" documentposition="148" splitpriority="2" outputposition="144" />
  <SplitPriority id="1056336" documentposition="169" splitpriority="2" outputposition="163" />
</SplitPriorities>