<?xml version="1.0" encoding="utf-8"?>
<Index version="1.0" xmlns="urn:WebWorks-Index-Schema">
  <Entry name="biomaterials" sort="biomaterials" sectionposition="2">
    <Content xmlns="urn:WebWorks-Document-Schema">
      <TextRun>
        <Text value="biomaterials" />
      </TextRun>
    </Content>
    <Entry name="annotations" sort="annotations">
      <Content xmlns="urn:WebWorks-Document-Schema">
        <TextRun>
          <Text value="annotations" />
        </TextRun>
      </Content>
      <Link href="C:\Documents and Settings\hadfielj\My Documents\ePublisher Pro Projects\caArray Online Help\Output\WebWorks Help 5.0\caArray Online Help\appdix MAGE-TAB.10.3.html" anchor="1096681" fileposition="112" first="false" />
    </Entry>
  </Entry>
  <Entry name="annotations" sort="annotations" sectionposition="2">
    <Content xmlns="urn:WebWorks-Document-Schema">
      <TextRun>
        <Text value="annotations" />
      </TextRun>
    </Content>
    <Entry name="biomaterials" sort="biomaterials">
      <Content xmlns="urn:WebWorks-Document-Schema">
        <TextRun>
          <Text value="biomaterials" />
        </TextRun>
      </Content>
      <Link href="C:\Documents and Settings\hadfielj\My Documents\ePublisher Pro Projects\caArray Online Help\Output\WebWorks Help 5.0\caArray Online Help\appdix MAGE-TAB.10.3.html" anchor="1096681" fileposition="112" first="false" />
    </Entry>
  </Entry>
  <Entry name="importing" sort="importing" sectionposition="2">
    <Content xmlns="urn:WebWorks-Document-Schema">
      <TextRun>
        <Text value="importing" />
      </TextRun>
    </Content>
    <Entry name="MAGE-TAB SDRF" sort="MAGE-TAB SDRF">
      <Content xmlns="urn:WebWorks-Document-Schema">
        <TextRun>
          <Text value="MAGE-TAB SDRF" />
        </TextRun>
      </Content>
      <Link href="C:\Documents and Settings\hadfielj\My Documents\ePublisher Pro Projects\caArray Online Help\Output\WebWorks Help 5.0\caArray Online Help\appdix MAGE-TAB.10.4.html" anchor="1097088" fileposition="113" first="false" />
    </Entry>
  </Entry>
  <Entry name="biomaterials" sort="biomaterials" sectionposition="2">
    <Content xmlns="urn:WebWorks-Document-Schema">
      <TextRun>
        <Text value="biomaterials" />
      </TextRun>
    </Content>
    <Entry name="autogeneration when MAGE-TAB data imported" sort="autogeneration when MAGE-TAB data imported">
      <Content xmlns="urn:WebWorks-Document-Schema">
        <TextRun>
          <Text value="autogeneration when MAGE-TAB data imported" />
        </TextRun>
      </Content>
      <Link href="C:\Documents and Settings\hadfielj\My Documents\ePublisher Pro Projects\caArray Online Help\Output\WebWorks Help 5.0\caArray Online Help\appdix MAGE-TAB.10.4.html" anchor="1097088" fileposition="113" first="false" />
    </Entry>
  </Entry>
  <Entry name="SDRF" sort="SDRF" sectionposition="2">
    <Content xmlns="urn:WebWorks-Document-Schema">
      <TextRun>
        <Text value="SDRF" />
      </TextRun>
    </Content>
    <Entry name="import" sort="import">
      <Content xmlns="urn:WebWorks-Document-Schema">
        <TextRun>
          <Text value="import" />
        </TextRun>
      </Content>
      <Link href="C:\Documents and Settings\hadfielj\My Documents\ePublisher Pro Projects\caArray Online Help\Output\WebWorks Help 5.0\caArray Online Help\appdix MAGE-TAB.10.4.html" anchor="1097088" fileposition="113" first="false" />
    </Entry>
  </Entry>
  <Entry name="biomaterials" sort="biomaterials" sectionposition="2">
    <Content xmlns="urn:WebWorks-Document-Schema">
      <TextRun>
        <Text value="biomaterials" />
      </TextRun>
    </Content>
    <Entry name="missing in SDRF" sort="missing in SDRF">
      <Content xmlns="urn:WebWorks-Document-Schema">
        <TextRun>
          <Text value="missing in SDRF" />
        </TextRun>
      </Content>
      <Link href="C:\Documents and Settings\hadfielj\My Documents\ePublisher Pro Projects\caArray Online Help\Output\WebWorks Help 5.0\caArray Online Help\appdix MAGE-TAB.10.4.html" anchor="1097088" fileposition="113" first="false" />
    </Entry>
  </Entry>
  <Entry name="SDRF" sort="SDRF" sectionposition="2">
    <Content xmlns="urn:WebWorks-Document-Schema">
      <TextRun>
        <Text value="SDRF" />
      </TextRun>
    </Content>
    <Entry name="associating protocols in" sort="associating protocols in">
      <Content xmlns="urn:WebWorks-Document-Schema">
        <TextRun>
          <Text value="associating protocols in" />
        </TextRun>
      </Content>
      <Link href="C:\Documents and Settings\hadfielj\My Documents\ePublisher Pro Projects\caArray Online Help\Output\WebWorks Help 5.0\caArray Online Help\appdix MAGE-TAB.10.5.html" anchor="1096696" fileposition="114" first="false" />
    </Entry>
  </Entry>
  <Entry name="protocols" sort="protocols" sectionposition="2">
    <Content xmlns="urn:WebWorks-Document-Schema">
      <TextRun>
        <Text value="protocols" />
      </TextRun>
    </Content>
    <Entry name="in SDRF" sort="in SDRF">
      <Content xmlns="urn:WebWorks-Document-Schema">
        <TextRun>
          <Text value="in SDRF" />
        </TextRun>
      </Content>
      <Link href="C:\Documents and Settings\hadfielj\My Documents\ePublisher Pro Projects\caArray Online Help\Output\WebWorks Help 5.0\caArray Online Help\appdix MAGE-TAB.10.5.html" anchor="1096696" fileposition="114" first="false" />
    </Entry>
  </Entry>
  <Entry name="raw file vs derived file" sort="raw file vs derived file" sectionposition="2">
    <Content xmlns="urn:WebWorks-Document-Schema">
      <TextRun>
        <Text value="raw file vs derived file" />
      </TextRun>
    </Content>
    <Link href="C:\Documents and Settings\hadfielj\My Documents\ePublisher Pro Projects\caArray Online Help\Output\WebWorks Help 5.0\caArray Online Help\appdix MAGE-TAB.10.6.html" anchor="1109041" fileposition="115" first="false" />
  </Entry>
  <Entry name="derived file vs. raw file" sort="derived file vs. raw file" sectionposition="2">
    <Content xmlns="urn:WebWorks-Document-Schema">
      <TextRun>
        <Text value="derived file vs. raw file" />
      </TextRun>
    </Content>
    <Link href="C:\Documents and Settings\hadfielj\My Documents\ePublisher Pro Projects\caArray Online Help\Output\WebWorks Help 5.0\caArray Online Help\appdix MAGE-TAB.10.6.html" anchor="1109041" fileposition="115" first="false" />
  </Entry>
  <Entry name="image" sort="image" sectionposition="2">
    <Content xmlns="urn:WebWorks-Document-Schema">
      <TextRun>
        <Text value="image" />
      </TextRun>
    </Content>
    <Entry name="issues with importing" sort="issues with importing">
      <Content xmlns="urn:WebWorks-Document-Schema">
        <TextRun>
          <Text value="issues with importing" />
        </TextRun>
      </Content>
      <Link href="C:\Documents and Settings\hadfielj\My Documents\ePublisher Pro Projects\caArray Online Help\Output\WebWorks Help 5.0\caArray Online Help\appdix MAGE-TAB.10.7.html" anchor="1132037" fileposition="116" first="false" />
    </Entry>
  </Entry>
  <Entry name="editing" sort="editing" sectionposition="2">
    <Content xmlns="urn:WebWorks-Document-Schema">
      <TextRun>
        <Text value="editing" />
      </TextRun>
    </Content>
    <Entry name="MAGE-TAB documents" sort="MAGE-TAB documents">
      <Content xmlns="urn:WebWorks-Document-Schema">
        <TextRun>
          <Text value="MAGE-TAB documents" />
        </TextRun>
      </Content>
      <Link href="C:\Documents and Settings\hadfielj\My Documents\ePublisher Pro Projects\caArray Online Help\Output\WebWorks Help 5.0\caArray Online Help\appdix MAGE-TAB.10.9.html" anchor="1113168" fileposition="118" first="true" />
    </Entry>
  </Entry>
  <Entry name="MAGE-TAB" sort="MAGE-TAB" sectionposition="2">
    <Content xmlns="urn:WebWorks-Document-Schema">
      <TextRun>
        <Text value="MAGE-TAB" />
      </TextRun>
    </Content>
    <Entry name="editing tips" sort="editing tips">
      <Content xmlns="urn:WebWorks-Document-Schema">
        <TextRun>
          <Text value="editing tips" />
        </TextRun>
      </Content>
      <Link href="C:\Documents and Settings\hadfielj\My Documents\ePublisher Pro Projects\caArray Online Help\Output\WebWorks Help 5.0\caArray Online Help\appdix MAGE-TAB.10.9.html" anchor="1113168" fileposition="118" first="true" />
    </Entry>
  </Entry>
  <Entry name="SDRF" sort="SDRF" sectionposition="2">
    <Content xmlns="urn:WebWorks-Document-Schema">
      <TextRun>
        <Text value="SDRF" />
      </TextRun>
    </Content>
    <Entry name="uniquely identifying objects in" sort="uniquely identifying objects in">
      <Content xmlns="urn:WebWorks-Document-Schema">
        <TextRun>
          <Text value="uniquely identifying objects in" />
        </TextRun>
      </Content>
      <Link href="C:\Documents and Settings\hadfielj\My Documents\ePublisher Pro Projects\caArray Online Help\Output\WebWorks Help 5.0\caArray Online Help\appdix MAGE-TAB.10.10.html" anchor="1096824" fileposition="119" first="false" />
    </Entry>
  </Entry>
  <Entry name="IDF" sort="IDF" sectionposition="2">
    <Content xmlns="urn:WebWorks-Document-Schema">
      <TextRun>
        <Text value="IDF" />
      </TextRun>
    </Content>
    <Entry name="uniquely identifying objects in" sort="uniquely identifying objects in">
      <Content xmlns="urn:WebWorks-Document-Schema">
        <TextRun>
          <Text value="uniquely identifying objects in" />
        </TextRun>
      </Content>
      <Link href="C:\Documents and Settings\hadfielj\My Documents\ePublisher Pro Projects\caArray Online Help\Output\WebWorks Help 5.0\caArray Online Help\appdix MAGE-TAB.10.10.html" anchor="1096824" fileposition="119" first="false" />
    </Entry>
  </Entry>
  <Entry name="IDF" sort="IDF" sectionposition="2">
    <Content xmlns="urn:WebWorks-Document-Schema">
      <TextRun>
        <Text value="IDF" />
      </TextRun>
    </Content>
    <Entry name="representing multiple objects in" sort="representing multiple objects in">
      <Content xmlns="urn:WebWorks-Document-Schema">
        <TextRun>
          <Text value="representing multiple objects in" />
        </TextRun>
      </Content>
      <Link href="C:\Documents and Settings\hadfielj\My Documents\ePublisher Pro Projects\caArray Online Help\Output\WebWorks Help 5.0\caArray Online Help\appdix MAGE-TAB.10.11.html" anchor="1096827" fileposition="120" first="false" />
    </Entry>
  </Entry>
  <Entry name="IDF" sort="IDF" sectionposition="2">
    <Content xmlns="urn:WebWorks-Document-Schema">
      <TextRun>
        <Text value="IDF" />
      </TextRun>
    </Content>
    <Entry name="representing multiple values in" sort="representing multiple values in">
      <Content xmlns="urn:WebWorks-Document-Schema">
        <TextRun>
          <Text value="representing multiple values in" />
        </TextRun>
      </Content>
      <Link href="C:\Documents and Settings\hadfielj\My Documents\ePublisher Pro Projects\caArray Online Help\Output\WebWorks Help 5.0\caArray Online Help\appdix MAGE-TAB.10.11.html" anchor="1096827" fileposition="120" first="false" />
    </Entry>
  </Entry>
  <Entry name="IDF" sort="IDF" sectionposition="2">
    <Content xmlns="urn:WebWorks-Document-Schema">
      <TextRun>
        <Text value="IDF" />
      </TextRun>
    </Content>
    <Entry name="use of controlled vocabularies in" sort="use of controlled vocabularies in">
      <Content xmlns="urn:WebWorks-Document-Schema">
        <TextRun>
          <Text value="use of controlled vocabularies in" />
        </TextRun>
      </Content>
      <Link href="C:\Documents and Settings\hadfielj\My Documents\ePublisher Pro Projects\caArray Online Help\Output\WebWorks Help 5.0\caArray Online Help\appdix MAGE-TAB.10.12.html" anchor="1110740" fileposition="121" first="false" />
    </Entry>
  </Entry>
  <Entry name="controlled vocabularies, use in IDF" sort="controlled vocabularies, use in IDF" sectionposition="2">
    <Content xmlns="urn:WebWorks-Document-Schema">
      <TextRun>
        <Text value="controlled vocabularies, use in IDF" />
      </TextRun>
    </Content>
    <Link href="C:\Documents and Settings\hadfielj\My Documents\ePublisher Pro Projects\caArray Online Help\Output\WebWorks Help 5.0\caArray Online Help\appdix MAGE-TAB.10.12.html" anchor="1110740" fileposition="121" first="false" />
  </Entry>
  <Entry name="SDRF" sort="SDRF" sectionposition="2">
    <Content xmlns="urn:WebWorks-Document-Schema">
      <TextRun>
        <Text value="SDRF" />
      </TextRun>
    </Content>
    <Entry name="use of controlled vocabularies in" sort="use of controlled vocabularies in">
      <Content xmlns="urn:WebWorks-Document-Schema">
        <TextRun>
          <Text value="use of controlled vocabularies in" />
        </TextRun>
      </Content>
      <Link href="C:\Documents and Settings\hadfielj\My Documents\ePublisher Pro Projects\caArray Online Help\Output\WebWorks Help 5.0\caArray Online Help\appdix MAGE-TAB.10.14.html" anchor="1096840" fileposition="123" first="false" />
    </Entry>
  </Entry>
  <Entry name="controlled vocabularies, use in SDRF" sort="controlled vocabularies, use in SDRF" sectionposition="2">
    <Content xmlns="urn:WebWorks-Document-Schema">
      <TextRun>
        <Text value="controlled vocabularies, use in SDRF" />
      </TextRun>
    </Content>
    <Link href="C:\Documents and Settings\hadfielj\My Documents\ePublisher Pro Projects\caArray Online Help\Output\WebWorks Help 5.0\caArray Online Help\appdix MAGE-TAB.10.14.html" anchor="1096840" fileposition="123" first="false" />
  </Entry>
  <Entry name="SDRF" sort="SDRF" sectionposition="2">
    <Content xmlns="urn:WebWorks-Document-Schema">
      <TextRun>
        <Text value="SDRF" />
      </TextRun>
    </Content>
    <Entry name="biomaterials columns in" sort="biomaterials columns in">
      <Content xmlns="urn:WebWorks-Document-Schema">
        <TextRun>
          <Text value="biomaterials columns in" />
        </TextRun>
      </Content>
      <Link href="C:\Documents and Settings\hadfielj\My Documents\ePublisher Pro Projects\caArray Online Help\Output\WebWorks Help 5.0\caArray Online Help\appdix MAGE-TAB.10.15.html" anchor="1117379" fileposition="124" first="false" />
    </Entry>
  </Entry>
  <Entry name="biomaterials" sort="biomaterials" sectionposition="2">
    <Content xmlns="urn:WebWorks-Document-Schema">
      <TextRun>
        <Text value="biomaterials" />
      </TextRun>
    </Content>
    <Entry name="columns in SDRF" sort="columns in SDRF">
      <Content xmlns="urn:WebWorks-Document-Schema">
        <TextRun>
          <Text value="columns in SDRF" />
        </TextRun>
      </Content>
      <Link href="C:\Documents and Settings\hadfielj\My Documents\ePublisher Pro Projects\caArray Online Help\Output\WebWorks Help 5.0\caArray Online Help\appdix MAGE-TAB.10.15.html" anchor="1117379" fileposition="124" first="false" />
    </Entry>
  </Entry>
  <Entry name="validating" sort="validating" sectionposition="2">
    <Content xmlns="urn:WebWorks-Document-Schema">
      <TextRun>
        <Text value="validating" />
      </TextRun>
    </Content>
    <Entry name="MAGE-TAB in caArray" sort="MAGE-TAB in caArray">
      <Content xmlns="urn:WebWorks-Document-Schema">
        <TextRun>
          <Text value="MAGE-TAB in caArray" />
        </TextRun>
      </Content>
      <Link href="C:\Documents and Settings\hadfielj\My Documents\ePublisher Pro Projects\caArray Online Help\Output\WebWorks Help 5.0\caArray Online Help\appdix MAGE-TAB.10.18.html" anchor="1097403" fileposition="127" first="true" />
    </Entry>
  </Entry>
  <Entry name="MAGE-TAB" sort="MAGE-TAB" sectionposition="2">
    <Content xmlns="urn:WebWorks-Document-Schema">
      <TextRun>
        <Text value="MAGE-TAB" />
      </TextRun>
    </Content>
    <Entry name="validating in caArray" sort="validating in caArray">
      <Content xmlns="urn:WebWorks-Document-Schema">
        <TextRun>
          <Text value="validating in caArray" />
        </TextRun>
      </Content>
      <Link href="C:\Documents and Settings\hadfielj\My Documents\ePublisher Pro Projects\caArray Online Help\Output\WebWorks Help 5.0\caArray Online Help\appdix MAGE-TAB.10.18.html" anchor="1097403" fileposition="127" first="true" />
    </Entry>
  </Entry>
  <Entry name="IDF" sort="IDF" sectionposition="2">
    <Content xmlns="urn:WebWorks-Document-Schema">
      <TextRun>
        <Text value="IDF" />
      </TextRun>
    </Content>
    <Entry name="headers recognized in caArray" sort="headers recognized in caArray">
      <Content xmlns="urn:WebWorks-Document-Schema">
        <TextRun>
          <Text value="headers recognized in caArray" />
        </TextRun>
      </Content>
      <Link href="C:\Documents and Settings\hadfielj\My Documents\ePublisher Pro Projects\caArray Online Help\Output\WebWorks Help 5.0\caArray Online Help\appdix MAGE-TAB.10.19.html" anchor="1095843" fileposition="128" first="false" />
    </Entry>
  </Entry>
  <Entry name="MAGE-TAB" sort="MAGE-TAB" sectionposition="2">
    <Content xmlns="urn:WebWorks-Document-Schema">
      <TextRun>
        <Text value="MAGE-TAB" />
      </TextRun>
    </Content>
    <Entry name="IDF fields recognized in caArray" sort="IDF fields recognized in caArray">
      <Content xmlns="urn:WebWorks-Document-Schema">
        <TextRun>
          <Text value="IDF fields recognized in caArray" />
        </TextRun>
      </Content>
      <Link href="C:\Documents and Settings\hadfielj\My Documents\ePublisher Pro Projects\caArray Online Help\Output\WebWorks Help 5.0\caArray Online Help\appdix MAGE-TAB.10.19.html" anchor="1095843" fileposition="128" first="false" />
    </Entry>
  </Entry>
  <Entry name="IDF" sort="IDF" sectionposition="2">
    <Content xmlns="urn:WebWorks-Document-Schema">
      <TextRun>
        <Text value="IDF" />
      </TextRun>
    </Content>
    <Entry name="validation rules in caArray" sort="validation rules in caArray">
      <Content xmlns="urn:WebWorks-Document-Schema">
        <TextRun>
          <Text value="validation rules in caArray" />
        </TextRun>
      </Content>
      <Link href="C:\Documents and Settings\hadfielj\My Documents\ePublisher Pro Projects\caArray Online Help\Output\WebWorks Help 5.0\caArray Online Help\appdix MAGE-TAB.10.20.html" anchor="1144512" fileposition="129" first="true" />
    </Entry>
  </Entry>
  <Entry name="MAGE-TAB" sort="MAGE-TAB" sectionposition="2">
    <Content xmlns="urn:WebWorks-Document-Schema">
      <TextRun>
        <Text value="MAGE-TAB" />
      </TextRun>
    </Content>
    <Entry name="IDF validation rules in caArray" sort="IDF validation rules in caArray">
      <Content xmlns="urn:WebWorks-Document-Schema">
        <TextRun>
          <Text value="IDF validation rules in caArray" />
        </TextRun>
      </Content>
      <Link href="C:\Documents and Settings\hadfielj\My Documents\ePublisher Pro Projects\caArray Online Help\Output\WebWorks Help 5.0\caArray Online Help\appdix MAGE-TAB.10.20.html" anchor="1144512" fileposition="129" first="true" />
    </Entry>
  </Entry>
  <Entry name="SDRF" sort="SDRF" sectionposition="2">
    <Content xmlns="urn:WebWorks-Document-Schema">
      <TextRun>
        <Text value="SDRF" />
      </TextRun>
    </Content>
    <Entry name="fields recognized in caArray" sort="fields recognized in caArray">
      <Content xmlns="urn:WebWorks-Document-Schema">
        <TextRun>
          <Text value="fields recognized in caArray" />
        </TextRun>
      </Content>
      <Link href="C:\Documents and Settings\hadfielj\My Documents\ePublisher Pro Projects\caArray Online Help\Output\WebWorks Help 5.0\caArray Online Help\appdix MAGE-TAB.10.21.html" anchor="1095920" fileposition="130" first="false" />
    </Entry>
  </Entry>
  <Entry name="MAGE-TAB" sort="MAGE-TAB" sectionposition="2">
    <Content xmlns="urn:WebWorks-Document-Schema">
      <TextRun>
        <Text value="MAGE-TAB" />
      </TextRun>
    </Content>
    <Entry name="SDRF fields recognized in caArray" sort="SDRF fields recognized in caArray">
      <Content xmlns="urn:WebWorks-Document-Schema">
        <TextRun>
          <Text value="SDRF fields recognized in caArray" />
        </TextRun>
      </Content>
      <Link href="C:\Documents and Settings\hadfielj\My Documents\ePublisher Pro Projects\caArray Online Help\Output\WebWorks Help 5.0\caArray Online Help\appdix MAGE-TAB.10.21.html" anchor="1095920" fileposition="130" first="false" />
    </Entry>
  </Entry>
  <Entry name="SDRF" sort="SDRF" sectionposition="2">
    <Content xmlns="urn:WebWorks-Document-Schema">
      <TextRun>
        <Text value="SDRF" />
      </TextRun>
    </Content>
    <Entry name="validation rules in caArray" sort="validation rules in caArray">
      <Content xmlns="urn:WebWorks-Document-Schema">
        <TextRun>
          <Text value="validation rules in caArray" />
        </TextRun>
      </Content>
      <Link href="C:\Documents and Settings\hadfielj\My Documents\ePublisher Pro Projects\caArray Online Help\Output\WebWorks Help 5.0\caArray Online Help\appdix MAGE-TAB.10.22.html" anchor="1095950" fileposition="131" first="false" />
    </Entry>
  </Entry>
  <Entry name="MAGE-TAB" sort="MAGE-TAB" sectionposition="2">
    <Content xmlns="urn:WebWorks-Document-Schema">
      <TextRun>
        <Text value="MAGE-TAB" />
      </TextRun>
    </Content>
    <Entry name="SDRF validation rules in caArray" sort="SDRF validation rules in caArray">
      <Content xmlns="urn:WebWorks-Document-Schema">
        <TextRun>
          <Text value="SDRF validation rules in caArray" />
        </TextRun>
      </Content>
      <Link href="C:\Documents and Settings\hadfielj\My Documents\ePublisher Pro Projects\caArray Online Help\Output\WebWorks Help 5.0\caArray Online Help\appdix MAGE-TAB.10.22.html" anchor="1095950" fileposition="131" first="false" />
    </Entry>
  </Entry>
</Index>