<?xml version="1.0" encoding="utf-8"?>
<Splits version="1.0" xmlns="urn:WebWorks-Engine-Splits-Schema">
  <Split id="1136155" documentposition="3" />
  <Split id="1143355" documentposition="13" />
  <Split id="1139724" documentposition="35" />
  <Split id="1143573" documentposition="46" />
  <Split id="1140454" documentposition="70" />
  <Split id="1136551" documentposition="80" />
  <Split id="1141111" documentposition="99" />
  <Split id="1140660" documentposition="116" />
  <Split id="1154019" documentposition="130" />
  <Split id="1196566" documentposition="143" />
  <Split id="1144185" documentposition="151" />
  <Split id="1182679" documentposition="175" />
  <Split id="1182681" documentposition="182" />
  <Split id="1197377" documentposition="200" />
  <Split id="1140744" documentposition="214" />
  <Split id="1164292" documentposition="232" />
</Splits>