<?xml version="1.0" encoding="utf-8"?>
<SplitPriorities version="1.0" xmlns="urn:WebWorks-Engine-Splits-Schema">
  <SplitPriority id="1136155" documentposition="3" splitpriority="1" outputposition="1" />
  <SplitPriority id="1143355" documentposition="13" splitpriority="2" outputposition="11" />
  <SplitPriority id="1139724" documentposition="35" splitpriority="3" outputposition="32" />
  <SplitPriority id="1143573" documentposition="46" splitpriority="4" outputposition="43" />
  <SplitPriority id="1140454" documentposition="70" splitpriority="4" outputposition="65" />
  <SplitPriority id="1136551" documentposition="80" splitpriority="3" outputposition="75" />
  <SplitPriority id="1141111" documentposition="99" splitpriority="4" outputposition="94" />
  <SplitPriority id="1140660" documentposition="116" splitpriority="4" outputposition="111" />
  <SplitPriority id="1154019" documentposition="130" splitpriority="3" outputposition="124" />
  <SplitPriority id="1196566" documentposition="143" splitpriority="4" outputposition="137" />
  <SplitPriority id="1144185" documentposition="151" splitpriority="4" outputposition="145" />
  <SplitPriority id="1182679" documentposition="175" splitpriority="3" outputposition="169" />
  <SplitPriority id="1182681" documentposition="182" splitpriority="4" outputposition="176" />
  <SplitPriority id="1197377" documentposition="200" splitpriority="4" outputposition="194" />
  <SplitPriority id="1140744" documentposition="214" splitpriority="3" outputposition="208" />
  <SplitPriority id="1164292" documentposition="232" splitpriority="2" outputposition="226" />
</SplitPriorities>