<?xml version="1.0" encoding="utf-8"?>
<Splits version="1.0" xmlns="urn:WebWorks-Engine-Splits-Schema">
  <Split groupID="9CB22FB8232D4A4" documentID="58316BCCF0435DB" id="1071413" position="1" documentstartposition="3" documentendposition="9" title="User Account Management">
    <Group name="caArray Online Help" id="9CB22FB8232D4A4" position="1" />
    <Document path="C:\Documents and Settings\hadfielj\My Documents\CBIIT Projects\caArray\caArray documentation\caArray 2.2\2.2 users guide and OH\User Account Mgt.fm" id="58316BCCF0435DB" position="9" />
    <PageStyle value="" />
    <Frames />
    <Popups />
  </Split>
  <Split groupID="9CB22FB8232D4A4" documentID="58316BCCF0435DB" id="1139283" position="2" documentstartposition="10" documentendposition="12" title="Roles in caArray">
    <Group name="caArray Online Help" id="9CB22FB8232D4A4" position="1" />
    <Document path="C:\Documents and Settings\hadfielj\My Documents\CBIIT Projects\caArray\caArray documentation\caArray 2.2\2.2 users guide and OH\User Account Mgt.fm" id="58316BCCF0435DB" position="9" />
    <PageStyle value="" />
    <Frames />
    <Popups />
  </Split>
  <Split groupID="9CB22FB8232D4A4" documentID="58316BCCF0435DB" id="1171173" position="3" documentstartposition="13" documentendposition="15" title="Managing User Accounts">
    <Group name="caArray Online Help" id="9CB22FB8232D4A4" position="1" />
    <Document path="C:\Documents and Settings\hadfielj\My Documents\CBIIT Projects\caArray\caArray documentation\caArray 2.2\2.2 users guide and OH\User Account Mgt.fm" id="58316BCCF0435DB" position="9" />
    <PageStyle value="" />
    <Frames />
    <Popups />
  </Split>
  <Split groupID="9CB22FB8232D4A4" documentID="58316BCCF0435DB" id="1134347" position="4" documentstartposition="16" documentendposition="20" title="Managing Collaboration Groups">
    <Group name="caArray Online Help" id="9CB22FB8232D4A4" position="1" />
    <Document path="C:\Documents and Settings\hadfielj\My Documents\CBIIT Projects\caArray\caArray documentation\caArray 2.2\2.2 users guide and OH\User Account Mgt.fm" id="58316BCCF0435DB" position="9" />
    <PageStyle value="" />
    <Frames />
    <Popups />
  </Split>
  <Split groupID="9CB22FB8232D4A4" documentID="58316BCCF0435DB" id="1139979" position="5" documentstartposition="21" documentendposition="39" title="Creating a Collaboration Group">
    <Group name="caArray Online Help" id="9CB22FB8232D4A4" position="1" />
    <Document path="C:\Documents and Settings\hadfielj\My Documents\CBIIT Projects\caArray\caArray documentation\caArray 2.2\2.2 users guide and OH\User Account Mgt.fm" id="58316BCCF0435DB" position="9" />
    <PageStyle value="" />
    <Frames>
      <Frame position="1" title="">
        <Frame id="1139990" stylename="Default" xmlns="urn:WebWorks-Document-Schema">
          <Attribute name="display" value="inline" />
          <Attribute name="float" value="none" />
          <Attribute name="text-align" value="left" />
          <Attribute name="left" value="0.0" />
          <Attribute name="top" value="0.0" />
          <Attribute name="width" value="134.25048" />
          <Attribute name="height" value="21.74976" />
          <Facets>
            <Facet type="document">
              <Attribute name="adapter" value="Adobe FrameMaker" />
              <Attribute name="path" value="C:\Documents and Settings\hadfielj\My Documents\ePublisher Pro Projects\caArray Online Help\Data\61DD7DDB65736B3\9CB22FB8232D4A4\58316BCCF0435DB\User Account Mgt.fmwif" />
              <Attribute name="id" value="1139990" />
            </Facet>
          </Facets>
          <Content />
        </Frame>
      </Frame>
      <Frame position="2" title="">
        <Frame id="1148406" stylename="Default" xmlns="urn:WebWorks-Document-Schema">
          <Attribute name="display" value="inline" />
          <Attribute name="float" value="none" />
          <Attribute name="text-align" value="left" />
          <Attribute name="left" value="0.0" />
          <Attribute name="top" value="0.0" />
          <Attribute name="width" value="15.75" />
          <Attribute name="height" value="15.75" />
          <Facets>
            <Facet type="document">
              <Attribute name="adapter" value="Adobe FrameMaker" />
              <Attribute name="path" value="C:\Documents and Settings\hadfielj\My Documents\ePublisher Pro Projects\caArray Online Help\Data\61DD7DDB65736B3\9CB22FB8232D4A4\58316BCCF0435DB\User Account Mgt.fmwif" />
              <Attribute name="id" value="1148406" />
            </Facet>
          </Facets>
          <Content />
        </Frame>
      </Frame>
      <Frame position="3" title="">
        <Frame id="1148514" stylename="Default" xmlns="urn:WebWorks-Document-Schema">
          <Attribute name="display" value="inline" />
          <Attribute name="float" value="none" />
          <Attribute name="text-align" value="left" />
          <Attribute name="left" value="0.0" />
          <Attribute name="top" value="0.0" />
          <Attribute name="width" value="141.75" />
          <Attribute name="height" value="23.99976" />
          <Facets>
            <Facet type="document">
              <Attribute name="adapter" value="Adobe FrameMaker" />
              <Attribute name="path" value="C:\Documents and Settings\hadfielj\My Documents\ePublisher Pro Projects\caArray Online Help\Data\61DD7DDB65736B3\9CB22FB8232D4A4\58316BCCF0435DB\User Account Mgt.fmwif" />
              <Attribute name="id" value="1148514" />
            </Facet>
          </Facets>
          <Content />
        </Frame>
      </Frame>
      <Frame position="4" title="">
        <Frame id="1148796" stylename="Default" xmlns="urn:WebWorks-Document-Schema">
          <Attribute name="display" value="inline" />
          <Attribute name="float" value="none" />
          <Attribute name="text-align" value="left" />
          <Attribute name="left" value="0.0" />
          <Attribute name="top" value="0.0" />
          <Attribute name="width" value="54" />
          <Attribute name="height" value="23.24952" />
          <Facets>
            <Facet type="document">
              <Attribute name="adapter" value="Adobe FrameMaker" />
              <Attribute name="path" value="C:\Documents and Settings\hadfielj\My Documents\ePublisher Pro Projects\caArray Online Help\Data\61DD7DDB65736B3\9CB22FB8232D4A4\58316BCCF0435DB\User Account Mgt.fmwif" />
              <Attribute name="id" value="1148796" />
            </Facet>
          </Facets>
          <Content />
        </Frame>
      </Frame>
      <Frame position="5" title="">
        <Frame id="1148551" stylename="Default" xmlns="urn:WebWorks-Document-Schema">
          <Attribute name="display" value="inline" />
          <Attribute name="float" value="none" />
          <Attribute name="text-align" value="left" />
          <Attribute name="left" value="0.0" />
          <Attribute name="top" value="0.0" />
          <Attribute name="width" value="18" />
          <Attribute name="height" value="19.49976" />
          <Facets>
            <Facet type="document">
              <Attribute name="adapter" value="Adobe FrameMaker" />
              <Attribute name="path" value="C:\Documents and Settings\hadfielj\My Documents\ePublisher Pro Projects\caArray Online Help\Data\61DD7DDB65736B3\9CB22FB8232D4A4\58316BCCF0435DB\User Account Mgt.fmwif" />
              <Attribute name="id" value="1148551" />
            </Facet>
          </Facets>
          <Content />
        </Frame>
      </Frame>
    </Frames>
    <Popups />
  </Split>
  <Split groupID="9CB22FB8232D4A4" documentID="58316BCCF0435DB" id="1077437" position="6" documentstartposition="40" documentendposition="43" title="Viewing Group Details">
    <Group name="caArray Online Help" id="9CB22FB8232D4A4" position="1" />
    <Document path="C:\Documents and Settings\hadfielj\My Documents\CBIIT Projects\caArray\caArray documentation\caArray 2.2\2.2 users guide and OH\User Account Mgt.fm" id="58316BCCF0435DB" position="9" />
    <PageStyle value="" />
    <Frames />
    <Popups />
  </Split>
  <Split groupID="9CB22FB8232D4A4" documentID="58316BCCF0435DB" id="1087125" position="7" documentstartposition="44" documentendposition="56" title="Editing Collaboration Group Details">
    <Group name="caArray Online Help" id="9CB22FB8232D4A4" position="1" />
    <Document path="C:\Documents and Settings\hadfielj\My Documents\CBIIT Projects\caArray\caArray documentation\caArray 2.2\2.2 users guide and OH\User Account Mgt.fm" id="58316BCCF0435DB" position="9" />
    <PageStyle value="" />
    <Frames>
      <Frame position="1" title="">
        <Frame id="1148578" stylename="Default" xmlns="urn:WebWorks-Document-Schema">
          <Attribute name="display" value="inline" />
          <Attribute name="float" value="none" />
          <Attribute name="text-align" value="left" />
          <Attribute name="left" value="0.0" />
          <Attribute name="top" value="0.0" />
          <Attribute name="width" value="15.75" />
          <Attribute name="height" value="15.75" />
          <Facets>
            <Facet type="document">
              <Attribute name="adapter" value="Adobe FrameMaker" />
              <Attribute name="path" value="C:\Documents and Settings\hadfielj\My Documents\ePublisher Pro Projects\caArray Online Help\Data\61DD7DDB65736B3\9CB22FB8232D4A4\58316BCCF0435DB\User Account Mgt.fmwif" />
              <Attribute name="id" value="1148578" />
            </Facet>
          </Facets>
          <Content />
        </Frame>
      </Frame>
      <Frame position="2" title="">
        <Frame id="1136444" stylename="Default" xmlns="urn:WebWorks-Document-Schema">
          <Attribute name="display" value="inline" />
          <Attribute name="float" value="none" />
          <Attribute name="text-align" value="left" />
          <Attribute name="left" value="0.0" />
          <Attribute name="top" value="0.0" />
          <Attribute name="width" value="19.49976" />
          <Attribute name="height" value="16.49952" />
          <Facets>
            <Facet type="document">
              <Attribute name="adapter" value="Adobe FrameMaker" />
              <Attribute name="path" value="C:\Documents and Settings\hadfielj\My Documents\ePublisher Pro Projects\caArray Online Help\Data\61DD7DDB65736B3\9CB22FB8232D4A4\58316BCCF0435DB\User Account Mgt.fmwif" />
              <Attribute name="id" value="1136444" />
            </Facet>
          </Facets>
          <Content />
        </Frame>
      </Frame>
      <Frame position="3" title="">
        <Frame id="1136513" stylename="Default" xmlns="urn:WebWorks-Document-Schema">
          <Attribute name="display" value="inline" />
          <Attribute name="float" value="none" />
          <Attribute name="text-align" value="left" />
          <Attribute name="left" value="0.0" />
          <Attribute name="top" value="0.0" />
          <Attribute name="width" value="58.5" />
          <Attribute name="height" value="20.25" />
          <Facets>
            <Facet type="document">
              <Attribute name="adapter" value="Adobe FrameMaker" />
              <Attribute name="path" value="C:\Documents and Settings\hadfielj\My Documents\ePublisher Pro Projects\caArray Online Help\Data\61DD7DDB65736B3\9CB22FB8232D4A4\58316BCCF0435DB\User Account Mgt.fmwif" />
              <Attribute name="id" value="1136513" />
            </Facet>
          </Facets>
          <Content />
        </Frame>
      </Frame>
    </Frames>
    <Popups />
  </Split>
</Splits>