<?xml version="1.0" encoding="utf-8"?>
<Report version="1.0" xmlns="urn:WebWorks-Reports-Schema">
  <Entry context="links" type="external-url" severity="message">
    <Description>External URL link 'https://array.nci.nih.gov'.</Description>
    <Navigation context="source">
      <Link protocol="adapter">
        <Data key="Path" value="C:\Documents and Settings\hadfielj\My Documents\CBIIT Projects\caArray\caArray documentation\caArray 2.3\Create &amp; Manage Experiments.fm" />
        <Data key="DocumentID" value="D0C9529F79FAD14" />
        <Data key="ID" value="1136435" />
      </Link>
    </Navigation>
    <Navigation context="output">
      <wwreport:Link protocol="uri" xmlns:wwreport="urn:WebWorks-Reports-Schema">
        <wwreport:Data key="URI" value="file:///C:/Documents%20and%20Settings/hadfielj/My%20Documents/ePublisher%20Pro%20Projects/caArray%20Online%20Help/Output/WebWorks%20Help%205.0/caArray%20Online%20Help/Create%20&amp;%20Manage%20Experiments.5.4.html#1136435" />
      </wwreport:Link>
    </Navigation>
    <Navigation context="output">
      <Link protocol="uri">
        <Data key="URI" value="https://array.nci.nih.gov" />
      </Link>
    </Navigation>
    <Navigation context="details">
      <Link protocol="wwh5api">
        <Data key="BaseURI" value="file:///C:/Program%20Files/WebWorks/ePublisher%20Pro/Help/en" />
        <Data key="Context" value="reports" />
        <Data key="Topic" value="external_URLs" />
      </Link>
    </Navigation>
  </Entry>
  <Entry context="links" type="external-url" severity="message">
    <Description>External URL link 'http://mged.sourceforge.net/ontologies/MGEDontology.php'.</Description>
    <Navigation context="source">
      <Link protocol="adapter">
        <Data key="Path" value="C:\Documents and Settings\hadfielj\My Documents\CBIIT Projects\caArray\caArray documentation\caArray 2.3\Create &amp; Manage Experiments.fm" />
        <Data key="DocumentID" value="D0C9529F79FAD14" />
        <Data key="ID" value="1189928" />
      </Link>
    </Navigation>
    <Navigation context="output">
      <wwreport:Link protocol="uri" xmlns:wwreport="urn:WebWorks-Reports-Schema">
        <wwreport:Data key="URI" value="file:///C:/Documents%20and%20Settings/hadfielj/My%20Documents/ePublisher%20Pro%20Projects/caArray%20Online%20Help/Output/WebWorks%20Help%205.0/caArray%20Online%20Help/Create%20&amp;%20Manage%20Experiments.5.8.html#1189928" />
      </wwreport:Link>
    </Navigation>
    <Navigation context="output">
      <Link protocol="uri">
        <Data key="URI" value="http://mged.sourceforge.net/ontologies/MGEDontology.php" />
      </Link>
    </Navigation>
    <Navigation context="details">
      <Link protocol="wwh5api">
        <Data key="BaseURI" value="file:///C:/Program%20Files/WebWorks/ePublisher%20Pro/Help/en" />
        <Data key="Context" value="reports" />
        <Data key="Topic" value="external_URLs" />
      </Link>
    </Navigation>
  </Entry>
  <Entry context="links" type="external-url" severity="message">
    <Description>External URL link 'http://mged.sourceforge.net/ontologies/MGEDontology.php'.</Description>
    <Navigation context="source">
      <Link protocol="adapter">
        <Data key="Path" value="C:\Documents and Settings\hadfielj\My Documents\CBIIT Projects\caArray\caArray documentation\caArray 2.3\Create &amp; Manage Experiments.fm" />
        <Data key="DocumentID" value="D0C9529F79FAD14" />
        <Data key="ID" value="1189928" />
      </Link>
    </Navigation>
    <Navigation context="output">
      <wwreport:Link protocol="uri" xmlns:wwreport="urn:WebWorks-Reports-Schema">
        <wwreport:Data key="URI" value="file:///C:/Documents%20and%20Settings/hadfielj/My%20Documents/ePublisher%20Pro%20Projects/caArray%20Online%20Help/Output/WebWorks%20Help%205.0/caArray%20Online%20Help/Create%20&amp;%20Manage%20Experiments.5.8.html#1189928" />
      </wwreport:Link>
    </Navigation>
    <Navigation context="output">
      <Link protocol="uri">
        <Data key="URI" value="http://mged.sourceforge.net/ontologies/MGEDontology.php" />
      </Link>
    </Navigation>
    <Navigation context="details">
      <Link protocol="wwh5api">
        <Data key="BaseURI" value="file:///C:/Program%20Files/WebWorks/ePublisher%20Pro/Help/en" />
        <Data key="Context" value="reports" />
        <Data key="Topic" value="external_URLs" />
      </Link>
    </Navigation>
  </Entry>
  <Entry context="links" type="external-url" severity="message">
    <Description>External URL link 'http://mged.sourceforge.net/ontologies/MGEDontology.php'.</Description>
    <Navigation context="source">
      <Link protocol="adapter">
        <Data key="Path" value="C:\Documents and Settings\hadfielj\My Documents\CBIIT Projects\caArray\caArray documentation\caArray 2.3\Create &amp; Manage Experiments.fm" />
        <Data key="DocumentID" value="D0C9529F79FAD14" />
        <Data key="ID" value="1190070" />
      </Link>
    </Navigation>
    <Navigation context="output">
      <wwreport:Link protocol="uri" xmlns:wwreport="urn:WebWorks-Reports-Schema">
        <wwreport:Data key="URI" value="file:///C:/Documents%20and%20Settings/hadfielj/My%20Documents/ePublisher%20Pro%20Projects/caArray%20Online%20Help/Output/WebWorks%20Help%205.0/caArray%20Online%20Help/Create%20&amp;%20Manage%20Experiments.5.9.html#1190070" />
      </wwreport:Link>
    </Navigation>
    <Navigation context="output">
      <Link protocol="uri">
        <Data key="URI" value="http://mged.sourceforge.net/ontologies/MGEDontology.php" />
      </Link>
    </Navigation>
    <Navigation context="details">
      <Link protocol="wwh5api">
        <Data key="BaseURI" value="file:///C:/Program%20Files/WebWorks/ePublisher%20Pro/Help/en" />
        <Data key="Context" value="reports" />
        <Data key="Topic" value="external_URLs" />
      </Link>
    </Navigation>
  </Entry>
  <Entry context="links" type="external-url" severity="message">
    <Description>External URL link 'http://www.biomedcentral.com/1471-2105/7/489'.</Description>
    <Navigation context="source">
      <Link protocol="adapter">
        <Data key="Path" value="C:\Documents and Settings\hadfielj\My Documents\CBIIT Projects\caArray\caArray documentation\caArray 2.3\Create &amp; Manage Experiments.fm" />
        <Data key="DocumentID" value="D0C9529F79FAD14" />
        <Data key="ID" value="1150885" />
      </Link>
    </Navigation>
    <Navigation context="output">
      <wwreport:Link protocol="uri" xmlns:wwreport="urn:WebWorks-Reports-Schema">
        <wwreport:Data key="URI" value="file:///C:/Documents%20and%20Settings/hadfielj/My%20Documents/ePublisher%20Pro%20Projects/caArray%20Online%20Help/Output/WebWorks%20Help%205.0/caArray%20Online%20Help/Create%20&amp;%20Manage%20Experiments.5.10.html#1150885" />
      </wwreport:Link>
    </Navigation>
    <Navigation context="output">
      <Link protocol="uri">
        <Data key="URI" value="http://www.biomedcentral.com/1471-2105/7/489" />
      </Link>
    </Navigation>
    <Navigation context="details">
      <Link protocol="wwh5api">
        <Data key="BaseURI" value="file:///C:/Program%20Files/WebWorks/ePublisher%20Pro/Help/en" />
        <Data key="Context" value="reports" />
        <Data key="Topic" value="external_URLs" />
      </Link>
    </Navigation>
  </Entry>
  <Entry context="links" type="unresolved" severity="warning">
    <Description>Unresolved link to target '94572: Heading2: Hybridizations Tab' in document 'Create &amp; Manage Experiments.fm'.</Description>
    <Navigation context="source">
      <Link protocol="adapter">
        <Data key="Path" value="C:\Documents and Settings\hadfielj\My Documents\CBIIT Projects\caArray\caArray documentation\caArray 2.3\Create &amp; Manage Experiments.fm" />
        <Data key="DocumentID" value="D0C9529F79FAD14" />
        <Data key="ID" value="1384607" />
      </Link>
    </Navigation>
    <Navigation context="output">
      <wwreport:Link protocol="uri" xmlns:wwreport="urn:WebWorks-Reports-Schema">
        <wwreport:Data key="URI" value="file:///C:/Documents%20and%20Settings/hadfielj/My%20Documents/ePublisher%20Pro%20Projects/caArray%20Online%20Help/Output/WebWorks%20Help%205.0/caArray%20Online%20Help/Create%20&amp;%20Manage%20Experiments.5.12.html#1384607" />
      </wwreport:Link>
    </Navigation>
    <Navigation context="details">
      <Link protocol="wwh5api">
        <Data key="BaseURI" value="file:///C:/Program%20Files/WebWorks/ePublisher%20Pro/Help/en" />
        <Data key="Context" value="reports" />
        <Data key="Topic" value="unresolved_link_within_document" />
      </Link>
    </Navigation>
  </Entry>
  <Entry context="links" type="unresolved" severity="warning">
    <Description>Unresolved link to target '40316: Heading3: Hybridizations Tab' in document 'Create &amp; Manage Experiments.fm'.</Description>
    <Navigation context="source">
      <Link protocol="adapter">
        <Data key="Path" value="C:\Documents and Settings\hadfielj\My Documents\CBIIT Projects\caArray\caArray documentation\caArray 2.3\Create &amp; Manage Experiments.fm" />
        <Data key="DocumentID" value="D0C9529F79FAD14" />
        <Data key="ID" value="1384749" />
      </Link>
    </Navigation>
    <Navigation context="output">
      <wwreport:Link protocol="uri" xmlns:wwreport="urn:WebWorks-Reports-Schema">
        <wwreport:Data key="URI" value="file:///C:/Documents%20and%20Settings/hadfielj/My%20Documents/ePublisher%20Pro%20Projects/caArray%20Online%20Help/Output/WebWorks%20Help%205.0/caArray%20Online%20Help/Create%20&amp;%20Manage%20Experiments.5.16.html#1384749" />
      </wwreport:Link>
    </Navigation>
    <Navigation context="details">
      <Link protocol="wwh5api">
        <Data key="BaseURI" value="file:///C:/Program%20Files/WebWorks/ePublisher%20Pro/Help/en" />
        <Data key="Context" value="reports" />
        <Data key="Topic" value="unresolved_link_within_document" />
      </Link>
    </Navigation>
  </Entry>
  <Entry context="links" type="external-url" severity="message">
    <Description>External URL link 'http://mged.sourceforge.net/ontologies/MGEDontology.php#DNA'.</Description>
    <Navigation context="source">
      <Link protocol="adapter">
        <Data key="Path" value="C:\Documents and Settings\hadfielj\My Documents\CBIIT Projects\caArray\caArray documentation\caArray 2.3\Create &amp; Manage Experiments.fm" />
        <Data key="DocumentID" value="D0C9529F79FAD14" />
        <Data key="ID" value="1208202" />
      </Link>
    </Navigation>
    <Navigation context="output">
      <wwreport:Link protocol="uri" xmlns:wwreport="urn:WebWorks-Reports-Schema">
        <wwreport:Data key="URI" value="file:///C:/Documents%20and%20Settings/hadfielj/My%20Documents/ePublisher%20Pro%20Projects/caArray%20Online%20Help/Output/WebWorks%20Help%205.0/caArray%20Online%20Help/Create%20&amp;%20Manage%20Experiments.5.22.html#1208202" />
      </wwreport:Link>
    </Navigation>
    <Navigation context="output">
      <Link protocol="uri">
        <Data key="URI" value="http://mged.sourceforge.net/ontologies/MGEDontology.php#DNA" />
      </Link>
    </Navigation>
    <Navigation context="details">
      <Link protocol="wwh5api">
        <Data key="BaseURI" value="file:///C:/Program%20Files/WebWorks/ePublisher%20Pro/Help/en" />
        <Data key="Context" value="reports" />
        <Data key="Topic" value="external_URLs" />
      </Link>
    </Navigation>
  </Entry>
</Report>