<?xml version="1.0" encoding="utf-8"?>
<Splits version="1.0" xmlns="urn:WebWorks-Engine-Splits-Schema">
  <Split groupID="605C68C8BAB58E85" documentID="D0C9529F79FAD14" id="1052621" position="1" documentstartposition="3" documentendposition="9" title="Creating and Managing Experiments">
    <Group name="caArray Online Help" id="605C68C8BAB58E85" position="1" />
    <Document path="C:\Documents and Settings\hadfielj\My Documents\CBIIT Projects\caArray\caArray documentation\caArray 2.3\Create &amp; Manage Experiments.fm" id="D0C9529F79FAD14" position="5" />
    <PageStyle value="" />
    <Frames />
    <Popups />
  </Split>
  <Split groupID="605C68C8BAB58E85" documentID="D0C9529F79FAD14" id="1143839" position="2" documentstartposition="10" documentendposition="22" title="Overview of an Experiment">
    <Group name="caArray Online Help" id="605C68C8BAB58E85" position="1" />
    <Document path="C:\Documents and Settings\hadfielj\My Documents\CBIIT Projects\caArray\caArray documentation\caArray 2.3\Create &amp; Manage Experiments.fm" id="D0C9529F79FAD14" position="5" />
    <PageStyle value="" />
    <Frames />
    <Popups />
  </Split>
  <Split groupID="605C68C8BAB58E85" documentID="D0C9529F79FAD14" id="1132394" position="3" documentstartposition="23" documentendposition="29" title="Creating an Experiment">
    <Group name="caArray Online Help" id="605C68C8BAB58E85" position="1" />
    <Document path="C:\Documents and Settings\hadfielj\My Documents\CBIIT Projects\caArray\caArray documentation\caArray 2.3\Create &amp; Manage Experiments.fm" id="D0C9529F79FAD14" position="5" />
    <PageStyle value="" />
    <Frames />
    <Popups />
  </Split>
  <Split groupID="605C68C8BAB58E85" documentID="D0C9529F79FAD14" id="1384394" position="4" documentstartposition="30" documentendposition="36" title="Steps for Creating an Experiment">
    <Group name="caArray Online Help" id="605C68C8BAB58E85" position="1" />
    <Document path="C:\Documents and Settings\hadfielj\My Documents\CBIIT Projects\caArray\caArray documentation\caArray 2.3\Create &amp; Manage Experiments.fm" id="D0C9529F79FAD14" position="5" />
    <PageStyle value="" />
    <Frames />
    <Popups />
  </Split>
  <Split groupID="605C68C8BAB58E85" documentID="D0C9529F79FAD14" id="1180612" position="5" documentstartposition="37" documentendposition="45" title="Overview Tab">
    <Group name="caArray Online Help" id="605C68C8BAB58E85" position="1" />
    <Document path="C:\Documents and Settings\hadfielj\My Documents\CBIIT Projects\caArray\caArray documentation\caArray 2.3\Create &amp; Manage Experiments.fm" id="D0C9529F79FAD14" position="5" />
    <PageStyle value="" />
    <Frames />
    <Popups />
  </Split>
  <Split groupID="605C68C8BAB58E85" documentID="D0C9529F79FAD14" id="1138656" position="6" documentstartposition="46" documentendposition="56" title="Contacts Tab">
    <Group name="caArray Online Help" id="605C68C8BAB58E85" position="1" />
    <Document path="C:\Documents and Settings\hadfielj\My Documents\CBIIT Projects\caArray\caArray documentation\caArray 2.3\Create &amp; Manage Experiments.fm" id="D0C9529F79FAD14" position="5" />
    <PageStyle value="" />
    <Frames>
      <Frame position="1" title="plus icon">
        <Frame id="1250074" stylename="Default" xmlns="urn:WebWorks-Document-Schema">
          <Attribute name="display" value="inline" />
          <Attribute name="float" value="none" />
          <Attribute name="text-align" value="left" />
          <Attribute name="left" value="0.0" />
          <Attribute name="top" value="0.0" />
          <Attribute name="width" value="11.99952" />
          <Attribute name="height" value="17.24976" />
          <Description>
            <Paragraph>
              <TextRun>
                <Text value="plus icon" />
              </TextRun>
            </Paragraph>
          </Description>
          <Facets>
            <Facet type="document">
              <Attribute name="adapter" value="Adobe FrameMaker" />
              <Attribute name="path" value="C:\Documents and Settings\hadfielj\My Documents\ePublisher Pro Projects\caArray Online Help\Data\61DD7DDB65736B3\605C68C8BAB58E85\D0C9529F79FAD14\Create &amp; Manage Experiments.fmwif" />
              <Attribute name="id" value="1250074" />
            </Facet>
          </Facets>
          <Content />
        </Frame>
      </Frame>
    </Frames>
    <Popups />
  </Split>
  <Split groupID="605C68C8BAB58E85" documentID="D0C9529F79FAD14" id="1138988" position="7" documentstartposition="57" documentendposition="66" title="Annotations Tab">
    <Group name="caArray Online Help" id="605C68C8BAB58E85" position="1" />
    <Document path="C:\Documents and Settings\hadfielj\My Documents\CBIIT Projects\caArray\caArray documentation\caArray 2.3\Create &amp; Manage Experiments.fm" id="D0C9529F79FAD14" position="5" />
    <PageStyle value="" />
    <Frames />
    <Popups />
  </Split>
  <Split groupID="605C68C8BAB58E85" documentID="D0C9529F79FAD14" id="1201717" position="8" documentstartposition="67" documentendposition="73" title="Experimental Design">
    <Group name="caArray Online Help" id="605C68C8BAB58E85" position="1" />
    <Document path="C:\Documents and Settings\hadfielj\My Documents\CBIIT Projects\caArray\caArray documentation\caArray 2.3\Create &amp; Manage Experiments.fm" id="D0C9529F79FAD14" position="5" />
    <PageStyle value="" />
    <Frames>
      <Frame position="1" title="plus icon">
        <Frame id="1260147" stylename="Default" xmlns="urn:WebWorks-Document-Schema">
          <Attribute name="display" value="inline" />
          <Attribute name="float" value="none" />
          <Attribute name="text-align" value="left" />
          <Attribute name="left" value="0.0" />
          <Attribute name="top" value="0.0" />
          <Attribute name="width" value="12.74976" />
          <Attribute name="height" value="17.24976" />
          <Description>
            <Paragraph>
              <TextRun>
                <Text value="plus icon" />
              </TextRun>
            </Paragraph>
          </Description>
          <Facets>
            <Facet type="document">
              <Attribute name="adapter" value="Adobe FrameMaker" />
              <Attribute name="path" value="C:\Documents and Settings\hadfielj\My Documents\ePublisher Pro Projects\caArray Online Help\Data\61DD7DDB65736B3\605C68C8BAB58E85\D0C9529F79FAD14\Create &amp; Manage Experiments.fmwif" />
              <Attribute name="id" value="1260147" />
            </Facet>
          </Facets>
          <Content />
        </Frame>
      </Frame>
      <Frame position="2" title="plus icon">
        <Frame id="1260202" stylename="Default" xmlns="urn:WebWorks-Document-Schema">
          <Attribute name="display" value="inline" />
          <Attribute name="float" value="none" />
          <Attribute name="text-align" value="left" />
          <Attribute name="left" value="0.0" />
          <Attribute name="top" value="0.0" />
          <Attribute name="width" value="11.99952" />
          <Attribute name="height" value="17.24976" />
          <Description>
            <Paragraph>
              <TextRun>
                <Text value="plus icon" />
              </TextRun>
            </Paragraph>
          </Description>
          <Facets>
            <Facet type="document">
              <Attribute name="adapter" value="Adobe FrameMaker" />
              <Attribute name="path" value="C:\Documents and Settings\hadfielj\My Documents\ePublisher Pro Projects\caArray Online Help\Data\61DD7DDB65736B3\605C68C8BAB58E85\D0C9529F79FAD14\Create &amp; Manage Experiments.fmwif" />
              <Attribute name="id" value="1260202" />
            </Facet>
          </Facets>
          <Content />
        </Frame>
      </Frame>
      <Frame position="3" title="plus icon">
        <Frame id="1260509" stylename="Default" xmlns="urn:WebWorks-Document-Schema">
          <Attribute name="display" value="inline" />
          <Attribute name="float" value="none" />
          <Attribute name="text-align" value="left" />
          <Attribute name="left" value="0.0" />
          <Attribute name="top" value="0.0" />
          <Attribute name="width" value="12.74976" />
          <Attribute name="height" value="17.24976" />
          <Description>
            <Paragraph>
              <TextRun>
                <Text value="plus icon" />
              </TextRun>
            </Paragraph>
          </Description>
          <Facets>
            <Facet type="document">
              <Attribute name="adapter" value="Adobe FrameMaker" />
              <Attribute name="path" value="C:\Documents and Settings\hadfielj\My Documents\ePublisher Pro Projects\caArray Online Help\Data\61DD7DDB65736B3\605C68C8BAB58E85\D0C9529F79FAD14\Create &amp; Manage Experiments.fmwif" />
              <Attribute name="id" value="1260509" />
            </Facet>
          </Facets>
          <Content />
        </Frame>
      </Frame>
    </Frames>
    <Popups />
  </Split>
  <Split groupID="605C68C8BAB58E85" documentID="D0C9529F79FAD14" id="1139575" position="9" documentstartposition="74" documentendposition="84" title="Experimental Factors">
    <Group name="caArray Online Help" id="605C68C8BAB58E85" position="1" />
    <Document path="C:\Documents and Settings\hadfielj\My Documents\CBIIT Projects\caArray\caArray documentation\caArray 2.3\Create &amp; Manage Experiments.fm" id="D0C9529F79FAD14" position="5" />
    <PageStyle value="" />
    <Frames />
    <Popups />
  </Split>
  <Split groupID="605C68C8BAB58E85" documentID="D0C9529F79FAD14" id="1140893" position="10" documentstartposition="85" documentendposition="99" title="Biological Source Material">
    <Group name="caArray Online Help" id="605C68C8BAB58E85" position="1" />
    <Document path="C:\Documents and Settings\hadfielj\My Documents\CBIIT Projects\caArray\caArray documentation\caArray 2.3\Create &amp; Manage Experiments.fm" id="D0C9529F79FAD14" position="5" />
    <PageStyle value="" />
    <Frames>
      <Frame position="1" title="illustration of biomaterials and their relationships in caArray">
        <Frame id="1150897" stylename="Default" xmlns="urn:WebWorks-Document-Schema">
          <Attribute name="display" value="block" />
          <Attribute name="float" value="none" />
          <Attribute name="text-align" value="left" />
          <Attribute name="left" value="0.0" />
          <Attribute name="top" value="0.0" />
          <Attribute name="width" value="421.416" />
          <Attribute name="height" value="71.10144" />
          <Description>
            <Paragraph>
              <TextRun>
                <Text value="illustration of biomaterials and their relationships in caArray" />
              </TextRun>
            </Paragraph>
          </Description>
          <Facets>
            <Facet type="document">
              <Attribute name="adapter" value="Adobe FrameMaker" />
              <Attribute name="path" value="C:\Documents and Settings\hadfielj\My Documents\ePublisher Pro Projects\caArray Online Help\Data\61DD7DDB65736B3\605C68C8BAB58E85\D0C9529F79FAD14\Create &amp; Manage Experiments.fmwif" />
              <Attribute name="id" value="1150897" />
            </Facet>
          </Facets>
          <Content>
            <Frame id="1150898">
              <Attribute name="left" value="20.3832" />
              <Attribute name="top" value="36.39672" />
              <Attribute name="width" value="36.74952" />
              <Attribute name="height" value="14.4" />
              <Content>
                <Paragraph id="1150911" stylename="Body">
                  <Style>
                    <Attribute name="text-align" value="justify" />
                    <Attribute name="text-indent" value="0pt" />
                    <Attribute name="margin-left" value="0pt" />
                    <Attribute name="margin-right" value="0pt" />
                    <Attribute name="margin-top" value="4.0pt" />
                    <Attribute name="margin-bottom" value="0.0pt" />
                    <Attribute name="line-spacing" value="0pt" />
                    <Attribute name="color" value="#000000" />
                    <Attribute name="font-family" value="Arial" />
                    <Attribute name="font-size" value="10.0pt" />
                    <Attribute name="font-weight" value="normal" />
                    <Attribute name="font-style" value="normal" />
                    <Attribute name="font-variant" value="normal" />
                    <Attribute name="text-transform" value="none" />
                    <Attribute name="text-decoration-underline" value="none" />
                    <Attribute name="text-decoration-line-through" value="none" />
                    <Attribute name="vertical-align" value="baseline" />
                  </Style>
                  <TextRun id="tr1150911-1">
                    <Style>
                      <Attribute name="vertical-align" value="baseline" />
                      <Attribute name="text-decoration-line-through" value="none" />
                      <Attribute name="font-family" value="Arial" />
                      <Attribute name="color" value="#000000" />
                      <Attribute name="font-style" value="normal" />
                      <Attribute name="font-variant" value="normal" />
                      <Attribute name="text-transform" value="none" />
                      <Attribute name="text-decoration-underline" value="none" />
                      <Attribute name="font-weight" value="normal" />
                      <Attribute name="font-size" value="10.0pt" />
                    </Style>
                    <Text value="Source" />
                  </TextRun>
                </Paragraph>
              </Content>
            </Frame>
            <Frame id="1150900">
              <Attribute name="left" value="121.18104" />
              <Attribute name="top" value="36.39672" />
              <Attribute name="width" value="40.49928" />
              <Attribute name="height" value="14.4" />
              <Content>
                <Paragraph id="1150912" stylename="Body">
                  <TextRun id="tr1150912-1">
                    <Text value="Sample" />
                  </TextRun>
                </Paragraph>
              </Content>
            </Frame>
            <Frame id="1150902">
              <Attribute name="left" value="345.57984" />
              <Attribute name="top" value="36.39672" />
              <Attribute name="width" value="75.4488" />
              <Attribute name="height" value="13.79952" />
              <Content>
                <Paragraph id="1150913" stylename="Body">
                  <TextRun id="tr1150913-1">
                    <Text value="Labeled Extract" />
                  </TextRun>
                </Paragraph>
              </Content>
            </Frame>
            <Frame id="1150904">
              <Attribute name="left" value="63.9828" />
              <Attribute name="top" value="20.99664" />
              <Attribute name="width" value="44.39952" />
              <Attribute name="height" value="13.19976" />
              <Content>
                <Paragraph id="1150914" stylename="Body">
                  <TextRun id="tr1150914-1">
                    <Text value="treatment" />
                  </TextRun>
                </Paragraph>
              </Content>
            </Frame>
            <Frame id="1150906">
              <Attribute name="left" value="289.98072" />
              <Attribute name="top" value="20.99664" />
              <Attribute name="width" value="56.25" />
              <Attribute name="height" value="13.19976" />
              <Content>
                <Paragraph id="1150915" stylename="Body">
                  <TextRun id="tr1150915-1">
                    <Text value="dye labeling" />
                  </TextRun>
                </Paragraph>
              </Content>
            </Frame>
            <Frame id="1150909">
              <Facets>
                <Facet type="drawing" />
              </Facets>
            </Frame>
            <Frame id="1150910">
              <Facets>
                <Facet type="drawing" />
              </Facets>
            </Frame>
            <Frame id="1154306">
              <Attribute name="left" value="249.4188" />
              <Attribute name="top" value="36.39312" />
              <Attribute name="width" value="40.5" />
              <Attribute name="height" value="14.99976" />
              <Content>
                <Paragraph id="1154305" stylename="Body">
                  <TextRun id="tr1154305-1">
                    <Text value="Extract" />
                  </TextRun>
                </Paragraph>
              </Content>
            </Frame>
            <Frame id="1154311">
              <Facets>
                <Facet type="drawing" />
              </Facets>
            </Frame>
            <Frame id="1154313">
              <Facets>
                <Facet type="drawing" />
              </Facets>
            </Frame>
            <Frame id="1154315">
              <Attribute name="left" value="149.48208" />
              <Attribute name="top" value="20.99664" />
              <Attribute name="width" value="105.89976" />
              <Attribute name="height" value="13.19976" />
              <Content>
                <Paragraph id="1154317" stylename="Body">
                  <TextRun id="tr1154317-1">
                    <Text value="DNA or RNA extraction" />
                  </TextRun>
                </Paragraph>
              </Content>
            </Frame>
          </Content>
        </Frame>
      </Frame>
    </Frames>
    <Popups />
  </Split>
  <Split groupID="605C68C8BAB58E85" documentID="D0C9529F79FAD14" id="1157154" position="11" documentstartposition="100" documentendposition="116" title="Sources Tab ">
    <Group name="caArray Online Help" id="605C68C8BAB58E85" position="1" />
    <Document path="C:\Documents and Settings\hadfielj\My Documents\CBIIT Projects\caArray\caArray documentation\caArray 2.3\Create &amp; Manage Experiments.fm" id="D0C9529F79FAD14" position="5" />
    <PageStyle value="" />
    <Frames />
    <Popups />
  </Split>
  <Split groupID="605C68C8BAB58E85" documentID="D0C9529F79FAD14" id="1168814" position="12" documentstartposition="117" documentendposition="132" title="Samples Tab">
    <Group name="caArray Online Help" id="605C68C8BAB58E85" position="1" />
    <Document path="C:\Documents and Settings\hadfielj\My Documents\CBIIT Projects\caArray\caArray documentation\caArray 2.3\Create &amp; Manage Experiments.fm" id="D0C9529F79FAD14" position="5" />
    <PageStyle value="" />
    <Frames>
      <Frame position="1" title="plus icon">
        <Frame id="1259792" stylename="Default" xmlns="urn:WebWorks-Document-Schema">
          <Attribute name="display" value="inline" />
          <Attribute name="float" value="none" />
          <Attribute name="text-align" value="left" />
          <Attribute name="left" value="0.0" />
          <Attribute name="top" value="0.0" />
          <Attribute name="width" value="12.74976" />
          <Attribute name="height" value="17.24976" />
          <Description>
            <Paragraph>
              <TextRun>
                <Text value="plus icon" />
              </TextRun>
            </Paragraph>
          </Description>
          <Facets>
            <Facet type="document">
              <Attribute name="adapter" value="Adobe FrameMaker" />
              <Attribute name="path" value="C:\Documents and Settings\hadfielj\My Documents\ePublisher Pro Projects\caArray Online Help\Data\61DD7DDB65736B3\605C68C8BAB58E85\D0C9529F79FAD14\Create &amp; Manage Experiments.fmwif" />
              <Attribute name="id" value="1259792" />
            </Facet>
          </Facets>
          <Content />
        </Frame>
      </Frame>
    </Frames>
    <Popups />
  </Split>
  <Split groupID="605C68C8BAB58E85" documentID="D0C9529F79FAD14" id="1141491" position="13" documentstartposition="133" documentendposition="146" title="Extracts Tab">
    <Group name="caArray Online Help" id="605C68C8BAB58E85" position="1" />
    <Document path="C:\Documents and Settings\hadfielj\My Documents\CBIIT Projects\caArray\caArray documentation\caArray 2.3\Create &amp; Manage Experiments.fm" id="D0C9529F79FAD14" position="5" />
    <PageStyle value="" />
    <Frames>
      <Frame position="1" title="Plus icon">
        <Frame id="1259774" stylename="Default" xmlns="urn:WebWorks-Document-Schema">
          <Attribute name="display" value="inline" />
          <Attribute name="float" value="none" />
          <Attribute name="text-align" value="left" />
          <Attribute name="left" value="0.0" />
          <Attribute name="top" value="0.0" />
          <Attribute name="width" value="12.74976" />
          <Attribute name="height" value="17.24976" />
          <Description>
            <Paragraph>
              <TextRun>
                <Text value="Plus icon" />
              </TextRun>
            </Paragraph>
          </Description>
          <Facets>
            <Facet type="document">
              <Attribute name="adapter" value="Adobe FrameMaker" />
              <Attribute name="path" value="C:\Documents and Settings\hadfielj\My Documents\ePublisher Pro Projects\caArray Online Help\Data\61DD7DDB65736B3\605C68C8BAB58E85\D0C9529F79FAD14\Create &amp; Manage Experiments.fmwif" />
              <Attribute name="id" value="1259774" />
            </Facet>
          </Facets>
          <Content />
        </Frame>
      </Frame>
    </Frames>
    <Popups />
  </Split>
  <Split groupID="605C68C8BAB58E85" documentID="D0C9529F79FAD14" id="1151841" position="14" documentstartposition="147" documentendposition="161" title="Labeled Extracts Tab">
    <Group name="caArray Online Help" id="605C68C8BAB58E85" position="1" />
    <Document path="C:\Documents and Settings\hadfielj\My Documents\CBIIT Projects\caArray\caArray documentation\caArray 2.3\Create &amp; Manage Experiments.fm" id="D0C9529F79FAD14" position="5" />
    <PageStyle value="" />
    <Frames>
      <Frame position="1" title="Plus icon">
        <Frame id="1259713" stylename="Default" xmlns="urn:WebWorks-Document-Schema">
          <Attribute name="display" value="inline" />
          <Attribute name="float" value="none" />
          <Attribute name="text-align" value="left" />
          <Attribute name="left" value="0.0" />
          <Attribute name="top" value="0.0" />
          <Attribute name="width" value="12.74976" />
          <Attribute name="height" value="17.24976" />
          <Description>
            <Paragraph>
              <TextRun>
                <Text value="Plus icon" />
              </TextRun>
            </Paragraph>
          </Description>
          <Facets>
            <Facet type="document">
              <Attribute name="adapter" value="Adobe FrameMaker" />
              <Attribute name="path" value="C:\Documents and Settings\hadfielj\My Documents\ePublisher Pro Projects\caArray Online Help\Data\61DD7DDB65736B3\605C68C8BAB58E85\D0C9529F79FAD14\Create &amp; Manage Experiments.fmwif" />
              <Attribute name="id" value="1259713" />
            </Facet>
          </Facets>
          <Content />
        </Frame>
      </Frame>
    </Frames>
    <Popups />
  </Split>
  <Split groupID="605C68C8BAB58E85" documentID="D0C9529F79FAD14" id="1313009" position="15" documentstartposition="162" documentendposition="178" title="Hybridizations Tab">
    <Group name="caArray Online Help" id="605C68C8BAB58E85" position="1" />
    <Document path="C:\Documents and Settings\hadfielj\My Documents\CBIIT Projects\caArray\caArray documentation\caArray 2.3\Create &amp; Manage Experiments.fm" id="D0C9529F79FAD14" position="5" />
    <PageStyle value="" />
    <Frames>
      <Frame position="1" title="Plus icon">
        <Frame id="1259812" stylename="Default" xmlns="urn:WebWorks-Document-Schema">
          <Attribute name="display" value="inline" />
          <Attribute name="float" value="none" />
          <Attribute name="text-align" value="left" />
          <Attribute name="left" value="0.0" />
          <Attribute name="top" value="0.0" />
          <Attribute name="width" value="12.74976" />
          <Attribute name="height" value="17.24976" />
          <Description>
            <Paragraph>
              <TextRun>
                <Text value="Plus icon" />
              </TextRun>
            </Paragraph>
          </Description>
          <Facets>
            <Facet type="document">
              <Attribute name="adapter" value="Adobe FrameMaker" />
              <Attribute name="path" value="C:\Documents and Settings\hadfielj\My Documents\ePublisher Pro Projects\caArray Online Help\Data\61DD7DDB65736B3\605C68C8BAB58E85\D0C9529F79FAD14\Create &amp; Manage Experiments.fmwif" />
              <Attribute name="id" value="1259812" />
            </Facet>
          </Facets>
          <Content />
        </Frame>
      </Frame>
    </Frames>
    <Popups />
  </Split>
  <Split groupID="605C68C8BAB58E85" documentID="D0C9529F79FAD14" id="1270011" position="16" documentstartposition="179" documentendposition="190" title="Viewing a Hybridization">
    <Group name="caArray Online Help" id="605C68C8BAB58E85" position="1" />
    <Document path="C:\Documents and Settings\hadfielj\My Documents\CBIIT Projects\caArray\caArray documentation\caArray 2.3\Create &amp; Manage Experiments.fm" id="D0C9529F79FAD14" position="5" />
    <PageStyle value="" />
    <Frames />
    <Popups />
  </Split>
  <Split groupID="605C68C8BAB58E85" documentID="D0C9529F79FAD14" id="1310234" position="17" documentstartposition="191" documentendposition="197" title="Managing Annotations">
    <Group name="caArray Online Help" id="605C68C8BAB58E85" position="1" />
    <Document path="C:\Documents and Settings\hadfielj\My Documents\CBIIT Projects\caArray\caArray documentation\caArray 2.3\Create &amp; Manage Experiments.fm" id="D0C9529F79FAD14" position="5" />
    <PageStyle value="" />
    <Frames />
    <Popups />
  </Split>
  <Split groupID="605C68C8BAB58E85" documentID="D0C9529F79FAD14" id="1270108" position="18" documentstartposition="198" documentendposition="210" title="Editing Experiment Annotations">
    <Group name="caArray Online Help" id="605C68C8BAB58E85" position="1" />
    <Document path="C:\Documents and Settings\hadfielj\My Documents\CBIIT Projects\caArray\caArray documentation\caArray 2.3\Create &amp; Manage Experiments.fm" id="D0C9529F79FAD14" position="5" />
    <PageStyle value="" />
    <Frames>
      <Frame position="1" title="screen shot of Edit button">
        <Frame id="1270112" stylename="Default" xmlns="urn:WebWorks-Document-Schema">
          <Attribute name="display" value="inline" />
          <Attribute name="float" value="none" />
          <Attribute name="text-align" value="left" />
          <Attribute name="left" value="0.0" />
          <Attribute name="top" value="0.0" />
          <Attribute name="width" value="49.5" />
          <Attribute name="height" value="22.5" />
          <Description>
            <Paragraph>
              <TextRun>
                <Text value="screen shot of Edit button" />
              </TextRun>
            </Paragraph>
          </Description>
          <Facets>
            <Facet type="document">
              <Attribute name="adapter" value="Adobe FrameMaker" />
              <Attribute name="path" value="C:\Documents and Settings\hadfielj\My Documents\ePublisher Pro Projects\caArray Online Help\Data\61DD7DDB65736B3\605C68C8BAB58E85\D0C9529F79FAD14\Create &amp; Manage Experiments.fmwif" />
              <Attribute name="id" value="1270112" />
            </Facet>
          </Facets>
          <Content />
        </Frame>
      </Frame>
      <Frame position="2" title="screen shot of the X button for removing or deleting information. Also used to close a page or an application.">
        <Frame id="1276409" stylename="Default" xmlns="urn:WebWorks-Document-Schema">
          <Attribute name="display" value="inline" />
          <Attribute name="float" value="none" />
          <Attribute name="text-align" value="left" />
          <Attribute name="left" value="0.0" />
          <Attribute name="top" value="0.0" />
          <Attribute name="width" value="15.78024" />
          <Attribute name="height" value="13.53024" />
          <Description>
            <Paragraph>
              <TextRun>
                <Text value="screen shot of the X button for removing or deleting information. Also used to close a page or an application." />
              </TextRun>
            </Paragraph>
          </Description>
          <Facets>
            <Facet type="document">
              <Attribute name="adapter" value="Adobe FrameMaker" />
              <Attribute name="path" value="C:\Documents and Settings\hadfielj\My Documents\ePublisher Pro Projects\caArray Online Help\Data\61DD7DDB65736B3\605C68C8BAB58E85\D0C9529F79FAD14\Create &amp; Manage Experiments.fmwif" />
              <Attribute name="id" value="1276409" />
            </Facet>
          </Facets>
          <Content />
        </Frame>
      </Frame>
    </Frames>
    <Popups />
  </Split>
  <Split groupID="605C68C8BAB58E85" documentID="D0C9529F79FAD14" id="1260987" position="19" documentstartposition="211" documentendposition="217" title="Copying a Biomaterial/Hybridization">
    <Group name="caArray Online Help" id="605C68C8BAB58E85" position="1" />
    <Document path="C:\Documents and Settings\hadfielj\My Documents\CBIIT Projects\caArray\caArray documentation\caArray 2.3\Create &amp; Manage Experiments.fm" id="D0C9529F79FAD14" position="5" />
    <PageStyle value="" />
    <Frames>
      <Frame position="1" title="copy icon">
        <Frame id="1260991" stylename="Default" xmlns="urn:WebWorks-Document-Schema">
          <Attribute name="display" value="inline" />
          <Attribute name="float" value="none" />
          <Attribute name="text-align" value="left" />
          <Attribute name="left" value="0.0" />
          <Attribute name="top" value="0.0" />
          <Attribute name="width" value="16.49952" />
          <Attribute name="height" value="15.75" />
          <Description>
            <Paragraph>
              <TextRun>
                <Text value="copy icon" />
              </TextRun>
            </Paragraph>
          </Description>
          <Facets>
            <Facet type="document">
              <Attribute name="adapter" value="Adobe FrameMaker" />
              <Attribute name="path" value="C:\Documents and Settings\hadfielj\My Documents\ePublisher Pro Projects\caArray Online Help\Data\61DD7DDB65736B3\605C68C8BAB58E85\D0C9529F79FAD14\Create &amp; Manage Experiments.fmwif" />
              <Attribute name="id" value="1260991" />
            </Facet>
          </Facets>
          <Content />
        </Frame>
      </Frame>
    </Frames>
    <Popups />
  </Split>
  <Split groupID="605C68C8BAB58E85" documentID="D0C9529F79FAD14" id="1316382" position="20" documentstartposition="218" documentendposition="224" title="Deleting a Biomaterial/Hybridization">
    <Group name="caArray Online Help" id="605C68C8BAB58E85" position="1" />
    <Document path="C:\Documents and Settings\hadfielj\My Documents\CBIIT Projects\caArray\caArray documentation\caArray 2.3\Create &amp; Manage Experiments.fm" id="D0C9529F79FAD14" position="5" />
    <PageStyle value="" />
    <Frames>
      <Frame position="1" title="delete icon">
        <Frame id="1261003" stylename="Default" xmlns="urn:WebWorks-Document-Schema">
          <Attribute name="display" value="inline" />
          <Attribute name="float" value="none" />
          <Attribute name="text-align" value="left" />
          <Attribute name="left" value="0.0" />
          <Attribute name="top" value="0.0" />
          <Attribute name="width" value="14.99976" />
          <Attribute name="height" value="18" />
          <Description>
            <Paragraph>
              <TextRun>
                <Text value="delete icon" />
              </TextRun>
            </Paragraph>
          </Description>
          <Facets>
            <Facet type="document">
              <Attribute name="adapter" value="Adobe FrameMaker" />
              <Attribute name="path" value="C:\Documents and Settings\hadfielj\My Documents\ePublisher Pro Projects\caArray Online Help\Data\61DD7DDB65736B3\605C68C8BAB58E85\D0C9529F79FAD14\Create &amp; Manage Experiments.fmwif" />
              <Attribute name="id" value="1261003" />
            </Facet>
          </Facets>
          <Content />
        </Frame>
      </Frame>
    </Frames>
    <Popups />
  </Split>
  <Split groupID="605C68C8BAB58E85" documentID="D0C9529F79FAD14" id="1261006" position="21" documentstartposition="225" documentendposition="239" title="Downloading Associated Data Files">
    <Group name="caArray Online Help" id="605C68C8BAB58E85" position="1" />
    <Document path="C:\Documents and Settings\hadfielj\My Documents\CBIIT Projects\caArray\caArray documentation\caArray 2.3\Create &amp; Manage Experiments.fm" id="D0C9529F79FAD14" position="5" />
    <PageStyle value="" />
    <Frames>
      <Frame position="1" title="plus icon">
        <Frame id="1261014" stylename="Default" xmlns="urn:WebWorks-Document-Schema">
          <Attribute name="display" value="inline" />
          <Attribute name="float" value="none" />
          <Attribute name="text-align" value="left" />
          <Attribute name="left" value="0.0" />
          <Attribute name="top" value="0.0" />
          <Attribute name="width" value="11.99952" />
          <Attribute name="height" value="17.24976" />
          <Description>
            <Paragraph>
              <TextRun>
                <Text value="plus icon" />
              </TextRun>
            </Paragraph>
          </Description>
          <Facets>
            <Facet type="document">
              <Attribute name="adapter" value="Adobe FrameMaker" />
              <Attribute name="path" value="C:\Documents and Settings\hadfielj\My Documents\ePublisher Pro Projects\caArray Online Help\Data\61DD7DDB65736B3\605C68C8BAB58E85\D0C9529F79FAD14\Create &amp; Manage Experiments.fmwif" />
              <Attribute name="id" value="1261014" />
            </Facet>
          </Facets>
          <Content />
        </Frame>
      </Frame>
    </Frames>
    <Popups />
  </Split>
  <Split groupID="605C68C8BAB58E85" documentID="D0C9529F79FAD14" id="1208140" position="22" documentstartposition="240" documentendposition="254" title="Adding Vocabulary for Experiments">
    <Group name="caArray Online Help" id="605C68C8BAB58E85" position="1" />
    <Document path="C:\Documents and Settings\hadfielj\My Documents\CBIIT Projects\caArray\caArray documentation\caArray 2.3\Create &amp; Manage Experiments.fm" id="D0C9529F79FAD14" position="5" />
    <PageStyle value="" />
    <Frames>
      <Frame position="1" title="screen shot of annotation panels">
        <Frame id="1215649" stylename="Default" xmlns="urn:WebWorks-Document-Schema">
          <Attribute name="display" value="block" />
          <Attribute name="float" value="none" />
          <Attribute name="text-align" value="left" />
          <Attribute name="left" value="0.0" />
          <Attribute name="top" value="0.0" />
          <Attribute name="width" value="249.696" />
          <Attribute name="height" value="232.416" />
          <Description>
            <Paragraph>
              <TextRun>
                <Text value="screen shot of annotation panels" />
              </TextRun>
            </Paragraph>
          </Description>
          <Facets>
            <Facet type="document">
              <Attribute name="adapter" value="Adobe FrameMaker" />
              <Attribute name="path" value="C:\Documents and Settings\hadfielj\My Documents\ePublisher Pro Projects\caArray Online Help\Data\61DD7DDB65736B3\605C68C8BAB58E85\D0C9529F79FAD14\Create &amp; Manage Experiments.fmwif" />
              <Attribute name="id" value="1215649" />
            </Facet>
          </Facets>
          <Content>
            <Frame id="1256529">
              <Attribute name="left" value="1.00008" />
              <Attribute name="top" value="1.00008" />
              <Attribute name="width" value="247.67928" />
              <Attribute name="height" value="230.4" />
              <Facets>
                <Facet type="by-reference">
                  <Attribute name="path" value="C:\Documents and Settings\hadfielj\My Documents\CBIIT Projects\caArray\caArray documentation\caArray 2.3\users guide images\vocabulary annotation panels2.gif" />
                </Facet>
              </Facets>
            </Frame>
          </Content>
        </Frame>
      </Frame>
      <Frame position="2" title="Plus icon">
        <Frame id="1208153" stylename="Default" xmlns="urn:WebWorks-Document-Schema">
          <Attribute name="display" value="inline" />
          <Attribute name="float" value="none" />
          <Attribute name="text-align" value="left" />
          <Attribute name="left" value="0.0" />
          <Attribute name="top" value="0.0" />
          <Attribute name="width" value="11.99952" />
          <Attribute name="height" value="17.24976" />
          <Description>
            <Paragraph>
              <TextRun>
                <Text value="Plus icon" />
              </TextRun>
            </Paragraph>
          </Description>
          <Facets>
            <Facet type="document">
              <Attribute name="adapter" value="Adobe FrameMaker" />
              <Attribute name="path" value="C:\Documents and Settings\hadfielj\My Documents\ePublisher Pro Projects\caArray Online Help\Data\61DD7DDB65736B3\605C68C8BAB58E85\D0C9529F79FAD14\Create &amp; Manage Experiments.fmwif" />
              <Attribute name="id" value="1208153" />
            </Facet>
          </Facets>
          <Content />
        </Frame>
      </Frame>
      <Frame position="3" title="Add button">
        <Frame id="1208158" stylename="Default" xmlns="urn:WebWorks-Document-Schema">
          <Attribute name="display" value="inline" />
          <Attribute name="float" value="none" />
          <Attribute name="text-align" value="left" />
          <Attribute name="left" value="0.0" />
          <Attribute name="top" value="0.0" />
          <Attribute name="width" value="48.74976" />
          <Attribute name="height" value="22.5" />
          <Description>
            <Paragraph>
              <TextRun>
                <Text value="Add button" />
              </TextRun>
            </Paragraph>
          </Description>
          <Facets>
            <Facet type="document">
              <Attribute name="adapter" value="Adobe FrameMaker" />
              <Attribute name="path" value="C:\Documents and Settings\hadfielj\My Documents\ePublisher Pro Projects\caArray Online Help\Data\61DD7DDB65736B3\605C68C8BAB58E85\D0C9529F79FAD14\Create &amp; Manage Experiments.fmwif" />
              <Attribute name="id" value="1208158" />
            </Facet>
          </Facets>
          <Content />
        </Frame>
      </Frame>
    </Frames>
    <Popups />
  </Split>
  <Split groupID="605C68C8BAB58E85" documentID="D0C9529F79FAD14" id="1141807" position="23" documentstartposition="255" documentendposition="261" title="Data Tab">
    <Group name="caArray Online Help" id="605C68C8BAB58E85" position="1" />
    <Document path="C:\Documents and Settings\hadfielj\My Documents\CBIIT Projects\caArray\caArray documentation\caArray 2.3\Create &amp; Manage Experiments.fm" id="D0C9529F79FAD14" position="5" />
    <PageStyle value="" />
    <Frames />
    <Popups />
  </Split>
  <Split groupID="605C68C8BAB58E85" documentID="D0C9529F79FAD14" id="1152285" position="24" documentstartposition="262" documentendposition="271" title="Publications Tab">
    <Group name="caArray Online Help" id="605C68C8BAB58E85" position="1" />
    <Document path="C:\Documents and Settings\hadfielj\My Documents\CBIIT Projects\caArray\caArray documentation\caArray 2.3\Create &amp; Manage Experiments.fm" id="D0C9529F79FAD14" position="5" />
    <PageStyle value="" />
    <Frames />
    <Popups />
  </Split>
  <Split groupID="605C68C8BAB58E85" documentID="D0C9529F79FAD14" id="1191323" position="25" documentstartposition="272" documentendposition="276" title="Experiment Status Settings">
    <Group name="caArray Online Help" id="605C68C8BAB58E85" position="1" />
    <Document path="C:\Documents and Settings\hadfielj\My Documents\CBIIT Projects\caArray\caArray documentation\caArray 2.3\Create &amp; Manage Experiments.fm" id="D0C9529F79FAD14" position="5" />
    <PageStyle value="" />
    <Frames />
    <Popups />
  </Split>
  <Split groupID="605C68C8BAB58E85" documentID="D0C9529F79FAD14" id="1167599" position="26" documentstartposition="277" documentendposition="281" title="Updating An Experiment Proposal">
    <Group name="caArray Online Help" id="605C68C8BAB58E85" position="1" />
    <Document path="C:\Documents and Settings\hadfielj\My Documents\CBIIT Projects\caArray\caArray documentation\caArray 2.3\Create &amp; Manage Experiments.fm" id="D0C9529F79FAD14" position="5" />
    <PageStyle value="" />
    <Frames />
    <Popups />
  </Split>
  <Split groupID="605C68C8BAB58E85" documentID="D0C9529F79FAD14" id="1158637" position="27" documentstartposition="282" documentendposition="291" title="Editing an Experiment">
    <Group name="caArray Online Help" id="605C68C8BAB58E85" position="1" />
    <Document path="C:\Documents and Settings\hadfielj\My Documents\CBIIT Projects\caArray\caArray documentation\caArray 2.3\Create &amp; Manage Experiments.fm" id="D0C9529F79FAD14" position="5" />
    <PageStyle value="" />
    <Frames>
      <Frame position="1" title="Edit button">
        <Frame id="1181833" stylename="Default" xmlns="urn:WebWorks-Document-Schema">
          <Attribute name="display" value="inline" />
          <Attribute name="float" value="none" />
          <Attribute name="text-align" value="left" />
          <Attribute name="left" value="0.0" />
          <Attribute name="top" value="0.0" />
          <Attribute name="width" value="49.5" />
          <Attribute name="height" value="22.5" />
          <Description>
            <Paragraph>
              <TextRun>
                <Text value="Edit button" />
              </TextRun>
            </Paragraph>
          </Description>
          <Facets>
            <Facet type="document">
              <Attribute name="adapter" value="Adobe FrameMaker" />
              <Attribute name="path" value="C:\Documents and Settings\hadfielj\My Documents\ePublisher Pro Projects\caArray Online Help\Data\61DD7DDB65736B3\605C68C8BAB58E85\D0C9529F79FAD14\Create &amp; Manage Experiments.fmwif" />
              <Attribute name="id" value="1181833" />
            </Facet>
          </Facets>
          <Content />
        </Frame>
      </Frame>
    </Frames>
    <Popups />
  </Split>
  <Split groupID="605C68C8BAB58E85" documentID="D0C9529F79FAD14" id="1237445" position="28" documentstartposition="292" documentendposition="295" title="Deleting an Experiment">
    <Group name="caArray Online Help" id="605C68C8BAB58E85" position="1" />
    <Document path="C:\Documents and Settings\hadfielj\My Documents\CBIIT Projects\caArray\caArray documentation\caArray 2.3\Create &amp; Manage Experiments.fm" id="D0C9529F79FAD14" position="5" />
    <PageStyle value="" />
    <Frames />
    <Popups />
  </Split>
  <Split groupID="605C68C8BAB58E85" documentID="D0C9529F79FAD14" id="1168494" position="29" documentstartposition="296" documentendposition="300" title=" Experiment Visibility">
    <Group name="caArray Online Help" id="605C68C8BAB58E85" position="1" />
    <Document path="C:\Documents and Settings\hadfielj\My Documents\CBIIT Projects\caArray\caArray documentation\caArray 2.3\Create &amp; Manage Experiments.fm" id="D0C9529F79FAD14" position="5" />
    <PageStyle value="" />
    <Frames />
    <Popups />
  </Split>
  <Split groupID="605C68C8BAB58E85" documentID="D0C9529F79FAD14" id="1286112" position="30" documentstartposition="301" documentendposition="314" title="Setting Public Visibility">
    <Group name="caArray Online Help" id="605C68C8BAB58E85" position="1" />
    <Document path="C:\Documents and Settings\hadfielj\My Documents\CBIIT Projects\caArray\caArray documentation\caArray 2.3\Create &amp; Manage Experiments.fm" id="D0C9529F79FAD14" position="5" />
    <PageStyle value="" />
    <Frames>
      <Frame position="1" title="Permissions icon">
        <Frame id="1188853" stylename="Default" xmlns="urn:WebWorks-Document-Schema">
          <Attribute name="display" value="inline" />
          <Attribute name="float" value="none" />
          <Attribute name="text-align" value="left" />
          <Attribute name="left" value="0.0" />
          <Attribute name="top" value="0.0" />
          <Attribute name="width" value="18.74952" />
          <Attribute name="height" value="18" />
          <Description>
            <Paragraph>
              <TextRun>
                <Text value="Permissions icon" />
              </TextRun>
            </Paragraph>
          </Description>
          <Facets>
            <Facet type="document">
              <Attribute name="adapter" value="Adobe FrameMaker" />
              <Attribute name="path" value="C:\Documents and Settings\hadfielj\My Documents\ePublisher Pro Projects\caArray Online Help\Data\61DD7DDB65736B3\605C68C8BAB58E85\D0C9529F79FAD14\Create &amp; Manage Experiments.fmwif" />
              <Attribute name="id" value="1188853" />
            </Facet>
          </Facets>
          <Content />
        </Frame>
      </Frame>
    </Frames>
    <Popups />
  </Split>
  <Split groupID="605C68C8BAB58E85" documentID="D0C9529F79FAD14" id="1310919" position="31" documentstartposition="315" documentendposition="331" title="Setting Selective Permissions">
    <Group name="caArray Online Help" id="605C68C8BAB58E85" position="1" />
    <Document path="C:\Documents and Settings\hadfielj\My Documents\CBIIT Projects\caArray\caArray documentation\caArray 2.3\Create &amp; Manage Experiments.fm" id="D0C9529F79FAD14" position="5" />
    <PageStyle value="" />
    <Frames>
      <Frame position="1" title="permissions icon">
        <Frame id="1310969" stylename="Default" xmlns="urn:WebWorks-Document-Schema">
          <Attribute name="display" value="inline" />
          <Attribute name="float" value="none" />
          <Attribute name="text-align" value="left" />
          <Attribute name="left" value="0.0" />
          <Attribute name="top" value="0.0" />
          <Attribute name="width" value="18.74952" />
          <Attribute name="height" value="18" />
          <Description>
            <Paragraph>
              <TextRun>
                <Text value="permissions icon" />
              </TextRun>
            </Paragraph>
          </Description>
          <Facets>
            <Facet type="document">
              <Attribute name="adapter" value="Adobe FrameMaker" />
              <Attribute name="path" value="C:\Documents and Settings\hadfielj\My Documents\ePublisher Pro Projects\caArray Online Help\Data\61DD7DDB65736B3\605C68C8BAB58E85\D0C9529F79FAD14\Create &amp; Manage Experiments.fmwif" />
              <Attribute name="id" value="1310969" />
            </Facet>
          </Facets>
          <Content />
        </Frame>
      </Frame>
    </Frames>
    <Popups />
  </Split>
  <Split groupID="605C68C8BAB58E85" documentID="D0C9529F79FAD14" id="1188613" position="32" documentstartposition="332" documentendposition="355" title="Setting Collaboration Group Visibility">
    <Group name="caArray Online Help" id="605C68C8BAB58E85" position="1" />
    <Document path="C:\Documents and Settings\hadfielj\My Documents\CBIIT Projects\caArray\caArray documentation\caArray 2.3\Create &amp; Manage Experiments.fm" id="D0C9529F79FAD14" position="5" />
    <PageStyle value="" />
    <Frames>
      <Frame position="1" title="Permissions icon">
        <Frame id="1188644" stylename="Default" xmlns="urn:WebWorks-Document-Schema">
          <Attribute name="display" value="inline" />
          <Attribute name="float" value="none" />
          <Attribute name="text-align" value="left" />
          <Attribute name="left" value="0.0" />
          <Attribute name="top" value="0.0" />
          <Attribute name="width" value="18.74952" />
          <Attribute name="height" value="18" />
          <Description>
            <Paragraph>
              <TextRun>
                <Text value="Permissions icon" />
              </TextRun>
            </Paragraph>
          </Description>
          <Facets>
            <Facet type="document">
              <Attribute name="adapter" value="Adobe FrameMaker" />
              <Attribute name="path" value="C:\Documents and Settings\hadfielj\My Documents\ePublisher Pro Projects\caArray Online Help\Data\61DD7DDB65736B3\605C68C8BAB58E85\D0C9529F79FAD14\Create &amp; Manage Experiments.fmwif" />
              <Attribute name="id" value="1188644" />
            </Facet>
          </Facets>
          <Content />
        </Frame>
      </Frame>
      <Frame position="2" title="edit icon">
        <Frame id="1188763" stylename="Default" xmlns="urn:WebWorks-Document-Schema">
          <Attribute name="display" value="inline" />
          <Attribute name="float" value="none" />
          <Attribute name="text-align" value="left" />
          <Attribute name="left" value="0.0" />
          <Attribute name="top" value="0.0" />
          <Attribute name="width" value="15.75" />
          <Attribute name="height" value="15.75" />
          <Description>
            <Paragraph>
              <TextRun>
                <Text value="edit icon" />
              </TextRun>
            </Paragraph>
          </Description>
          <Facets>
            <Facet type="document">
              <Attribute name="adapter" value="Adobe FrameMaker" />
              <Attribute name="path" value="C:\Documents and Settings\hadfielj\My Documents\ePublisher Pro Projects\caArray Online Help\Data\61DD7DDB65736B3\605C68C8BAB58E85\D0C9529F79FAD14\Create &amp; Manage Experiments.fmwif" />
              <Attribute name="id" value="1188763" />
            </Facet>
          </Facets>
          <Content />
        </Frame>
      </Frame>
      <Frame position="3" title="permissions icon">
        <Frame id="1204432" stylename="Default" xmlns="urn:WebWorks-Document-Schema">
          <Attribute name="display" value="inline" />
          <Attribute name="float" value="none" />
          <Attribute name="text-align" value="left" />
          <Attribute name="left" value="0.0" />
          <Attribute name="top" value="0.0" />
          <Attribute name="width" value="18.74952" />
          <Attribute name="height" value="18" />
          <Description>
            <Paragraph>
              <TextRun>
                <Text value="permissions icon" />
              </TextRun>
            </Paragraph>
          </Description>
          <Facets>
            <Facet type="document">
              <Attribute name="adapter" value="Adobe FrameMaker" />
              <Attribute name="path" value="C:\Documents and Settings\hadfielj\My Documents\ePublisher Pro Projects\caArray Online Help\Data\61DD7DDB65736B3\605C68C8BAB58E85\D0C9529F79FAD14\Create &amp; Manage Experiments.fmwif" />
              <Attribute name="id" value="1204432" />
            </Facet>
          </Facets>
          <Content />
        </Frame>
      </Frame>
    </Frames>
    <Popups />
  </Split>
</Splits>