<?xml version="1.0" encoding="utf-8"?>
<Behaviors version="1.0" xmlns="urn:WebWorks-Behaviors-Schema">
  <Paragraph id="1096659" documentposition="3" splitpriority="none" dropdown="continue" popup="none" popup-page-rule="" />
  <Paragraph id="1096679" documentposition="4" splitpriority="none" dropdown="continue" popup="none" popup-page-rule="" />
  <Paragraph id="1097319" documentposition="5" splitpriority="none" dropdown="continue" popup="none" popup-page-rule="" />
  <Paragraph id="1097337" documentposition="6" splitpriority="none" dropdown="continue" popup="none" popup-page-rule="" />
  <Paragraph id="1097358" documentposition="7" splitpriority="none" dropdown="continue" popup="none" popup-page-rule="" />
  <Paragraph id="1097492" documentposition="8" splitpriority="none" dropdown="continue" popup="none" popup-page-rule="" />
  <Paragraph id="1097371" documentposition="9" splitpriority="none" dropdown="continue" popup="none" popup-page-rule="" />
  <Paragraph id="1097275" documentposition="10" splitpriority="2" dropdown="continue" popup="none" popup-page-rule="" />
  <Paragraph id="1108612" documentposition="11" splitpriority="none" dropdown="continue" popup="none" popup-page-rule="" />
  <Paragraph id="1108619" documentposition="12" splitpriority="none" dropdown="continue" popup="none" popup-page-rule="" />
  <Paragraph id="1108658" documentposition="13" splitpriority="none" dropdown="continue" popup="none" popup-page-rule="" />
  <Paragraph id="1108628" documentposition="14" splitpriority="none" dropdown="continue" popup="none" popup-page-rule="" />
  <Paragraph id="1108632" documentposition="15" splitpriority="none" dropdown="continue" popup="none" popup-page-rule="" />
  <Paragraph id="1096680" documentposition="16" splitpriority="3" dropdown="continue" popup="none" popup-page-rule="" />
  <Paragraph id="1096681" documentposition="17" splitpriority="none" dropdown="continue" popup="none" popup-page-rule="" />
  <Paragraph id="1096682" documentposition="18" splitpriority="none" dropdown="continue" popup="none" popup-page-rule="" />
  <Paragraph id="1096683" documentposition="19" splitpriority="none" dropdown="continue" popup="none" popup-page-rule="" />
  <Paragraph id="1096684" documentposition="20" splitpriority="none" dropdown="continue" popup="none" popup-page-rule="" />
  <Paragraph id="1096685" documentposition="21" splitpriority="none" dropdown="continue" popup="none" popup-page-rule="" />
  <Paragraph id="1096686" documentposition="22" splitpriority="none" dropdown="continue" popup="none" popup-page-rule="" />
  <Paragraph id="1108728" documentposition="23" splitpriority="none" relatedtopic="define-no-output" dropdown="continue" popup="none" popup-page-rule="" />
  <Paragraph id="1108705" documentposition="24" splitpriority="none" relatedtopic="define-no-output" dropdown="continue" popup="none" popup-page-rule="" />
  <Paragraph id="1108717" documentposition="25" splitpriority="none" relatedtopic="define-no-output" dropdown="continue" popup="none" popup-page-rule="" />
  <Paragraph id="1097086" documentposition="26" splitpriority="3" dropdown="continue" popup="none" popup-page-rule="" />
  <Paragraph id="1097088" documentposition="27" splitpriority="none" dropdown="continue" popup="none" popup-page-rule="" />
  <Paragraph id="1097089" documentposition="28" splitpriority="none" dropdown="continue" popup="none" popup-page-rule="" />
  <Paragraph id="1097090" documentposition="29" splitpriority="none" dropdown="continue" popup="none" popup-page-rule="" />
  <Paragraph id="1097091" documentposition="30" splitpriority="none" dropdown="continue" popup="none" popup-page-rule="" />
  <Paragraph id="1108767" documentposition="31" splitpriority="none" relatedtopic="define-no-output" dropdown="continue" popup="none" popup-page-rule="" />
  <Paragraph id="1108775" documentposition="32" splitpriority="none" relatedtopic="define-no-output" dropdown="continue" popup="none" popup-page-rule="" />
  <Paragraph id="1108779" documentposition="33" splitpriority="none" relatedtopic="define-no-output" dropdown="continue" popup="none" popup-page-rule="" />
  <Paragraph id="1096693" documentposition="34" splitpriority="3" dropdown="continue" popup="none" popup-page-rule="" />
  <Paragraph id="1096696" documentposition="35" splitpriority="none" dropdown="continue" popup="none" popup-page-rule="" />
  <Paragraph id="1096698" documentposition="36" splitpriority="none" dropdown="continue" popup="none" popup-page-rule="" />
  <Paragraph id="1096699" documentposition="37" splitpriority="none" dropdown="continue" popup="none" popup-page-rule="" />
  <Paragraph id="1096700" documentposition="38" splitpriority="none" dropdown="continue" popup="none" popup-page-rule="" />
  <Paragraph id="1108886" documentposition="39" splitpriority="none" relatedtopic="define-no-output" dropdown="continue" popup="none" popup-page-rule="" />
  <Paragraph id="1108890" documentposition="40" splitpriority="none" relatedtopic="define-no-output" dropdown="continue" popup="none" popup-page-rule="" />
  <Paragraph id="1108898" documentposition="41" splitpriority="none" relatedtopic="define-no-output" dropdown="continue" popup="none" popup-page-rule="" />
  <Paragraph id="1096701" documentposition="42" splitpriority="3" dropdown="continue" popup="none" popup-page-rule="" />
  <Paragraph id="1109041" documentposition="43" splitpriority="none" dropdown="continue" popup="none" popup-page-rule="" />
  <Paragraph id="1109069" documentposition="44" splitpriority="none" relatedtopic="define-no-output" dropdown="continue" popup="none" popup-page-rule="" />
  <Paragraph id="1109073" documentposition="45" splitpriority="none" relatedtopic="define-no-output" dropdown="continue" popup="none" popup-page-rule="" />
  <Paragraph id="1109077" documentposition="46" splitpriority="none" relatedtopic="define-no-output" dropdown="continue" popup="none" popup-page-rule="" />
  <Paragraph id="1109046" documentposition="47" splitpriority="2" dropdown="continue" popup="none" popup-page-rule="" />
  <Paragraph id="1109012" documentposition="48" splitpriority="none" dropdown="continue" popup="none" popup-page-rule="" />
  <Paragraph id="1097193" documentposition="49" splitpriority="none" relatedtopic="define-no-output" dropdown="continue" popup="none" popup-page-rule="" />
  <Paragraph id="1097206" documentposition="50" splitpriority="none" relatedtopic="define-no-output" dropdown="continue" popup="none" popup-page-rule="" />
  <Paragraph id="1097214" documentposition="51" splitpriority="none" relatedtopic="define-no-output" dropdown="continue" popup="none" popup-page-rule="" />
  <Paragraph id="1097219" documentposition="52" splitpriority="none" relatedtopic="define-no-output" dropdown="continue" popup="none" popup-page-rule="" />
  <Paragraph id="1097224" documentposition="53" splitpriority="none" relatedtopic="define-no-output" dropdown="continue" popup="none" popup-page-rule="" />
  <Paragraph id="1097247" documentposition="54" splitpriority="none" relatedtopic="define-no-output" dropdown="continue" popup="none" popup-page-rule="" />
  <Paragraph id="1096823" documentposition="55" splitpriority="3" dropdown="continue" popup="none" popup-page-rule="" />
  <Paragraph id="1096824" documentposition="56" splitpriority="none" dropdown="continue" popup="none" popup-page-rule="" />
  <Paragraph id="1096825" documentposition="57" splitpriority="none" dropdown="continue" popup="none" popup-page-rule="" />
  <Paragraph id="1109152" documentposition="58" splitpriority="none" relatedtopic="define-no-output" dropdown="continue" popup="none" popup-page-rule="" />
  <Paragraph id="1109156" documentposition="59" splitpriority="none" relatedtopic="define-no-output" dropdown="continue" popup="none" popup-page-rule="" />
  <Paragraph id="1109160" documentposition="60" splitpriority="none" relatedtopic="define-no-output" dropdown="continue" popup="none" popup-page-rule="" />
  <Paragraph id="1109164" documentposition="61" splitpriority="none" relatedtopic="define-no-output" dropdown="continue" popup="none" popup-page-rule="" />
  <Paragraph id="1109168" documentposition="62" splitpriority="none" relatedtopic="define-no-output" dropdown="continue" popup="none" popup-page-rule="" />
  <Paragraph id="1096826" documentposition="63" splitpriority="3" dropdown="continue" popup="none" popup-page-rule="" />
  <Paragraph id="1096827" documentposition="64" splitpriority="none" dropdown="continue" popup="none" popup-page-rule="" />
  <Paragraph id="1096828" documentposition="65" splitpriority="none" dropdown="continue" popup="none" popup-page-rule="" />
  <Paragraph id="1096829" documentposition="66" splitpriority="none" dropdown="continue" popup="none" popup-page-rule="" />
  <Paragraph id="1109204" documentposition="67" splitpriority="none" relatedtopic="define-no-output" dropdown="continue" popup="none" popup-page-rule="" />
  <Paragraph id="1109212" documentposition="68" splitpriority="none" relatedtopic="define-no-output" dropdown="continue" popup="none" popup-page-rule="" />
  <Paragraph id="1109216" documentposition="69" splitpriority="none" relatedtopic="define-no-output" dropdown="continue" popup="none" popup-page-rule="" />
  <Paragraph id="1109220" documentposition="70" splitpriority="none" relatedtopic="define-no-output" dropdown="continue" popup="none" popup-page-rule="" />
  <Paragraph id="1109224" documentposition="71" splitpriority="none" relatedtopic="define-no-output" dropdown="continue" popup="none" popup-page-rule="" />
  <Paragraph id="1096830" documentposition="72" splitpriority="3" dropdown="continue" popup="none" popup-page-rule="" />
  <Paragraph id="1096831" documentposition="73" splitpriority="none" dropdown="continue" popup="none" popup-page-rule="" />
  <Paragraph id="1096832" documentposition="74" splitpriority="none" dropdown="continue" popup="none" popup-page-rule="" />
  <Paragraph id="1096833" documentposition="75" splitpriority="none" dropdown="continue" popup="none" popup-page-rule="" />
  <Paragraph id="1096834" documentposition="76" splitpriority="none" dropdown="continue" popup="none" popup-page-rule="" />
  <Paragraph id="1096835" documentposition="77" splitpriority="none" dropdown="continue" popup="none" popup-page-rule="" />
  <Paragraph id="1096836" documentposition="78" splitpriority="none" dropdown="continue" popup="none" popup-page-rule="" />
  <Paragraph id="1096837" documentposition="79" splitpriority="none" dropdown="continue" popup="none" popup-page-rule="" />
  <Paragraph id="1096838" documentposition="80" splitpriority="none" dropdown="continue" popup="none" popup-page-rule="" />
  <Paragraph id="1109239" documentposition="81" splitpriority="none" relatedtopic="define-no-output" dropdown="continue" popup="none" popup-page-rule="" />
  <Paragraph id="1109243" documentposition="82" splitpriority="none" relatedtopic="define-no-output" dropdown="continue" popup="none" popup-page-rule="" />
  <Paragraph id="1109251" documentposition="83" splitpriority="none" relatedtopic="define-no-output" dropdown="continue" popup="none" popup-page-rule="" />
  <Paragraph id="1109255" documentposition="84" splitpriority="none" relatedtopic="define-no-output" dropdown="continue" popup="none" popup-page-rule="" />
  <Paragraph id="1109259" documentposition="85" splitpriority="none" relatedtopic="define-no-output" dropdown="continue" popup="none" popup-page-rule="" />
  <Paragraph id="1096839" documentposition="86" splitpriority="3" dropdown="continue" popup="none" popup-page-rule="" />
  <Paragraph id="1096840" documentposition="87" splitpriority="none" dropdown="continue" popup="none" popup-page-rule="" />
  <Paragraph id="1096841" documentposition="88" splitpriority="none" dropdown="continue" popup="none" popup-page-rule="" />
  <Paragraph id="1096842" documentposition="89" splitpriority="none" dropdown="continue" popup="none" popup-page-rule="" />
  <Paragraph id="1096843" documentposition="90" splitpriority="none" dropdown="continue" popup="none" popup-page-rule="" />
  <Paragraph id="1096844" documentposition="91" splitpriority="none" dropdown="continue" popup="none" popup-page-rule="" />
  <Paragraph id="1096845" documentposition="92" splitpriority="none" dropdown="continue" popup="none" popup-page-rule="" />
  <Paragraph id="1109283" documentposition="93" splitpriority="none" relatedtopic="define-no-output" dropdown="continue" popup="none" popup-page-rule="" />
  <Paragraph id="1109287" documentposition="94" splitpriority="none" relatedtopic="define-no-output" dropdown="continue" popup="none" popup-page-rule="" />
  <Paragraph id="1109291" documentposition="95" splitpriority="none" relatedtopic="define-no-output" dropdown="continue" popup="none" popup-page-rule="" />
  <Paragraph id="1109299" documentposition="96" splitpriority="none" relatedtopic="define-no-output" dropdown="continue" popup="none" popup-page-rule="" />
  <Paragraph id="1109303" documentposition="97" splitpriority="none" relatedtopic="define-no-output" dropdown="continue" popup="none" popup-page-rule="" />
  <Paragraph id="1096846" documentposition="98" splitpriority="3" dropdown="continue" popup="none" popup-page-rule="" />
  <Paragraph id="1096847" documentposition="99" splitpriority="none" dropdown="continue" popup="none" popup-page-rule="" />
  <Paragraph id="1096848" documentposition="100" splitpriority="none" dropdown="continue" popup="none" popup-page-rule="" />
  <Paragraph id="1102229" documentposition="101" splitpriority="none" dropdown="continue" popup="none" popup-page-rule="" />
  <Paragraph id="1096850" documentposition="102" splitpriority="none" dropdown="continue" popup="none" popup-page-rule="" />
  <Paragraph id="1109374" documentposition="103" splitpriority="none" relatedtopic="define-no-output" dropdown="continue" popup="none" popup-page-rule="" />
  <Paragraph id="1109378" documentposition="104" splitpriority="none" relatedtopic="define-no-output" dropdown="continue" popup="none" popup-page-rule="" />
  <Paragraph id="1109382" documentposition="105" splitpriority="none" relatedtopic="define-no-output" dropdown="continue" popup="none" popup-page-rule="" />
  <Paragraph id="1109386" documentposition="106" splitpriority="none" relatedtopic="define-no-output" dropdown="continue" popup="none" popup-page-rule="" />
  <Paragraph id="1109394" documentposition="107" splitpriority="none" relatedtopic="define-no-output" dropdown="continue" popup="none" popup-page-rule="" />
  <Paragraph id="1096851" documentposition="108" splitpriority="3" dropdown="continue" popup="none" popup-page-rule="" />
  <Paragraph id="1096852" documentposition="109" splitpriority="none" dropdown="continue" popup="none" popup-page-rule="" />
  <Paragraph id="1104408" documentposition="110" splitpriority="none" dropdown="continue" popup="none" popup-page-rule="" />
  <Paragraph id="1096853" documentposition="111" splitpriority="none" dropdown="continue" popup="none" popup-page-rule="" />
  <Paragraph id="1096854" documentposition="112" splitpriority="none" dropdown="continue" popup="none" popup-page-rule="" />
  <Paragraph id="1096819" documentposition="113" splitpriority="none" dropdown="continue" popup="none" popup-page-rule="" />
  <Paragraph id="1109439" documentposition="114" splitpriority="none" dropdown="continue" popup="none" popup-page-rule="" />
  <Paragraph id="1109455" documentposition="115" splitpriority="none" relatedtopic="define-no-output" dropdown="continue" popup="none" popup-page-rule="" />
  <Paragraph id="1109459" documentposition="116" splitpriority="none" relatedtopic="define-no-output" dropdown="continue" popup="none" popup-page-rule="" />
  <Paragraph id="1109463" documentposition="117" splitpriority="none" relatedtopic="define-no-output" dropdown="continue" popup="none" popup-page-rule="" />
  <Paragraph id="1109467" documentposition="118" splitpriority="none" relatedtopic="define-no-output" dropdown="continue" popup="none" popup-page-rule="" />
  <Paragraph id="1109471" documentposition="119" splitpriority="none" relatedtopic="define-no-output" dropdown="continue" popup="none" popup-page-rule="" />
  <Paragraph id="1109441" documentposition="120" splitpriority="2" dropdown="continue" popup="none" popup-page-rule="" />
  <Paragraph id="1109442" documentposition="121" splitpriority="none" dropdown="continue" popup="none" popup-page-rule="" />
  <Paragraph id="1097431" documentposition="122" splitpriority="none" dropdown="continue" popup="none" popup-page-rule="" />
  <Paragraph id="1097432" documentposition="123" splitpriority="none" dropdown="continue" popup="none" popup-page-rule="" />
  <Paragraph id="1097433" documentposition="124" splitpriority="none" dropdown="continue" popup="none" popup-page-rule="" />
  <Paragraph id="1097434" documentposition="125" splitpriority="none" dropdown="continue" popup="none" popup-page-rule="" />
  <Paragraph id="1097435" documentposition="126" splitpriority="none" dropdown="continue" popup="none" popup-page-rule="" />
  <Paragraph id="1097436" documentposition="127" splitpriority="none" dropdown="continue" popup="none" popup-page-rule="" />
  <Paragraph id="1097437" documentposition="128" splitpriority="none" dropdown="continue" popup="none" popup-page-rule="" />
  <Paragraph id="1097438" documentposition="129" splitpriority="none" dropdown="continue" popup="none" popup-page-rule="" />
  <Paragraph id="1097439" documentposition="130" splitpriority="none" dropdown="continue" popup="none" popup-page-rule="" />
  <Paragraph id="1097440" documentposition="131" splitpriority="none" dropdown="continue" popup="none" popup-page-rule="" />
  <Paragraph id="1097441" documentposition="132" splitpriority="none" dropdown="continue" popup="none" popup-page-rule="" />
  <Paragraph id="1097400" documentposition="133" splitpriority="none" dropdown="continue" popup="none" popup-page-rule="" />
  <Paragraph id="1097403" documentposition="134" splitpriority="2" dropdown="continue" popup="none" popup-page-rule="" />
  <Paragraph id="1096624" documentposition="135" splitpriority="none" dropdown="continue" popup="none" popup-page-rule="" />
  <Paragraph id="1109505" documentposition="136" splitpriority="none" dropdown="continue" popup="none" popup-page-rule="" />
  <Paragraph id="1109510" documentposition="137" splitpriority="none" dropdown="continue" popup="none" popup-page-rule="" />
  <Paragraph id="1109515" documentposition="138" splitpriority="none" dropdown="continue" popup="none" popup-page-rule="" />
  <Paragraph id="1109530" documentposition="139" splitpriority="none" dropdown="continue" popup="none" popup-page-rule="" />
  <Paragraph id="1109490" documentposition="140" splitpriority="3" dropdown="continue" popup="none" popup-page-rule="" />
  <Paragraph id="1095843" documentposition="141" splitpriority="none" dropdown="continue" popup="none" popup-page-rule="" />
  <Paragraph id="1095844" documentposition="142" splitpriority="none" dropdown="continue" popup="none" popup-page-rule="" />
  <Paragraph id="1095845" documentposition="143" splitpriority="none" dropdown="continue" popup="none" popup-page-rule="" />
  <Paragraph id="1095846" documentposition="144" splitpriority="none" dropdown="continue" popup="none" popup-page-rule="" />
  <Paragraph id="1095847" documentposition="145" splitpriority="none" dropdown="continue" popup="none" popup-page-rule="" />
  <Paragraph id="1095848" documentposition="146" splitpriority="none" dropdown="continue" popup="none" popup-page-rule="" />
  <Paragraph id="1095849" documentposition="147" splitpriority="none" dropdown="continue" popup="none" popup-page-rule="" />
  <Paragraph id="1095850" documentposition="148" splitpriority="none" dropdown="continue" popup="none" popup-page-rule="" />
  <Paragraph id="1095851" documentposition="149" splitpriority="none" dropdown="continue" popup="none" popup-page-rule="" />
  <Paragraph id="1095852" documentposition="150" splitpriority="none" dropdown="continue" popup="none" popup-page-rule="" />
  <Paragraph id="1095853" documentposition="151" splitpriority="none" dropdown="continue" popup="none" popup-page-rule="" />
  <Paragraph id="1095854" documentposition="152" splitpriority="none" dropdown="continue" popup="none" popup-page-rule="" />
  <Paragraph id="1095855" documentposition="153" splitpriority="none" dropdown="continue" popup="none" popup-page-rule="" />
  <Paragraph id="1095856" documentposition="154" splitpriority="none" dropdown="continue" popup="none" popup-page-rule="" />
  <Paragraph id="1095857" documentposition="155" splitpriority="none" dropdown="continue" popup="none" popup-page-rule="" />
  <Paragraph id="1095858" documentposition="156" splitpriority="none" dropdown="continue" popup="none" popup-page-rule="" />
  <Paragraph id="1095859" documentposition="157" splitpriority="none" dropdown="continue" popup="none" popup-page-rule="" />
  <Paragraph id="1095860" documentposition="158" splitpriority="none" dropdown="continue" popup="none" popup-page-rule="" />
  <Paragraph id="1095861" documentposition="159" splitpriority="none" dropdown="continue" popup="none" popup-page-rule="" />
  <Paragraph id="1095862" documentposition="160" splitpriority="none" dropdown="continue" popup="none" popup-page-rule="" />
  <Paragraph id="1095863" documentposition="161" splitpriority="none" dropdown="continue" popup="none" popup-page-rule="" />
  <Paragraph id="1095864" documentposition="162" splitpriority="none" dropdown="continue" popup="none" popup-page-rule="" />
  <Paragraph id="1095865" documentposition="163" splitpriority="none" dropdown="continue" popup="none" popup-page-rule="" />
  <Paragraph id="1095866" documentposition="164" splitpriority="none" dropdown="continue" popup="none" popup-page-rule="" />
  <Paragraph id="1095867" documentposition="165" splitpriority="none" dropdown="continue" popup="none" popup-page-rule="" />
  <Paragraph id="1095868" documentposition="166" splitpriority="none" dropdown="continue" popup="none" popup-page-rule="" />
  <Paragraph id="1095869" documentposition="167" splitpriority="none" dropdown="continue" popup="none" popup-page-rule="" />
  <Paragraph id="1095870" documentposition="168" splitpriority="none" dropdown="continue" popup="none" popup-page-rule="" />
  <Paragraph id="1095871" documentposition="169" splitpriority="none" dropdown="continue" popup="none" popup-page-rule="" />
  <Paragraph id="1095872" documentposition="170" splitpriority="none" dropdown="continue" popup="none" popup-page-rule="" />
  <Paragraph id="1095873" documentposition="171" splitpriority="none" dropdown="continue" popup="none" popup-page-rule="" />
  <Paragraph id="1095874" documentposition="172" splitpriority="none" dropdown="continue" popup="none" popup-page-rule="" />
  <Paragraph id="1095875" documentposition="173" splitpriority="none" dropdown="continue" popup="none" popup-page-rule="" />
  <Paragraph id="1095876" documentposition="174" splitpriority="none" dropdown="continue" popup="none" popup-page-rule="" />
  <Paragraph id="1095877" documentposition="175" splitpriority="none" dropdown="continue" popup="none" popup-page-rule="" />
  <Paragraph id="1095878" documentposition="176" splitpriority="none" dropdown="continue" popup="none" popup-page-rule="" />
  <Paragraph id="1095879" documentposition="177" splitpriority="none" dropdown="continue" popup="none" popup-page-rule="" />
  <Paragraph id="1095880" documentposition="178" splitpriority="none" dropdown="continue" popup="none" popup-page-rule="" />
  <Paragraph id="1095881" documentposition="179" splitpriority="none" dropdown="continue" popup="none" popup-page-rule="" />
  <Paragraph id="1095882" documentposition="180" splitpriority="none" dropdown="continue" popup="none" popup-page-rule="" />
  <Paragraph id="1095883" documentposition="181" splitpriority="none" dropdown="continue" popup="none" popup-page-rule="" />
  <Paragraph id="1095884" documentposition="182" splitpriority="none" dropdown="continue" popup="none" popup-page-rule="" />
  <Paragraph id="1095885" documentposition="183" splitpriority="none" dropdown="continue" popup="none" popup-page-rule="" />
  <Paragraph id="1095886" documentposition="184" splitpriority="none" dropdown="continue" popup="none" popup-page-rule="" />
  <Paragraph id="1095887" documentposition="185" splitpriority="none" dropdown="continue" popup="none" popup-page-rule="" />
  <Paragraph id="1095891" documentposition="186" splitpriority="3" dropdown="continue" popup="none" popup-page-rule="" />
  <Paragraph id="1095892" documentposition="187" splitpriority="none" dropdown="continue" popup="none" popup-page-rule="" />
  <Paragraph id="1095893" documentposition="188" splitpriority="none" dropdown="continue" popup="none" popup-page-rule="" />
  <Paragraph id="1095894" documentposition="189" splitpriority="none" dropdown="continue" popup="none" popup-page-rule="" />
  <Paragraph id="1095895" documentposition="190" splitpriority="none" dropdown="continue" popup="none" popup-page-rule="" />
  <Paragraph id="1095896" documentposition="191" splitpriority="none" dropdown="continue" popup="none" popup-page-rule="" />
  <Paragraph id="1095897" documentposition="192" splitpriority="none" dropdown="continue" popup="none" popup-page-rule="" />
  <Paragraph id="1095898" documentposition="193" splitpriority="none" dropdown="continue" popup="none" popup-page-rule="" />
  <Paragraph id="1095899" documentposition="194" splitpriority="none" dropdown="continue" popup="none" popup-page-rule="" />
  <Paragraph id="1095900" documentposition="195" splitpriority="none" dropdown="continue" popup="none" popup-page-rule="" />
  <Paragraph id="1095901" documentposition="196" splitpriority="none" dropdown="continue" popup="none" popup-page-rule="" />
  <Paragraph id="1095902" documentposition="197" splitpriority="none" dropdown="continue" popup="none" popup-page-rule="" />
  <Paragraph id="1095903" documentposition="198" splitpriority="none" dropdown="continue" popup="none" popup-page-rule="" />
  <Paragraph id="1095904" documentposition="199" splitpriority="none" dropdown="continue" popup="none" popup-page-rule="" />
  <Paragraph id="1095905" documentposition="200" splitpriority="none" dropdown="continue" popup="none" popup-page-rule="" />
  <Paragraph id="1095906" documentposition="201" splitpriority="none" dropdown="continue" popup="none" popup-page-rule="" />
  <Paragraph id="1095907" documentposition="202" splitpriority="none" dropdown="continue" popup="none" popup-page-rule="" />
  <Paragraph id="1095908" documentposition="203" splitpriority="none" dropdown="continue" popup="none" popup-page-rule="" />
  <Paragraph id="1095909" documentposition="204" splitpriority="none" dropdown="continue" popup="none" popup-page-rule="" />
  <Paragraph id="1095910" documentposition="205" splitpriority="none" dropdown="continue" popup="none" popup-page-rule="" />
  <Paragraph id="1095911" documentposition="206" splitpriority="none" dropdown="continue" popup="none" popup-page-rule="" />
  <Paragraph id="1095912" documentposition="207" splitpriority="none" dropdown="continue" popup="none" popup-page-rule="" />
  <Paragraph id="1095913" documentposition="208" splitpriority="none" dropdown="continue" popup="none" popup-page-rule="" />
  <Paragraph id="1095914" documentposition="209" splitpriority="none" dropdown="continue" popup="none" popup-page-rule="" />
  <Paragraph id="1095915" documentposition="210" splitpriority="none" dropdown="continue" popup="none" popup-page-rule="" />
  <Paragraph id="1095916" documentposition="211" splitpriority="none" dropdown="continue" popup="none" popup-page-rule="" />
  <Paragraph id="1095917" documentposition="212" splitpriority="none" dropdown="continue" popup="none" popup-page-rule="" />
  <Paragraph id="1095919" documentposition="213" splitpriority="3" dropdown="continue" popup="none" popup-page-rule="" />
  <Paragraph id="1095920" documentposition="214" splitpriority="none" dropdown="continue" popup="none" popup-page-rule="" />
  <Paragraph id="1095921" documentposition="215" splitpriority="none" dropdown="continue" popup="none" popup-page-rule="" />
  <Paragraph id="1095922" documentposition="216" splitpriority="none" dropdown="continue" popup="none" popup-page-rule="" />
  <Paragraph id="1095923" documentposition="217" splitpriority="none" dropdown="continue" popup="none" popup-page-rule="" />
  <Paragraph id="1095924" documentposition="218" splitpriority="none" dropdown="continue" popup="none" popup-page-rule="" />
  <Paragraph id="1095925" documentposition="219" splitpriority="none" dropdown="continue" popup="none" popup-page-rule="" />
  <Paragraph id="1095926" documentposition="220" splitpriority="none" dropdown="continue" popup="none" popup-page-rule="" />
  <Paragraph id="1095927" documentposition="221" splitpriority="none" dropdown="continue" popup="none" popup-page-rule="" />
  <Paragraph id="1095928" documentposition="222" splitpriority="none" dropdown="continue" popup="none" popup-page-rule="" />
  <Paragraph id="1095929" documentposition="223" splitpriority="none" dropdown="continue" popup="none" popup-page-rule="" />
  <Paragraph id="1095930" documentposition="224" splitpriority="none" dropdown="continue" popup="none" popup-page-rule="" />
  <Paragraph id="1095931" documentposition="225" splitpriority="none" dropdown="continue" popup="none" popup-page-rule="" />
  <Paragraph id="1095932" documentposition="226" splitpriority="none" dropdown="continue" popup="none" popup-page-rule="" />
  <Paragraph id="1095933" documentposition="227" splitpriority="none" dropdown="continue" popup="none" popup-page-rule="" />
  <Paragraph id="1095934" documentposition="228" splitpriority="none" dropdown="continue" popup="none" popup-page-rule="" />
  <Paragraph id="1095935" documentposition="229" splitpriority="none" dropdown="continue" popup="none" popup-page-rule="" />
  <Paragraph id="1095936" documentposition="230" splitpriority="none" dropdown="continue" popup="none" popup-page-rule="" />
  <Paragraph id="1095937" documentposition="231" splitpriority="none" dropdown="continue" popup="none" popup-page-rule="" />
  <Paragraph id="1095938" documentposition="232" splitpriority="none" dropdown="continue" popup="none" popup-page-rule="" />
  <Paragraph id="1095939" documentposition="233" splitpriority="none" dropdown="continue" popup="none" popup-page-rule="" />
  <Paragraph id="1095940" documentposition="234" splitpriority="none" dropdown="continue" popup="none" popup-page-rule="" />
  <Paragraph id="1095941" documentposition="235" splitpriority="none" dropdown="continue" popup="none" popup-page-rule="" />
  <Paragraph id="1095942" documentposition="236" splitpriority="none" dropdown="continue" popup="none" popup-page-rule="" />
  <Paragraph id="1095943" documentposition="237" splitpriority="none" dropdown="continue" popup="none" popup-page-rule="" />
  <Paragraph id="1095944" documentposition="238" splitpriority="none" dropdown="continue" popup="none" popup-page-rule="" />
  <Paragraph id="1095945" documentposition="239" splitpriority="none" dropdown="continue" popup="none" popup-page-rule="" />
  <Paragraph id="1095946" documentposition="240" splitpriority="none" dropdown="continue" popup="none" popup-page-rule="" />
  <Paragraph id="1095947" documentposition="241" splitpriority="none" dropdown="continue" popup="none" popup-page-rule="" />
  <Paragraph id="1095949" documentposition="242" splitpriority="3" dropdown="continue" popup="none" popup-page-rule="" />
  <Paragraph id="1095950" documentposition="243" splitpriority="none" dropdown="continue" popup="none" popup-page-rule="" />
  <Paragraph id="1095951" documentposition="244" splitpriority="none" dropdown="continue" popup="none" popup-page-rule="" />
  <Paragraph id="1095952" documentposition="245" splitpriority="none" dropdown="continue" popup="none" popup-page-rule="" />
  <Paragraph id="1095953" documentposition="246" splitpriority="none" dropdown="continue" popup="none" popup-page-rule="" />
  <Paragraph id="1095954" documentposition="247" splitpriority="none" dropdown="continue" popup="none" popup-page-rule="" />
  <Paragraph id="1095955" documentposition="248" splitpriority="none" dropdown="continue" popup="none" popup-page-rule="" />
  <Paragraph id="1095956" documentposition="249" splitpriority="none" dropdown="continue" popup="none" popup-page-rule="" />
  <Paragraph id="1095957" documentposition="250" splitpriority="none" dropdown="continue" popup="none" popup-page-rule="" />
  <Paragraph id="1095958" documentposition="251" splitpriority="none" dropdown="continue" popup="none" popup-page-rule="" />
  <Paragraph id="1095959" documentposition="252" splitpriority="none" dropdown="continue" popup="none" popup-page-rule="" />
  <Paragraph id="1095960" documentposition="253" splitpriority="none" dropdown="continue" popup="none" popup-page-rule="" />
  <Paragraph id="1095961" documentposition="254" splitpriority="none" dropdown="continue" popup="none" popup-page-rule="" />
  <Paragraph id="1095962" documentposition="255" splitpriority="none" dropdown="continue" popup="none" popup-page-rule="" />
  <Paragraph id="1095963" documentposition="256" splitpriority="none" dropdown="continue" popup="none" popup-page-rule="" />
  <Paragraph id="1095964" documentposition="257" splitpriority="none" dropdown="continue" popup="none" popup-page-rule="" />
  <Paragraph id="1095965" documentposition="258" splitpriority="none" dropdown="continue" popup="none" popup-page-rule="" />
  <Paragraph id="1095966" documentposition="259" splitpriority="none" dropdown="continue" popup="none" popup-page-rule="" />
  <Paragraph id="1095967" documentposition="260" splitpriority="none" dropdown="continue" popup="none" popup-page-rule="" />
  <Paragraph id="1095968" documentposition="261" splitpriority="none" dropdown="continue" popup="none" popup-page-rule="" />
  <Paragraph id="1095969" documentposition="262" splitpriority="none" dropdown="continue" popup="none" popup-page-rule="" />
  <Paragraph id="1095970" documentposition="263" splitpriority="none" dropdown="continue" popup="none" popup-page-rule="" />
  <Paragraph id="1095971" documentposition="264" splitpriority="none" dropdown="continue" popup="none" popup-page-rule="" />
  <Paragraph id="1095972" documentposition="265" splitpriority="none" dropdown="continue" popup="none" popup-page-rule="" />
  <Paragraph id="1095973" documentposition="266" splitpriority="none" dropdown="continue" popup="none" popup-page-rule="" />
  <Paragraph id="1095974" documentposition="267" splitpriority="none" dropdown="continue" popup="none" popup-page-rule="" />
  <Paragraph id="1095975" documentposition="268" splitpriority="none" dropdown="continue" popup="none" popup-page-rule="" />
  <Paragraph id="1095976" documentposition="269" splitpriority="none" dropdown="continue" popup="none" popup-page-rule="" />
  <Paragraph id="1095977" documentposition="270" splitpriority="none" dropdown="continue" popup="none" popup-page-rule="" />
  <Paragraph id="1095978" documentposition="271" splitpriority="none" dropdown="continue" popup="none" popup-page-rule="" />
  <Paragraph id="1095979" documentposition="272" splitpriority="none" dropdown="continue" popup="none" popup-page-rule="" />
  <Paragraph id="1095980" documentposition="273" splitpriority="none" dropdown="continue" popup="none" popup-page-rule="" />
  <Paragraph id="1095981" documentposition="274" splitpriority="none" dropdown="continue" popup="none" popup-page-rule="" />
  <Paragraph id="1095982" documentposition="275" splitpriority="none" dropdown="continue" popup="none" popup-page-rule="" />
  <Paragraph id="1095983" documentposition="276" splitpriority="none" dropdown="continue" popup="none" popup-page-rule="" />
  <Paragraph id="1095984" documentposition="277" splitpriority="none" dropdown="continue" popup="none" popup-page-rule="" />
  <Paragraph id="1095985" documentposition="278" splitpriority="none" dropdown="continue" popup="none" popup-page-rule="" />
  <Paragraph id="1095986" documentposition="279" splitpriority="none" dropdown="continue" popup="none" popup-page-rule="" />
  <Paragraph id="1095987" documentposition="280" splitpriority="none" dropdown="continue" popup="none" popup-page-rule="" />
  <Paragraph id="1095988" documentposition="281" splitpriority="none" dropdown="continue" popup="none" popup-page-rule="" />
  <Paragraph id="1095989" documentposition="282" splitpriority="none" dropdown="continue" popup="none" popup-page-rule="" />
  <Paragraph id="1095990" documentposition="283" splitpriority="none" dropdown="continue" popup="none" popup-page-rule="" />
  <Paragraph id="1095991" documentposition="284" splitpriority="none" dropdown="continue" popup="none" popup-page-rule="" />
  <Paragraph id="1095992" documentposition="285" splitpriority="none" dropdown="continue" popup="none" popup-page-rule="" />
  <Paragraph id="1095993" documentposition="286" splitpriority="none" dropdown="continue" popup="none" popup-page-rule="" />
  <Paragraph id="1095994" documentposition="287" splitpriority="none" dropdown="continue" popup="none" popup-page-rule="" />
  <Paragraph id="1095995" documentposition="288" splitpriority="none" dropdown="continue" popup="none" popup-page-rule="" />
  <Paragraph id="1095996" documentposition="289" splitpriority="none" dropdown="continue" popup="none" popup-page-rule="" />
  <Paragraph id="1095997" documentposition="290" splitpriority="none" dropdown="continue" popup="none" popup-page-rule="" />
  <Paragraph id="1095998" documentposition="291" splitpriority="none" dropdown="continue" popup="none" popup-page-rule="" />
  <Paragraph id="1095999" documentposition="292" splitpriority="none" dropdown="continue" popup="none" popup-page-rule="" />
  <Paragraph id="1056643" documentposition="293" splitpriority="none" dropdown="continue" popup="none" popup-page-rule="" />
</Behaviors>