<?xml version="1.0" encoding="utf-8"?>
<Behaviors version="1.0" xmlns="urn:WebWorks-Behaviors-Schema">
  <Split id="1052621" documentposition="3">
    <Paragraph id="1052621" documentposition="3" splitpriority="1" />
    <Paragraph id="1155472" documentposition="4" splitpriority="none" />
    <Paragraph id="1132391" documentposition="5" splitpriority="none" />
    <Paragraph id="1155577" documentposition="6" splitpriority="none" />
    <Paragraph id="1173335" documentposition="7" splitpriority="none" />
    <Paragraph id="1173339" documentposition="8" splitpriority="none" />
    <Paragraph id="1155582" documentposition="9" splitpriority="none" />
  </Split>
  <Split id="1143839" documentposition="10">
    <Paragraph id="1143839" documentposition="10" splitpriority="2" />
    <Paragraph id="1148910" documentposition="11" splitpriority="none" />
    <Paragraph id="1148918" documentposition="12" splitpriority="none" />
    <Table id="1148922" documentposition="13" splitpriority="none">
      <TableCell>
        <Paragraph id="1156092" />
      </TableCell>
      <TableCell>
        <Paragraph id="1156094" />
      </TableCell>
      <TableCell>
        <Paragraph id="1156096" />
      </TableCell>
      <TableCell>
        <Paragraph id="1156098" />
      </TableCell>
      <TableCell>
        <Paragraph id="1156100" />
      </TableCell>
      <TableCell>
        <Paragraph id="1156102" />
      </TableCell>
      <TableCell>
        <Paragraph id="1156104" />
      </TableCell>
      <TableCell>
        <Paragraph id="1156106" />
      </TableCell>
      <TableCell>
        <Paragraph id="1156108" />
      </TableCell>
      <TableCell>
        <Paragraph id="1156110" />
      </TableCell>
      <TableCell>
        <Paragraph id="1156112" />
      </TableCell>
      <TableCell>
        <Paragraph id="1156114" />
      </TableCell>
    </Table>
    <Paragraph id="1149197" documentposition="14" splitpriority="none" />
    <Paragraph id="1149192" documentposition="15" splitpriority="none" />
    <Paragraph id="1148510" documentposition="16" splitpriority="none" />
    <Paragraph id="1148500" documentposition="17" splitpriority="none" />
    <Paragraph id="1219870" documentposition="18" splitpriority="none" relatedtopic="define-no-output" />
    <Paragraph id="1219874" documentposition="19" splitpriority="none" relatedtopic="define-no-output" />
    <Paragraph id="1219878" documentposition="20" splitpriority="none" relatedtopic="define-no-output" />
    <Paragraph id="1219882" documentposition="21" splitpriority="none" relatedtopic="define-no-output" />
    <Paragraph id="1219886" documentposition="22" splitpriority="none" relatedtopic="define-no-output" />
    <Paragraph id="1219890" documentposition="23" splitpriority="none" relatedtopic="define-no-output" />
  </Split>
  <Split id="1132394" documentposition="24">
    <Paragraph id="1132394" documentposition="24" splitpriority="2" />
    <Paragraph id="1136433" documentposition="25" splitpriority="none" />
    <Paragraph id="1219898" documentposition="26" splitpriority="none" />
    <Paragraph id="1219902" documentposition="27" splitpriority="none" />
    <Paragraph id="1219906" documentposition="28" splitpriority="none" />
    <Paragraph id="1219910" documentposition="29" splitpriority="none" />
    <Paragraph id="1219914" documentposition="30" splitpriority="none" />
  </Split>
  <Split id="1219916" documentposition="31">
    <Paragraph id="1219916" documentposition="31" splitpriority="3" />
    <Paragraph id="1175507" documentposition="32" splitpriority="none" />
    <Paragraph id="1136435" documentposition="33" splitpriority="none" />
    <Paragraph id="1136437" documentposition="34" splitpriority="none" />
    <Paragraph id="1132395" documentposition="35" splitpriority="none" />
    <Paragraph id="1180610" documentposition="37" splitpriority="none" />
  </Split>
  <Split id="1180612" documentposition="38">
    <Paragraph id="1180612" documentposition="38" splitpriority="3" />
    <Paragraph id="1149732" documentposition="39" splitpriority="none" />
    <Paragraph id="1149736" documentposition="40" splitpriority="none" />
    <Paragraph id="1174108" documentposition="41" splitpriority="none">
      <Paragraph id="1174111" />
    </Paragraph>
    <Table id="1174116" documentposition="43" splitpriority="none">
      <TableCell>
        <Paragraph id="1174118" />
      </TableCell>
      <TableCell>
        <Paragraph id="1174120" />
      </TableCell>
      <TableCell>
        <Paragraph id="1174122" />
      </TableCell>
      <TableCell>
        <Paragraph id="1174124" />
      </TableCell>
      <TableCell>
        <Paragraph id="1174126" />
      </TableCell>
      <TableCell>
        <Paragraph id="1174128" />
      </TableCell>
      <TableCell>
        <Paragraph id="1174130" />
      </TableCell>
      <TableCell>
        <Paragraph id="1174132" />
      </TableCell>
      <TableCell>
        <Paragraph id="1174135" />
      </TableCell>
      <TableCell>
        <Paragraph id="1174137" />
        <Paragraph id="1174138" />
        <Paragraph id="1174139" />
        <Paragraph id="1174141" />
      </TableCell>
      <TableCell>
        <Paragraph id="1174145" />
      </TableCell>
      <TableCell>
        <Paragraph id="1174147" />
        <Paragraph id="1174148" />
        <Paragraph id="1174149" />
        <Paragraph id="1174150" />
        <Paragraph id="1189862" />
        <Paragraph id="1184735" />
        <Paragraph id="1194698" />
        <Paragraph id="1194704" />
      </TableCell>
      <TableCell>
        <Paragraph id="1174152" />
      </TableCell>
      <TableCell>
        <Paragraph id="1174154" />
        <Paragraph id="1174156" />
        <Paragraph id="1200502" />
      </TableCell>
      <TableCell>
        <Paragraph id="1174158" />
      </TableCell>
      <TableCell>
        <Paragraph id="1190568" />
      </TableCell>
      <TableCell>
        <Paragraph id="1174162" />
      </TableCell>
      <TableCell>
        <Paragraph id="1174164" />
      </TableCell>
    </Table>
    <Paragraph id="1138422" documentposition="44" splitpriority="none" />
    <Paragraph id="1149470" documentposition="45" splitpriority="none" />
    <Paragraph id="1178259" documentposition="46" splitpriority="none" />
  </Split>
  <Split id="1138656" documentposition="47">
    <Paragraph id="1138656" documentposition="47" splitpriority="3" />
    <Paragraph id="1138709" documentposition="48" splitpriority="none" />
    <Paragraph id="1160670" documentposition="49" splitpriority="none" />
    <Paragraph id="1201553" documentposition="50" splitpriority="none" />
    <Table id="1207736" documentposition="52" splitpriority="none">
      <TableCell>
        <Paragraph id="1207738" />
      </TableCell>
      <TableCell>
        <Paragraph id="1207740" />
      </TableCell>
      <TableCell>
        <Paragraph id="1207742" />
      </TableCell>
      <TableCell>
        <Paragraph id="1207744" />
      </TableCell>
      <TableCell>
        <Paragraph id="1207746" />
      </TableCell>
      <TableCell>
        <Paragraph id="1207750" />
      </TableCell>
      <TableCell>
        <Paragraph id="1207752" />
      </TableCell>
      <TableCell>
        <Paragraph id="1207754" />
      </TableCell>
      <TableCell>
        <Paragraph id="1207756" />
      </TableCell>
      <TableCell>
        <Paragraph id="1207758" />
      </TableCell>
      <TableCell>
        <Paragraph id="1207760" />
        <Paragraph id="1207761" />
      </TableCell>
    </Table>
    <Paragraph id="1207768" documentposition="53" splitpriority="none" />
    <Paragraph id="1138974" documentposition="54" splitpriority="none" />
  </Split>
  <Split id="1138988" documentposition="55">
    <Paragraph id="1138988" documentposition="55" splitpriority="3" />
    <Paragraph id="1138994" documentposition="56" splitpriority="none" />
    <Paragraph id="1220131" documentposition="58" splitpriority="none" relatedtopic="define-no-output" />
    <Paragraph id="1220135" documentposition="59" splitpriority="none" relatedtopic="define-no-output" />
    <Paragraph id="1220139" documentposition="60" splitpriority="none" relatedtopic="define-no-output" />
    <Paragraph id="1220143" documentposition="61" splitpriority="none" relatedtopic="define-no-output" />
    <Paragraph id="1220147" documentposition="62" splitpriority="none" relatedtopic="define-no-output" />
    <Paragraph id="1220151" documentposition="63" splitpriority="none" relatedtopic="define-no-output" />
    <Paragraph id="1220155" documentposition="64" splitpriority="none" relatedtopic="define-no-output" />
  </Split>
  <Split id="1201717" documentposition="65">
    <Paragraph id="1201717" documentposition="65" splitpriority="4" />
    <Paragraph id="1162414" documentposition="66" splitpriority="none" />
    <Paragraph id="1189887" documentposition="67" splitpriority="none">
      <Paragraph id="1189893" />
    </Paragraph>
    <Table id="1189894" documentposition="68" splitpriority="none">
      <TableCell>
        <Paragraph id="1189896" />
      </TableCell>
      <TableCell>
        <Paragraph id="1189898" />
      </TableCell>
      <TableCell>
        <Paragraph id="1189900" />
      </TableCell>
      <TableCell>
        <Paragraph id="1189902" />
      </TableCell>
      <TableCell>
        <Paragraph id="1189904" />
      </TableCell>
      <TableCell>
        <Paragraph id="1189906" />
      </TableCell>
      <TableCell>
        <Paragraph id="1189908" />
      </TableCell>
      <TableCell>
        <Paragraph id="1189910" />
      </TableCell>
      <TableCell>
        <Paragraph id="1189912" />
      </TableCell>
      <TableCell>
        <Paragraph id="1189914" />
      </TableCell>
      <TableCell>
        <Paragraph id="1189916" />
      </TableCell>
      <TableCell>
        <Paragraph id="1189918" />
      </TableCell>
      <TableCell>
        <Paragraph id="1189920" />
      </TableCell>
      <TableCell>
        <Paragraph id="1189922" />
      </TableCell>
    </Table>
    <Paragraph id="1189928" documentposition="69" splitpriority="none" />
    <Paragraph id="1204409" documentposition="70" splitpriority="none" />
    <Paragraph id="1204413" documentposition="71" splitpriority="none" />
  </Split>
  <Split id="1139575" documentposition="72">
    <Paragraph id="1139575" documentposition="72" splitpriority="4" />
    <Paragraph id="1132408" documentposition="73" splitpriority="none" />
    <Paragraph id="1140686" documentposition="74" splitpriority="none" />
    <Paragraph id="1140687" documentposition="75" splitpriority="none">
      <Paragraph id="1200471" />
    </Paragraph>
    <Table id="1162312" documentposition="76" splitpriority="none">
      <TableCell>
        <Paragraph id="1162314" />
      </TableCell>
      <TableCell>
        <Paragraph id="1162316" />
      </TableCell>
      <TableCell>
        <Paragraph id="1162318" />
      </TableCell>
      <TableCell>
        <Paragraph id="1162320" />
      </TableCell>
      <TableCell>
        <Paragraph id="1162322" />
      </TableCell>
      <TableCell>
        <Paragraph id="1162324" />
      </TableCell>
      <TableCell>
        <Paragraph id="1162326" />
      </TableCell>
      <TableCell>
        <Paragraph id="1162328" />
        <Paragraph id="1190070" />
      </TableCell>
    </Table>
    <Paragraph id="1140851" documentposition="77" splitpriority="none" />
    <Paragraph id="1140859" documentposition="78" splitpriority="none" />
    <Paragraph id="1150141" documentposition="79" splitpriority="none" />
    <Paragraph id="1140892" documentposition="80" splitpriority="none" />
  </Split>
  <Split id="1140893" documentposition="81">
    <Paragraph id="1140893" documentposition="81" splitpriority="4" />
    <Paragraph id="1151323" documentposition="82" splitpriority="none" />
    <Paragraph id="1150878" documentposition="83" splitpriority="none" />
    <Paragraph id="1150885" documentposition="84" splitpriority="none" />
    <Paragraph id="1154426" documentposition="85" splitpriority="none" />
    <Paragraph id="1154349" documentposition="86" splitpriority="none" />
    <Paragraph id="1154351" documentposition="87" splitpriority="none" />
    <Paragraph id="1150895" documentposition="88" splitpriority="none">
      <Frame id="1150897">
        <Frame id="1150898">
          <Paragraph id="1150911" />
        </Frame>
        <Frame id="1150900">
          <Paragraph id="1150912" />
        </Frame>
        <Frame id="1150902">
          <Paragraph id="1150913" />
        </Frame>
        <Frame id="1150904">
          <Paragraph id="1150914" />
        </Frame>
        <Frame id="1150906">
          <Paragraph id="1150915" />
        </Frame>
        <Frame id="1150909" />
        <Frame id="1150910" />
        <Frame id="1154306">
          <Paragraph id="1154305" />
        </Frame>
        <Frame id="1154311" />
        <Frame id="1154313" />
        <Frame id="1154315">
          <Paragraph id="1154317" />
        </Frame>
      </Frame>
    </Paragraph>
    <Paragraph id="1150919" documentposition="90" splitpriority="none" />
    <Paragraph id="1220289" documentposition="91" splitpriority="none" relatedtopic="define-no-output" />
    <Paragraph id="1220293" documentposition="92" splitpriority="none" relatedtopic="define-no-output" />
    <Paragraph id="1220297" documentposition="93" splitpriority="none" relatedtopic="define-no-output" />
    <Paragraph id="1220301" documentposition="94" splitpriority="none" relatedtopic="define-no-output" />
  </Split>
  <Split id="1157154" documentposition="95">
    <Paragraph id="1157154" documentposition="95" splitpriority="4" />
    <Paragraph id="1150541" documentposition="96" splitpriority="none" />
    <Paragraph id="1186444" documentposition="97" splitpriority="none" />
    <Paragraph id="1186435" documentposition="98" splitpriority="none" />
    <Paragraph id="1150568" documentposition="99" splitpriority="none" />
    <Paragraph id="1206852" documentposition="101" splitpriority="none">
      <Paragraph id="1186079" />
    </Paragraph>
    <Table id="1141084" documentposition="102" splitpriority="none">
      <TableCell>
        <Paragraph id="1141086" />
      </TableCell>
      <TableCell>
        <Paragraph id="1141088" />
      </TableCell>
      <TableCell>
        <Paragraph id="1141090" />
      </TableCell>
      <TableCell>
        <Paragraph id="1141092" />
      </TableCell>
      <TableCell>
        <Paragraph id="1141094" />
      </TableCell>
      <TableCell>
        <Paragraph id="1141096" />
      </TableCell>
      <TableCell>
        <Paragraph id="1162582" />
      </TableCell>
      <TableCell>
        <Paragraph id="1163304" />
      </TableCell>
      <TableCell>
        <Paragraph id="1162578" />
      </TableCell>
      <TableCell>
        <Paragraph id="1163417" />
      </TableCell>
      <TableCell>
        <Paragraph id="1162574" />
      </TableCell>
      <TableCell>
        <Paragraph id="1163453" />
      </TableCell>
      <TableCell>
        <Paragraph id="1162570" />
      </TableCell>
      <TableCell>
        <Paragraph id="1163521" />
      </TableCell>
    </Table>
    <Paragraph id="1150629" documentposition="103" splitpriority="none" />
    <Paragraph id="1154627" documentposition="104" splitpriority="none" />
    <Paragraph id="1150689" documentposition="105" splitpriority="none" />
    <Paragraph id="1165653" documentposition="106" splitpriority="none">
      <Frame id="1165658" />
    </Paragraph>
    <Paragraph id="1167057" documentposition="107" splitpriority="none">
      <Frame id="1167060" />
    </Paragraph>
    <Paragraph id="1157520" documentposition="108" splitpriority="none">
      <Frame id="1157544" />
    </Paragraph>
    <Paragraph id="1150534" documentposition="109" splitpriority="none" />
    <Paragraph id="1220385" documentposition="110" splitpriority="none" relatedtopic="define-no-output" />
    <Paragraph id="1220389" documentposition="111" splitpriority="none" relatedtopic="define-no-output" />
    <Paragraph id="1220393" documentposition="112" splitpriority="none" relatedtopic="define-no-output" />
  </Split>
  <Split id="1168814" documentposition="113">
    <Paragraph id="1168814" documentposition="113" splitpriority="4" />
    <Paragraph id="1141248" documentposition="114" splitpriority="none" />
    <Paragraph id="1186409" documentposition="115" splitpriority="none" />
    <Paragraph id="1141450" documentposition="116" splitpriority="none" />
    <Paragraph id="1206921" documentposition="118" splitpriority="none">
      <Paragraph id="1186053" />
    </Paragraph>
    <Table id="1151404" documentposition="119" splitpriority="none">
      <TableCell>
        <Paragraph id="1151406" />
      </TableCell>
      <TableCell>
        <Paragraph id="1151408" />
      </TableCell>
      <TableCell>
        <Paragraph id="1151410" />
      </TableCell>
      <TableCell>
        <Paragraph id="1151412" />
      </TableCell>
      <TableCell>
        <Paragraph id="1151414" />
      </TableCell>
      <TableCell>
        <Paragraph id="1151416" />
      </TableCell>
      <TableCell>
        <Paragraph id="1164263" />
      </TableCell>
      <TableCell>
        <Paragraph id="1164265" />
      </TableCell>
      <TableCell>
        <Paragraph id="1151418" />
      </TableCell>
      <TableCell>
        <Paragraph id="1151420" />
        <Paragraph id="1186901" />
        <Paragraph id="1186815" />
      </TableCell>
      <TableCell>
        <Paragraph id="1164233" />
      </TableCell>
      <TableCell>
        <Paragraph id="1164235" />
      </TableCell>
      <TableCell>
        <Paragraph id="1186125" />
      </TableCell>
      <TableCell>
        <Paragraph id="1186127" />
      </TableCell>
      <TableCell>
        <Paragraph id="1186121" />
      </TableCell>
      <TableCell>
        <Paragraph id="1186123" />
      </TableCell>
    </Table>
    <Paragraph id="1157337" documentposition="120" splitpriority="none" />
    <Paragraph id="1186317" documentposition="121" splitpriority="none" />
    <Paragraph id="1151525" documentposition="122" splitpriority="none" />
    <Paragraph id="1164330" documentposition="123" splitpriority="none">
      <Frame id="1190452" />
    </Paragraph>
    <Paragraph id="1166998" documentposition="124" splitpriority="none">
      <Frame id="1166996" />
    </Paragraph>
    <Paragraph id="1157633" documentposition="125" splitpriority="none">
      <Frame id="1157631" />
    </Paragraph>
    <Paragraph id="1190442" documentposition="126" splitpriority="none">
      <Frame id="1190444" />
    </Paragraph>
    <Paragraph id="1190449" documentposition="127" splitpriority="none" />
    <Paragraph id="1220475" documentposition="128" splitpriority="none" relatedtopic="define-no-output" />
    <Paragraph id="1220479" documentposition="129" splitpriority="none" relatedtopic="define-no-output" />
    <Paragraph id="1220483" documentposition="130" splitpriority="none" relatedtopic="define-no-output" />
  </Split>
  <Split id="1141491" documentposition="131">
    <Paragraph id="1141491" documentposition="131" splitpriority="4" />
    <Paragraph id="1141501" documentposition="132" splitpriority="none" />
    <Paragraph id="1151670" documentposition="133" splitpriority="none" />
    <Paragraph id="1141502" documentposition="134" splitpriority="none" />
    <Paragraph id="1151699" documentposition="135" splitpriority="none">
      <Paragraph id="1190253" />
    </Paragraph>
    <Table id="1151682" documentposition="136" splitpriority="none">
      <TableCell>
        <Paragraph id="1151684" />
      </TableCell>
      <TableCell>
        <Paragraph id="1151686" />
      </TableCell>
      <TableCell>
        <Paragraph id="1151688" />
      </TableCell>
      <TableCell>
        <Paragraph id="1151690" />
      </TableCell>
      <TableCell>
        <Paragraph id="1151692" />
      </TableCell>
      <TableCell>
        <Paragraph id="1151694" />
      </TableCell>
      <TableCell>
        <Paragraph id="1151696" />
      </TableCell>
      <TableCell>
        <Paragraph id="1164636" />
        <Paragraph id="1186902" />
        <Paragraph id="1186777" />
      </TableCell>
      <TableCell>
        <Paragraph id="1164752" />
      </TableCell>
      <TableCell>
        <Paragraph id="1164754" />
      </TableCell>
      <TableCell>
        <Paragraph id="1186457" />
      </TableCell>
      <TableCell>
        <Paragraph id="1186459" />
      </TableCell>
      <TableCell>
        <Paragraph id="1186450" />
      </TableCell>
      <TableCell>
        <Paragraph id="1186452" />
      </TableCell>
    </Table>
    <Paragraph id="1157862" documentposition="137" splitpriority="none" />
    <Paragraph id="1154871" documentposition="138" splitpriority="none" />
    <Paragraph id="1151771" documentposition="139" splitpriority="none" />
    <Paragraph id="1157760" documentposition="140" splitpriority="none">
      <Frame id="1157758" />
    </Paragraph>
    <Paragraph id="1165611" documentposition="141" splitpriority="none">
      <Frame id="1165615" />
    </Paragraph>
    <Paragraph id="1157767" documentposition="142" splitpriority="none">
      <Frame id="1157765" />
    </Paragraph>
    <Paragraph id="1151840" documentposition="143" splitpriority="none" />
    <Paragraph id="1220549" documentposition="144" splitpriority="none" relatedtopic="define-no-output" />
    <Paragraph id="1220553" documentposition="145" splitpriority="none" relatedtopic="define-no-output" />
    <Paragraph id="1220557" documentposition="146" splitpriority="none" relatedtopic="define-no-output" />
  </Split>
  <Split id="1151841" documentposition="147">
    <Paragraph id="1151841" documentposition="147" splitpriority="4" />
    <Paragraph id="1151842" documentposition="148" splitpriority="none" />
    <Paragraph id="1141565" documentposition="149" splitpriority="none" />
    <Paragraph id="1141566" documentposition="150" splitpriority="none" />
    <Paragraph id="1151881" documentposition="151" splitpriority="none">
      <Paragraph id="1187082" />
    </Paragraph>
    <Table id="1151864" documentposition="152" splitpriority="none">
      <TableCell>
        <Paragraph id="1151866" />
      </TableCell>
      <TableCell>
        <Paragraph id="1151868" />
      </TableCell>
      <TableCell>
        <Paragraph id="1151870" />
      </TableCell>
      <TableCell>
        <Paragraph id="1151872" />
      </TableCell>
      <TableCell>
        <Paragraph id="1151874" />
      </TableCell>
      <TableCell>
        <Paragraph id="1151876" />
      </TableCell>
      <TableCell>
        <Paragraph id="1151878" />
      </TableCell>
      <TableCell>
        <Paragraph id="1164904" />
        <Paragraph id="1186903" />
        <Paragraph id="1186904" />
        <Paragraph id="1186949" />
      </TableCell>
      <TableCell>
        <Paragraph id="1165038" />
      </TableCell>
      <TableCell>
        <Paragraph id="1165040" />
      </TableCell>
      <TableCell>
        <Paragraph id="1186683" />
      </TableCell>
      <TableCell>
        <Paragraph id="1186685" />
      </TableCell>
      <TableCell>
        <Paragraph id="1186676" />
      </TableCell>
      <TableCell>
        <Paragraph id="1186678" />
      </TableCell>
    </Table>
    <Paragraph id="1158021" documentposition="153" splitpriority="none" />
    <Paragraph id="1154912" documentposition="154" splitpriority="none" />
    <Paragraph id="1141567" documentposition="155" splitpriority="none" />
    <Paragraph id="1158055" documentposition="156" splitpriority="none">
      <Frame id="1158053" />
    </Paragraph>
    <Paragraph id="1165150" documentposition="157" splitpriority="none">
      <Frame id="1165511" />
    </Paragraph>
    <Paragraph id="1158062" documentposition="158" splitpriority="none">
      <Frame id="1158060" />
    </Paragraph>
    <Paragraph id="1141686" documentposition="159" splitpriority="none" />
    <Paragraph id="1220623" documentposition="160" splitpriority="none" relatedtopic="define-no-output" />
    <Paragraph id="1220627" documentposition="161" splitpriority="none" relatedtopic="define-no-output" />
    <Paragraph id="1220631" documentposition="162" splitpriority="none" relatedtopic="define-no-output" />
    <Paragraph id="1220635" documentposition="163" splitpriority="none" relatedtopic="define-no-output" />
  </Split>
  <Split id="1141559" documentposition="164">
    <Paragraph id="1141559" documentposition="164" splitpriority="4" />
    <Paragraph id="1141717" documentposition="165" splitpriority="none" />
    <Paragraph id="1190394" documentposition="166" splitpriority="none" />
    <Paragraph id="1141718" documentposition="167" splitpriority="none" />
    <Paragraph id="1206994" documentposition="169" splitpriority="none">
      <Paragraph id="1187096" />
    </Paragraph>
    <Table id="1152013" documentposition="170" splitpriority="none">
      <TableCell>
        <Paragraph id="1152015" />
      </TableCell>
      <TableCell>
        <Paragraph id="1152017" />
      </TableCell>
      <TableCell>
        <Paragraph id="1152019" />
      </TableCell>
      <TableCell>
        <Paragraph id="1152021" />
      </TableCell>
      <TableCell>
        <Paragraph id="1165085" />
      </TableCell>
      <TableCell>
        <Paragraph id="1165087" />
      </TableCell>
      <TableCell>
        <Paragraph id="1152027" />
      </TableCell>
      <TableCell>
        <Paragraph id="1165103" />
        <Paragraph id="1187106" />
        <Paragraph id="1187107" />
      </TableCell>
      <TableCell>
        <Paragraph id="1219659" />
      </TableCell>
      <TableCell>
        <Paragraph id="1219661" />
      </TableCell>
      <TableCell>
        <Paragraph id="1219655" />
      </TableCell>
      <TableCell>
        <Paragraph id="1219657" />
      </TableCell>
      <TableCell>
        <Paragraph id="1219651" />
      </TableCell>
      <TableCell>
        <Paragraph id="1219653" />
      </TableCell>
    </Table>
    <Paragraph id="1152030" documentposition="171" splitpriority="none" />
    <Paragraph id="1154939" documentposition="172" splitpriority="none" />
    <Paragraph id="1152032" documentposition="173" splitpriority="none" />
    <Paragraph id="1165156" documentposition="174" splitpriority="none">
      <Frame id="1165158" />
    </Paragraph>
    <Paragraph id="1165163" documentposition="175" splitpriority="none">
      <Frame id="1165161" />
    </Paragraph>
    <Paragraph id="1154959" documentposition="176" splitpriority="none" />
    <Paragraph id="1141806" documentposition="177" splitpriority="none" />
  </Split>
  <Split id="1208140" documentposition="178">
    <Paragraph id="1208140" documentposition="178" splitpriority="4" />
    <Paragraph id="1215651" documentposition="179" splitpriority="none">
      <Frame id="1215649">
        <Frame id="1215650" />
      </Frame>
    </Paragraph>
    <Paragraph id="1208150" documentposition="180" splitpriority="none" />
    <Paragraph id="1208151" documentposition="181" splitpriority="none">
      <Frame id="1208153" />
    </Paragraph>
    <Paragraph id="1208155" documentposition="182" splitpriority="none" />
    <Paragraph id="1208160" documentposition="183" splitpriority="none">
      <Frame id="1208158" />
    </Paragraph>
    <Table id="1208164" documentposition="184" splitpriority="none">
      <TableCell>
        <Paragraph id="1208166" />
      </TableCell>
      <TableCell>
        <Paragraph id="1208168" />
      </TableCell>
      <TableCell>
        <Paragraph id="1208170" />
      </TableCell>
      <TableCell>
        <Paragraph id="1208174" />
      </TableCell>
      <TableCell>
        <Paragraph id="1208176" />
      </TableCell>
      <TableCell>
        <Paragraph id="1208178" />
      </TableCell>
      <TableCell>
        <Paragraph id="1208180" />
      </TableCell>
      <TableCell>
        <Paragraph id="1208182" />
      </TableCell>
      <TableCell>
        <Paragraph id="1208186" />
      </TableCell>
      <TableCell>
        <Paragraph id="1208188" />
        <Paragraph id="1208189" />
        <Paragraph id="1208190" />
      </TableCell>
      <TableCell>
        <Paragraph id="1208192" />
      </TableCell>
      <TableCell>
        <Paragraph id="1208194" />
      </TableCell>
      <TableCell>
        <Paragraph id="1208196" />
      </TableCell>
      <TableCell>
        <Paragraph id="1208200" />
      </TableCell>
      <TableCell>
        <Paragraph id="1208202" />
      </TableCell>
      <TableCell>
        <Paragraph id="1208205" />
      </TableCell>
      <TableCell>
        <Paragraph id="1208207" />
      </TableCell>
    </Table>
    <Paragraph id="1208213" documentposition="185" splitpriority="none" />
    <Paragraph id="1208214" documentposition="186" splitpriority="none" />
    <Paragraph id="1208215" documentposition="187" splitpriority="none" />
    <Paragraph id="1220768" documentposition="188" splitpriority="none" relatedtopic="define-no-output" />
    <Paragraph id="1220772" documentposition="189" splitpriority="none" relatedtopic="define-no-output" />
    <Paragraph id="1220776" documentposition="190" splitpriority="none" relatedtopic="define-no-output" />
    <Paragraph id="1220780" documentposition="191" splitpriority="none" />
    <Paragraph id="1220784" documentposition="192" splitpriority="none" relatedtopic="define-no-output" />
  </Split>
  <Split id="1141807" documentposition="193">
    <Paragraph id="1141807" documentposition="193" splitpriority="3" />
    <Paragraph id="1204204" documentposition="194" splitpriority="none" />
    <Table id="1204209" documentposition="196" splitpriority="none">
      <TableCell>
        <Paragraph id="1204211" />
      </TableCell>
      <TableCell>
        <Paragraph id="1204213" />
      </TableCell>
      <TableCell>
        <Paragraph id="1204215" />
      </TableCell>
      <TableCell>
        <Paragraph id="1204217" />
      </TableCell>
      <TableCell>
        <Paragraph id="1204219" />
      </TableCell>
      <TableCell>
        <Paragraph id="1204221" />
      </TableCell>
      <TableCell>
        <Paragraph id="1204223" />
      </TableCell>
      <TableCell>
        <Paragraph id="1204225" />
      </TableCell>
      <TableCell>
        <Paragraph id="1204227" />
      </TableCell>
      <TableCell>
        <Paragraph id="1204229" />
      </TableCell>
    </Table>
    <Paragraph id="1204235" documentposition="197" splitpriority="none" />
    <Paragraph id="1167479" documentposition="198" splitpriority="none" />
  </Split>
  <Split id="1152285" documentposition="199">
    <Paragraph id="1152285" documentposition="199" splitpriority="3" />
    <Paragraph id="1152286" documentposition="200" splitpriority="none" />
    <Paragraph id="1155040" documentposition="201" splitpriority="none" />
    <Paragraph id="1143394" documentposition="202" splitpriority="none" />
    <Paragraph id="1143410" documentposition="203" splitpriority="none" />
    <Paragraph id="1143405" documentposition="204" splitpriority="none" />
    <Paragraph id="1143457" documentposition="205" splitpriority="none">
      <Paragraph id="1143646" />
    </Paragraph>
    <Table id="1143471" documentposition="206" splitpriority="none">
      <TableCell>
        <Paragraph id="1143473" />
      </TableCell>
      <TableCell>
        <Paragraph id="1143475" />
      </TableCell>
      <TableCell>
        <Paragraph id="1143550" />
      </TableCell>
      <TableCell>
        <Paragraph id="1143552" />
      </TableCell>
      <TableCell>
        <Paragraph id="1143554" />
      </TableCell>
      <TableCell>
        <Paragraph id="1143556" />
      </TableCell>
      <TableCell>
        <Paragraph id="1143558" />
      </TableCell>
      <TableCell>
        <Paragraph id="1143560" />
      </TableCell>
      <TableCell>
        <Paragraph id="1143566" />
      </TableCell>
      <TableCell>
        <Paragraph id="1143568" />
      </TableCell>
      <TableCell>
        <Paragraph id="1143570" />
      </TableCell>
      <TableCell>
        <Paragraph id="1143572" />
      </TableCell>
      <TableCell>
        <Paragraph id="1143481" />
      </TableCell>
      <TableCell>
        <Paragraph id="1143483" />
      </TableCell>
      <TableCell>
        <Paragraph id="1143485" />
      </TableCell>
      <TableCell>
        <Paragraph id="1143487" />
      </TableCell>
      <TableCell>
        <Paragraph id="1143489" />
      </TableCell>
      <TableCell>
        <Paragraph id="1143491" />
      </TableCell>
      <TableCell>
        <Paragraph id="1143493" />
      </TableCell>
      <TableCell>
        <Paragraph id="1143495" />
      </TableCell>
      <TableCell>
        <Paragraph id="1143497" />
      </TableCell>
      <TableCell>
        <Paragraph id="1143499" />
      </TableCell>
      <TableCell>
        <Paragraph id="1143736" />
      </TableCell>
      <TableCell>
        <Paragraph id="1143738" />
      </TableCell>
      <TableCell>
        <Paragraph id="1143732" />
      </TableCell>
      <TableCell>
        <Paragraph id="1143734" />
      </TableCell>
    </Table>
    <Paragraph id="1143461" documentposition="207" splitpriority="none" />
    <Paragraph id="1147537" documentposition="208" splitpriority="none" />
  </Split>
  <Split id="1191323" documentposition="209">
    <Paragraph id="1191323" documentposition="209" splitpriority="3" />
    <Paragraph id="1191326" documentposition="210" splitpriority="none" />
    <Paragraph id="1194458" documentposition="211" splitpriority="none" />
    <Paragraph id="1194463" documentposition="212" splitpriority="none" />
    <Paragraph id="1194596" documentposition="213" splitpriority="none" />
    <Paragraph id="1194472" documentposition="214" splitpriority="none" />
    <Paragraph id="1194603" documentposition="215" splitpriority="none" />
    <Paragraph id="1194498" documentposition="216" splitpriority="none" />
    <Paragraph id="1194604" documentposition="217" splitpriority="none" />
    <Paragraph id="1216915" documentposition="218" splitpriority="none" />
    <Paragraph id="1216920" documentposition="219" splitpriority="none" />
    <Paragraph id="1194442" documentposition="220" splitpriority="none" />
  </Split>
  <Split id="1167599" documentposition="221">
    <Paragraph id="1167599" documentposition="221" splitpriority="2" />
    <Paragraph id="1167606" documentposition="222" splitpriority="none" />
    <Paragraph id="1211766" documentposition="223" splitpriority="none" />
    <Paragraph id="1220866" documentposition="224" splitpriority="none" relatedtopic="define-no-output" />
    <Paragraph id="1220870" documentposition="225" splitpriority="none" relatedtopic="define-no-output" />
  </Split>
  <Split id="1158637" documentposition="226">
    <Paragraph id="1158637" documentposition="226" splitpriority="3" />
    <Paragraph id="1158698" documentposition="227" splitpriority="none" />
    <Paragraph id="1191623" documentposition="228" splitpriority="none" />
    <Paragraph id="1158706" documentposition="229" splitpriority="none" />
    <Paragraph id="1158717" documentposition="230" splitpriority="none" />
    <Paragraph id="1181831" documentposition="231" splitpriority="none">
      <Frame id="1181833" />
    </Paragraph>
    <Paragraph id="1181835" documentposition="232" splitpriority="none" />
    <Paragraph id="1168256" documentposition="233" splitpriority="none" />
    <Paragraph id="1220878" documentposition="234" splitpriority="none" />
  </Split>
  <Split id="1168225" documentposition="235">
    <Paragraph id="1168225" documentposition="235" splitpriority="3" />
    <Paragraph id="1168278" documentposition="236" splitpriority="none" />
    <Paragraph id="1168285" documentposition="237" splitpriority="none" />
    <Paragraph id="1191226" documentposition="238" splitpriority="none">
      <Frame id="1191981" />
    </Paragraph>
    <Paragraph id="1168358" documentposition="239" splitpriority="none" />
    <Paragraph id="1168314" documentposition="240" splitpriority="none" />
    <Paragraph id="1168319" documentposition="241" splitpriority="none" />
    <Paragraph id="1168322" documentposition="242" splitpriority="none" />
    <Paragraph id="1220886" documentposition="243" splitpriority="none" />
    <Paragraph id="1191996" documentposition="244" splitpriority="none" />
  </Split>
  <Split id="1168494" documentposition="245">
    <Paragraph id="1168494" documentposition="245" splitpriority="2" />
    <Paragraph id="1160896" documentposition="246" splitpriority="none" />
    <Paragraph id="1220894" documentposition="247" splitpriority="none" relatedtopic="define-no-output" />
    <Paragraph id="1220898" documentposition="248" splitpriority="none" relatedtopic="define-no-output" />
  </Split>
  <Split id="1188821" documentposition="249">
    <Paragraph id="1188821" documentposition="249" splitpriority="3" />
    <Paragraph id="1188844" documentposition="250" splitpriority="none" />
    <Paragraph id="1188845" documentposition="251" splitpriority="none" />
    <Paragraph id="1188855" documentposition="252" splitpriority="none">
      <Frame id="1188853" />
    </Paragraph>
    <Paragraph id="1188842" documentposition="253" splitpriority="none" />
    <Paragraph id="1204395" documentposition="255" splitpriority="none" />
    <Paragraph id="1188247" documentposition="256" splitpriority="none" />
    <Paragraph id="1188251" documentposition="257" splitpriority="none" />
    <Paragraph id="1188252" documentposition="258" splitpriority="none" />
    <Paragraph id="1188254" documentposition="259" splitpriority="none" />
    <Paragraph id="1188269" documentposition="260" splitpriority="none" />
    <Paragraph id="1188273" documentposition="261" splitpriority="none" dropdown="start-closed" />
    <Paragraph id="1188277" documentposition="262" splitpriority="none" />
    <Paragraph id="1188530" documentposition="263" splitpriority="none" />
    <Paragraph id="1188281" documentposition="264" splitpriority="none" />
    <Paragraph id="1188336" documentposition="265" splitpriority="none" />
    <Paragraph id="1188349" documentposition="266" splitpriority="none" />
    <Paragraph id="1188350" documentposition="267" splitpriority="none" />
    <Paragraph id="1188351" documentposition="268" splitpriority="none" />
    <Paragraph id="1188352" documentposition="269" splitpriority="none" />
    <Paragraph id="1188347" documentposition="270" splitpriority="none" />
    <Paragraph id="1188367" documentposition="271" splitpriority="none" />
    <Paragraph id="1188729" documentposition="272" splitpriority="none" dropdown="end" />
    <Paragraph id="1188303" documentposition="273" splitpriority="none" dropdown="start-closed" />
    <Paragraph id="1188308" documentposition="274" splitpriority="none" />
    <Paragraph id="1188540" documentposition="275" splitpriority="none" />
    <Paragraph id="1188545" documentposition="276" splitpriority="none" />
    <Paragraph id="1188574" documentposition="277" splitpriority="none" />
    <Paragraph id="1188575" documentposition="278" splitpriority="none" />
    <Paragraph id="1188576" documentposition="279" splitpriority="none" />
    <Paragraph id="1188577" documentposition="280" splitpriority="none" />
    <Paragraph id="1188578" documentposition="281" splitpriority="none" />
    <Paragraph id="1188579" documentposition="282" splitpriority="none" />
    <Paragraph id="1188709" documentposition="283" splitpriority="none" dropdown="end" />
    <Paragraph id="1220964" documentposition="284" splitpriority="none" relatedtopic="define-no-output" />
    <Paragraph id="1220968" documentposition="285" splitpriority="none" relatedtopic="define-no-output" />
  </Split>
  <Split id="1188613" documentposition="286">
    <Paragraph id="1188613" documentposition="286" splitpriority="3" />
    <Paragraph id="1188588" documentposition="287" splitpriority="none" />
    <Paragraph id="1188628" documentposition="288" splitpriority="none" />
    <Paragraph id="1188636" documentposition="289" splitpriority="none" />
    <Paragraph id="1188646" documentposition="290" splitpriority="none">
      <Frame id="1188644" />
    </Paragraph>
    <Paragraph id="1188647" documentposition="291" splitpriority="none" />
    <Paragraph id="1188791" documentposition="292" splitpriority="none" dropdown="start-closed" />
    <Paragraph id="1188631" documentposition="293" splitpriority="none" />
    <Paragraph id="1188689" documentposition="294" splitpriority="none" />
    <Paragraph id="1188690" documentposition="295" splitpriority="none" />
    <Paragraph id="1188786" documentposition="296" splitpriority="none" dropdown="end" />
    <Paragraph id="1188798" documentposition="297" splitpriority="none" dropdown="start-closed" />
    <Paragraph id="1188749" documentposition="298" splitpriority="none" />
    <Paragraph id="1188753" documentposition="299" splitpriority="none" />
    <Paragraph id="1188760" documentposition="300" splitpriority="none">
      <Frame id="1188763" />
    </Paragraph>
    <Paragraph id="1197963" documentposition="301" splitpriority="none">
      <Frame id="1204432" />
    </Paragraph>
    <Paragraph id="1197987" documentposition="302" splitpriority="none" />
    <Paragraph id="1188921" documentposition="303" splitpriority="none" />
    <Paragraph id="1135161" documentposition="304" splitpriority="none" dropdown="end" />
  </Split>
</Behaviors>