<?xml version="1.0" encoding="utf-8"?>
<SplitPriorities version="1.0" xmlns="urn:WebWorks-Engine-Splits-Schema">
  <SplitPriority id="1052621" documentposition="3" splitpriority="1" outputposition="1" />
  <SplitPriority id="1143839" documentposition="10" splitpriority="2" outputposition="8" />
  <SplitPriority id="1132394" documentposition="24" splitpriority="2" outputposition="22" />
  <SplitPriority id="1227139" documentposition="31" splitpriority="3" outputposition="29" />
  <SplitPriority id="1180612" documentposition="38" splitpriority="3" outputposition="35" />
  <SplitPriority id="1138656" documentposition="47" splitpriority="3" outputposition="43" />
  <SplitPriority id="1138988" documentposition="55" splitpriority="3" outputposition="50" />
  <SplitPriority id="1201717" documentposition="65" splitpriority="4" outputposition="59" />
  <SplitPriority id="1139575" documentposition="72" splitpriority="4" outputposition="66" />
  <SplitPriority id="1140893" documentposition="81" splitpriority="4" outputposition="75" />
  <SplitPriority id="1157154" documentposition="95" splitpriority="4" outputposition="88" />
  <SplitPriority id="1168814" documentposition="113" splitpriority="4" outputposition="105" />
  <SplitPriority id="1141491" documentposition="131" splitpriority="4" outputposition="122" />
  <SplitPriority id="1151841" documentposition="147" splitpriority="4" outputposition="138" />
  <SplitPriority id="1141559" documentposition="164" splitpriority="4" outputposition="155" />
  <SplitPriority id="1208140" documentposition="178" splitpriority="4" outputposition="168" />
  <SplitPriority id="1141807" documentposition="193" splitpriority="3" outputposition="183" />
  <SplitPriority id="1152285" documentposition="199" splitpriority="3" outputposition="188" />
  <SplitPriority id="1191323" documentposition="209" splitpriority="3" outputposition="198" />
  <SplitPriority id="1167599" documentposition="221" splitpriority="2" outputposition="210" />
  <SplitPriority id="1158637" documentposition="226" splitpriority="3" outputposition="215" />
  <SplitPriority id="1168225" documentposition="235" splitpriority="3" outputposition="224" />
  <SplitPriority id="1168494" documentposition="245" splitpriority="2" outputposition="234" />
  <SplitPriority id="1188821" documentposition="249" splitpriority="3" outputposition="238" />
  <SplitPriority id="1188613" documentposition="286" splitpriority="3" outputposition="274" />
</SplitPriorities>