<?xml version="1.0" encoding="utf-8"?>
<Behaviors version="1.0" xmlns="urn:WebWorks-Behaviors-Schema">
  <Split id="1052621" documentposition="3">
    <Paragraph id="1052621" documentposition="3" splitpriority="1" dropdown="continue" popup="none" popup-page-rule="" />
    <Paragraph id="1067312" documentposition="4" splitpriority="none" dropdown="continue" popup="none" popup-page-rule="" />
    <Paragraph id="1067313" documentposition="5" splitpriority="none" dropdown="continue" popup="none" popup-page-rule="" />
    <Paragraph id="1067317" documentposition="6" splitpriority="none" dropdown="continue" popup="none" popup-page-rule="" />
    <Paragraph id="1067321" documentposition="7" splitpriority="none" dropdown="continue" popup="none" popup-page-rule="" />
    <Paragraph id="1070156" documentposition="8" splitpriority="none" dropdown="continue" popup="none" popup-page-rule="" />
    <Paragraph id="1070160" documentposition="9" splitpriority="none" popup="none" popup-page-rule="" dropdown="end" />
  </Split>
  <Split id="1070162" documentposition="10">
    <Paragraph id="1070162" documentposition="10" splitpriority="2" dropdown="continue" popup="none" popup-page-rule="" />
    <Paragraph id="1102034" documentposition="11" splitpriority="none" dropdown="continue" popup="none" popup-page-rule="" />
    <Paragraph id="1153777" documentposition="12" splitpriority="none" dropdown="continue" popup="none" popup-page-rule="" />
    <Paragraph id="1127876" documentposition="13" splitpriority="none" dropdown="continue" popup="none" popup-page-rule="" />
    <Paragraph id="1127888" documentposition="14" splitpriority="none" dropdown="continue" popup="none" popup-page-rule="" />
    <Paragraph id="1127814" documentposition="15" splitpriority="none" dropdown="continue" popup="none" popup-page-rule="" />
    <Paragraph id="1102033" documentposition="16" splitpriority="none" dropdown="continue" popup="none" popup-page-rule="" />
    <Paragraph id="1124434" documentposition="17" splitpriority="none" dropdown="continue" popup="none" popup-page-rule="" />
    <Paragraph id="1120170" documentposition="18" splitpriority="none" popup="none" popup-page-rule="" dropdown="end" />
  </Split>
  <Split id="1124686" documentposition="19">
    <Paragraph id="1124686" documentposition="19" splitpriority="3" dropdown="continue" popup="none" popup-page-rule="" />
    <Paragraph id="1140084" documentposition="20" splitpriority="none" dropdown="continue" popup="none" popup-page-rule="" />
    <Paragraph id="1153816" documentposition="21" splitpriority="none" popup="none" popup-page-rule="" dropdown="end" />
  </Split>
  <Split id="1153818" documentposition="22">
    <Paragraph id="1153818" documentposition="22" splitpriority="4" dropdown="continue" popup="none" popup-page-rule="" />
    <Paragraph id="1139863" documentposition="24" splitpriority="none" dropdown="continue" popup="none" popup-page-rule="" />
    <Paragraph id="1140925" documentposition="25" splitpriority="none" dropdown="continue" popup="none" popup-page-rule="" />
    <Paragraph id="1131246" documentposition="26" splitpriority="none" dropdown="continue" popup="none" popup-page-rule="" />
    <Paragraph id="1153825" documentposition="27" splitpriority="none" dropdown="continue" popup="none" popup-page-rule="" />
    <Paragraph id="1130207" documentposition="28" splitpriority="none" dropdown="continue" popup="none" popup-page-rule="" />
    <Paragraph id="1131178" documentposition="29" splitpriority="none" dropdown="continue" popup="none" popup-page-rule="" />
    <Paragraph id="1132801" documentposition="30" splitpriority="none" relatedtopic="define-no-output" dropdown="continue" popup="none" popup-page-rule="" />
    <Paragraph id="1132805" documentposition="31" splitpriority="none" popup="none" popup-page-rule="" dropdown="end" />
  </Split>
  <Split id="1139937" documentposition="32">
    <Paragraph id="1139937" documentposition="32" splitpriority="4" dropdown="continue" popup="none" popup-page-rule="" />
    <Paragraph id="1131193" documentposition="33" splitpriority="none" dropdown="continue" popup="none" popup-page-rule="" />
    <Paragraph id="1151012" documentposition="34" splitpriority="none" dropdown="continue" popup="none" popup-page-rule="" />
    <Paragraph id="1140075" documentposition="36" splitpriority="none" dropdown="continue" popup="none" popup-page-rule="" />
    <Paragraph id="1151143" documentposition="37" splitpriority="none" dropdown="continue" popup="none" popup-page-rule="" />
    <Paragraph id="1151224" documentposition="38" splitpriority="none" popup="none" popup-page-rule="" dropdown="end" />
  </Split>
  <Split id="1151148" documentposition="39">
    <Paragraph id="1151148" documentposition="39" splitpriority="3" dropdown="continue" popup="none" popup-page-rule="">
      <Marker behavior="topic" id="1151147">
        <Marker id="1151147" name="TopicAlias" xmlns="urn:WebWorks-Document-Schema">
          <TextRun id="tr1151147-1">
            <Text value="login_help" />
          </TextRun>
        </Marker>
      </Marker>
    </Paragraph>
    <Paragraph id="1124018" documentposition="40" splitpriority="none" dropdown="continue" popup="none" popup-page-rule="" />
    <Paragraph id="1120790" documentposition="41" splitpriority="none" dropdown="continue" popup="none" popup-page-rule="" />
    <Paragraph id="1120796" documentposition="42" splitpriority="none" dropdown="continue" popup="none" popup-page-rule="" />
    <Paragraph id="1120821" documentposition="43" splitpriority="none" dropdown="continue" popup="none" popup-page-rule="" />
    <Paragraph id="1124080" documentposition="44" splitpriority="none" dropdown="continue" popup="none" popup-page-rule="" />
    <Paragraph id="1120826" documentposition="45" splitpriority="none" popup="none" popup-page-rule="" dropdown="end" />
  </Split>
  <Split id="1125266" documentposition="46">
    <Paragraph id="1125266" documentposition="46" splitpriority="2" dropdown="continue" popup="none" popup-page-rule="">
      <Marker behavior="topic" id="1125265">
        <Marker id="1125265" name="TopicAlias" xmlns="urn:WebWorks-Document-Schema">
          <TextRun id="tr1125265-1">
            <Text value="register_user_help" />
          </TextRun>
        </Marker>
      </Marker>
    </Paragraph>
    <Paragraph id="1127125" documentposition="47" splitpriority="none" dropdown="continue" popup="none" popup-page-rule="" />
    <Paragraph id="1131629" documentposition="48" splitpriority="none" dropdown="continue" popup="none" popup-page-rule="" />
    <Paragraph id="1136651" documentposition="49" splitpriority="none" dropdown="continue" popup="none" popup-page-rule="" />
    <Paragraph id="1127213" documentposition="50" splitpriority="none" dropdown="continue" popup="none" popup-page-rule="">
      <Paragraph id="1127415" dropdown="continue" popup="none" popup-page-rule="" />
    </Paragraph>
    <Paragraph id="1127299" documentposition="51" splitpriority="none" dropdown="continue" popup="none" popup-page-rule="" />
    <Paragraph id="1127432" documentposition="52" splitpriority="none" dropdown="continue" popup="none" popup-page-rule="" />
    <Paragraph id="1139274" documentposition="53" splitpriority="none" dropdown="continue" popup="none" popup-page-rule="" />
    <Paragraph id="1151381" documentposition="54" splitpriority="none" dropdown="continue" popup="none" popup-page-rule="" />
    <Paragraph id="1151382" documentposition="55" splitpriority="none" dropdown="continue" popup="none" popup-page-rule="" />
    <Paragraph id="1151383" documentposition="56" splitpriority="none" dropdown="continue" popup="none" popup-page-rule="" />
    <Paragraph id="1151291" documentposition="57" splitpriority="none" dropdown="continue" popup="none" popup-page-rule="" />
    <Paragraph id="1131311" documentposition="58" splitpriority="none" dropdown="continue" popup="none" popup-page-rule="" />
    <Paragraph id="1151663" documentposition="59" splitpriority="none" dropdown="start-closed" popup="none" popup-page-rule="" />
    <Table id="1151615" documentposition="60" splitpriority="none">
      <TableCell>
        <Paragraph id="1151617" dropdown="continue" popup="none" popup-page-rule="" />
      </TableCell>
      <TableCell>
        <Paragraph id="1151619" dropdown="continue" popup="none" popup-page-rule="" />
      </TableCell>
      <TableCell>
        <Paragraph id="1151621" dropdown="continue" popup="none" popup-page-rule="" />
      </TableCell>
      <TableCell>
        <Paragraph id="1151623" dropdown="start-closed" popup="none" popup-page-rule="" />
      </TableCell>
      <TableCell>
        <Paragraph id="1151625" dropdown="start-closed" popup="none" popup-page-rule="" />
      </TableCell>
      <TableCell>
        <Paragraph id="1151627" dropdown="start-closed" popup="none" popup-page-rule="" />
        <Paragraph id="1151628" dropdown="start-closed" popup="none" popup-page-rule="" />
      </TableCell>
      <TableCell>
        <Paragraph id="1151630" dropdown="start-closed" popup="none" popup-page-rule="" />
      </TableCell>
      <TableCell>
        <Paragraph id="1151632" dropdown="start-closed" popup="none" popup-page-rule="" />
      </TableCell>
      <TableCell>
        <Paragraph id="1151634" dropdown="start-closed" popup="none" popup-page-rule="" />
        <Paragraph id="1151635" dropdown="start-closed" popup="none" popup-page-rule="" />
        <Paragraph id="1151636" dropdown="start-closed" popup="none" popup-page-rule="" />
        <Paragraph id="1151637" dropdown="start-closed" popup="none" popup-page-rule="" />
      </TableCell>
      <TableCell>
        <Paragraph id="1151639" dropdown="start-closed" popup="none" popup-page-rule="" />
      </TableCell>
      <TableCell>
        <Paragraph id="1151641" dropdown="start-closed" popup="none" popup-page-rule="" />
      </TableCell>
      <TableCell>
        <Paragraph id="1151643" dropdown="start-closed" popup="none" popup-page-rule="" />
      </TableCell>
      <TableCell>
        <Paragraph id="1151645" dropdown="start-closed" popup="none" popup-page-rule="" />
      </TableCell>
      <TableCell>
        <Paragraph id="1151647" dropdown="start-closed" popup="none" popup-page-rule="" />
      </TableCell>
      <TableCell>
        <Paragraph id="1151649" dropdown="start-closed" popup="none" popup-page-rule="" />
      </TableCell>
      <TableCell>
        <Paragraph id="1151651" dropdown="start-closed" popup="none" popup-page-rule="" />
      </TableCell>
      <TableCell>
        <Paragraph id="1151653" dropdown="start-closed" popup="none" popup-page-rule="" />
      </TableCell>
      <TableCell>
        <Paragraph id="1151655" dropdown="start-closed" popup="none" popup-page-rule="" />
      </TableCell>
      <TableCell>
        <Paragraph id="1152269" dropdown="start-closed" popup="none" popup-page-rule="" />
      </TableCell>
    </Table>
    <Paragraph id="1151605" documentposition="61" splitpriority="none" dropdown="end" popup="none" popup-page-rule="" />
    <Paragraph id="1157323" documentposition="62" splitpriority="none" dropdown="continue" popup="none" popup-page-rule="" />
    <Paragraph id="1127532" documentposition="63" splitpriority="none" dropdown="continue" popup="none" popup-page-rule="" />
    <Paragraph id="1127544" documentposition="64" splitpriority="none" dropdown="continue" popup="none" popup-page-rule="" />
    <Paragraph id="1127553" documentposition="65" splitpriority="none" dropdown="continue" popup="none" popup-page-rule="" />
    <Paragraph id="1127562" documentposition="66" splitpriority="none" dropdown="continue" popup="none" popup-page-rule="" />
    <Paragraph id="1127651" documentposition="67" splitpriority="none" dropdown="continue" popup="none" popup-page-rule="" />
    <Paragraph id="1127571" documentposition="68" splitpriority="none" dropdown="continue" popup="none" popup-page-rule="" />
    <Paragraph id="1127572" documentposition="69" splitpriority="none" dropdown="continue" popup="none" popup-page-rule="" />
    <Paragraph id="1127577" documentposition="70" splitpriority="none" dropdown="continue" popup="none" popup-page-rule="" />
    <Paragraph id="1132284" documentposition="71" splitpriority="none" dropdown="continue" popup="none" popup-page-rule="" />
    <Paragraph id="1127587" documentposition="72" splitpriority="none" dropdown="continue" popup="none" popup-page-rule="" />
    <Paragraph id="1127588" documentposition="73" splitpriority="none" dropdown="continue" popup="none" popup-page-rule="" />
    <Paragraph id="1127593" documentposition="74" splitpriority="none" dropdown="continue" popup="none" popup-page-rule="" />
    <Paragraph id="1127656" documentposition="75" splitpriority="none" dropdown="continue" popup="none" popup-page-rule="" />
    <Paragraph id="1084092" documentposition="76" splitpriority="none" dropdown="continue" popup="none" popup-page-rule="" />
    <Paragraph id="1126341" documentposition="77" splitpriority="none" dropdown="continue" popup="none" popup-page-rule="" />
    <Paragraph id="1095490" documentposition="78" splitpriority="none" popup="none" popup-page-rule="" dropdown="end" />
  </Split>
  <Split id="1082564" documentposition="79">
    <Paragraph id="1082564" documentposition="79" splitpriority="2" dropdown="continue" popup="none" popup-page-rule="" />
    <Paragraph id="1132348" documentposition="80" splitpriority="none" dropdown="continue" popup="none" popup-page-rule="" />
    <Paragraph id="1125342" documentposition="81" splitpriority="none" dropdown="continue" popup="none" popup-page-rule="" />
    <Paragraph id="1082572" documentposition="82" splitpriority="none" dropdown="continue" popup="none" popup-page-rule="">
      <Frame id="1151708" />
    </Paragraph>
    <Paragraph id="1082579" documentposition="83" splitpriority="none" dropdown="continue" popup="none" popup-page-rule="" />
    <Paragraph id="1151817" documentposition="84" splitpriority="none" dropdown="continue" popup="none" popup-page-rule="" />
    <Paragraph id="1151828" documentposition="85" splitpriority="none" dropdown="continue" popup="none" popup-page-rule="" />
    <Paragraph id="1151764" documentposition="86" splitpriority="none" dropdown="continue" popup="none" popup-page-rule="" />
    <Paragraph id="1082584" documentposition="87" splitpriority="none" dropdown="continue" popup="none" popup-page-rule="" />
    <Paragraph id="1082585" documentposition="88" splitpriority="none" dropdown="continue" popup="none" popup-page-rule="" />
    <Paragraph id="1082586" documentposition="89" splitpriority="none" dropdown="continue" popup="none" popup-page-rule="">
      <Frame id="1082588" />
    </Paragraph>
    <Paragraph id="1082590" documentposition="90" splitpriority="none" dropdown="continue" popup="none" popup-page-rule="" />
    <Paragraph id="1082591" documentposition="91" splitpriority="none" dropdown="continue" popup="none" popup-page-rule="" />
    <Paragraph id="1082595" documentposition="92" splitpriority="none" dropdown="continue" popup="none" popup-page-rule="">
      <Frame id="1082593" />
    </Paragraph>
    <Paragraph id="1125386" documentposition="93" splitpriority="none" popup="none" popup-page-rule="" dropdown="end" />
  </Split>
  <Split id="1124246" documentposition="94">
    <Paragraph id="1124246" documentposition="94" splitpriority="2" dropdown="continue" popup="none" popup-page-rule="" />
    <Paragraph id="1132353" documentposition="95" splitpriority="none" dropdown="continue" popup="none" popup-page-rule="" />
    <Paragraph id="1146896" documentposition="96" splitpriority="none" relatedtopic="define-no-output" dropdown="continue" popup="none" popup-page-rule="" />
    <Paragraph id="1146951" documentposition="97" splitpriority="none" relatedtopic="define-no-output" dropdown="continue" popup="none" popup-page-rule="" />
    <Paragraph id="1146988" documentposition="98" splitpriority="none" relatedtopic="define-no-output" dropdown="continue" popup="none" popup-page-rule="" />
    <Paragraph id="1147025" documentposition="99" splitpriority="none" relatedtopic="define-no-output" popup="none" popup-page-rule="" dropdown="end" />
  </Split>
  <Split id="1134559" documentposition="100">
    <Paragraph id="1134559" documentposition="100" splitpriority="3" dropdown="continue" popup="none" popup-page-rule="" />
    <Paragraph id="1134563" documentposition="101" splitpriority="none" dropdown="continue" popup="none" popup-page-rule="" />
    <Table id="1134564" documentposition="102" splitpriority="none">
      <TableCell>
        <Paragraph id="1134566" dropdown="continue" popup="none" popup-page-rule="" />
      </TableCell>
      <TableCell>
        <Paragraph id="1134568" dropdown="continue" popup="none" popup-page-rule="" />
      </TableCell>
      <TableCell>
        <Paragraph id="1134570" dropdown="continue" popup="none" popup-page-rule="" />
      </TableCell>
      <TableCell>
        <Paragraph id="1134572" dropdown="continue" popup="none" popup-page-rule="" />
      </TableCell>
      <TableCell>
        <Paragraph id="1134574" dropdown="continue" popup="none" popup-page-rule="" />
      </TableCell>
      <TableCell>
        <Paragraph id="1134576" dropdown="continue" popup="none" popup-page-rule="" />
        <Paragraph id="1134577" dropdown="continue" popup="none" popup-page-rule="" />
      </TableCell>
      <TableCell>
        <Paragraph id="1134579" dropdown="continue" popup="none" popup-page-rule="" />
        <Paragraph id="1134580" dropdown="continue" popup="none" popup-page-rule="" />
      </TableCell>
      <TableCell>
        <Paragraph id="1134582" dropdown="continue" popup="none" popup-page-rule="" />
      </TableCell>
      <TableCell>
        <Paragraph id="1134584" dropdown="continue" popup="none" popup-page-rule="" />
        <Paragraph id="1134585" dropdown="continue" popup="none" popup-page-rule="" />
      </TableCell>
      <TableCell>
        <Paragraph id="1134587" dropdown="continue" popup="none" popup-page-rule="" />
      </TableCell>
      <TableCell>
        <Paragraph id="1134592" dropdown="continue" popup="none" popup-page-rule="" />
      </TableCell>
      <TableCell>
        <Paragraph id="1134594" dropdown="continue" popup="none" popup-page-rule="" />
      </TableCell>
      <TableCell>
        <Paragraph id="1134596" dropdown="continue" popup="none" popup-page-rule="" />
      </TableCell>
      <TableCell>
        <Paragraph id="1134598" dropdown="continue" popup="none" popup-page-rule="" />
      </TableCell>
    </Table>
    <Paragraph id="1134549" documentposition="103" splitpriority="none" popup="none" popup-page-rule="" dropdown="end" />
  </Split>
  <Split id="1132646" documentposition="104">
    <Paragraph id="1132646" documentposition="104" splitpriority="3" dropdown="continue" popup="none" popup-page-rule="" />
    <Paragraph id="1134653" documentposition="105" splitpriority="none" dropdown="continue" popup="none" popup-page-rule="" />
    <Paragraph id="1147085" documentposition="107" splitpriority="none" dropdown="continue" popup="none" popup-page-rule="" />
    <Paragraph id="1140540" documentposition="108" splitpriority="none" dropdown="continue" popup="none" popup-page-rule="" />
    <Paragraph id="1132404" documentposition="109" splitpriority="none" dropdown="continue" popup="none" popup-page-rule="" />
    <Paragraph id="1152374" documentposition="110" splitpriority="none" dropdown="continue" popup="none" popup-page-rule="" />
    <Paragraph id="1140553" documentposition="111" splitpriority="none" dropdown="continue" popup="none" popup-page-rule="" />
    <Paragraph id="1140564" documentposition="112" splitpriority="none" dropdown="continue" popup="none" popup-page-rule="" />
    <Paragraph id="1140570" documentposition="113" splitpriority="none" dropdown="continue" popup="none" popup-page-rule="" />
    <Paragraph id="1140572" documentposition="114" splitpriority="none" dropdown="continue" popup="none" popup-page-rule="" />
    <Paragraph id="1140581" documentposition="115" splitpriority="none" dropdown="continue" popup="none" popup-page-rule="" />
    <Paragraph id="1140592" documentposition="116" splitpriority="none" dropdown="continue" popup="none" popup-page-rule="" />
    <Paragraph id="1125422" documentposition="117" splitpriority="none" dropdown="continue" popup="none" popup-page-rule="" />
    <Paragraph id="1125423" documentposition="118" splitpriority="none" dropdown="continue" popup="none" popup-page-rule="" />
    <Paragraph id="1125428" documentposition="119" splitpriority="none" dropdown="continue" popup="none" popup-page-rule="" />
    <Paragraph id="1125438" documentposition="120" splitpriority="none" dropdown="continue" popup="none" popup-page-rule="" />
    <Paragraph id="1125453" documentposition="121" splitpriority="none" dropdown="continue" popup="none" popup-page-rule="" />
    <Paragraph id="1125485" documentposition="122" splitpriority="none" dropdown="continue" popup="none" popup-page-rule="" />
    <Paragraph id="1132547" documentposition="123" splitpriority="none" dropdown="continue" popup="none" popup-page-rule="" />
    <Paragraph id="1124248" documentposition="124" splitpriority="none" dropdown="continue" popup="none" popup-page-rule="" />
    <Paragraph id="1124259" documentposition="125" splitpriority="none" dropdown="continue" popup="none" popup-page-rule="" />
    <Paragraph id="1124261" documentposition="126" splitpriority="none" dropdown="continue" popup="none" popup-page-rule="" />
    <Paragraph id="1124263" documentposition="127" splitpriority="none" popup="none" popup-page-rule="" dropdown="end" />
  </Split>
  <Split id="1140686" documentposition="128">
    <Paragraph id="1140686" documentposition="128" splitpriority="3" dropdown="continue" popup="none" popup-page-rule="" />
    <Paragraph id="1140727" documentposition="129" splitpriority="none" dropdown="continue" popup="none" popup-page-rule="" />
    <Paragraph id="1140739" documentposition="130" splitpriority="none" dropdown="continue" popup="none" popup-page-rule="" />
    <Paragraph id="1140743" documentposition="131" splitpriority="none" dropdown="continue" popup="none" popup-page-rule="" />
    <Paragraph id="1140744" documentposition="132" splitpriority="none" dropdown="continue" popup="none" popup-page-rule="" />
    <Paragraph id="1140749" documentposition="133" splitpriority="none" dropdown="continue" popup="none" popup-page-rule="" />
    <Paragraph id="1141142" documentposition="134" splitpriority="none" popup="none" popup-page-rule="" dropdown="end" />
  </Split>
  <Split id="1134471" documentposition="135">
    <Paragraph id="1134471" documentposition="135" splitpriority="3" dropdown="continue" popup="none" popup-page-rule="" />
    <Paragraph id="1132706" documentposition="136" splitpriority="none" dropdown="continue" popup="none" popup-page-rule="" />
    <Paragraph id="1147576" documentposition="137" splitpriority="none" dropdown="continue" popup="none" popup-page-rule="" />
    <Paragraph id="1147577" documentposition="138" splitpriority="none" dropdown="continue" popup="none" popup-page-rule="" />
    <Paragraph id="1147578" documentposition="139" splitpriority="none" dropdown="continue" popup="none" popup-page-rule="" />
    <Paragraph id="1124292" documentposition="140" splitpriority="none" dropdown="continue" popup="none" popup-page-rule="" />
    <Paragraph id="1147573" documentposition="141" splitpriority="none" dropdown="continue" popup="none" popup-page-rule="" />
    <Paragraph id="1132821" documentposition="143" splitpriority="none" relatedtopic="define-no-output" dropdown="continue" popup="none" popup-page-rule="" />
    <Paragraph id="1126759" documentposition="144" splitpriority="none" dropdown="continue" popup="none" popup-page-rule="" />
    <Paragraph id="1141065" documentposition="145" splitpriority="none" dropdown="continue" popup="none" popup-page-rule="" />
    <Paragraph id="1141069" documentposition="146" splitpriority="none" dropdown="continue" popup="none" popup-page-rule="" />
    <Paragraph id="1126723" documentposition="147" splitpriority="none" dropdown="continue" popup="none" popup-page-rule="" />
    <Paragraph id="1140663" documentposition="148" splitpriority="none" dropdown="continue" popup="none" popup-page-rule="" />
    <Paragraph id="1126702" documentposition="149" splitpriority="none" dropdown="continue" popup="none" popup-page-rule="" />
    <Paragraph id="1133015" documentposition="150" splitpriority="none" dropdown="continue" popup="none" popup-page-rule="" />
    <Paragraph id="1124308" documentposition="151" splitpriority="none" dropdown="continue" popup="none" popup-page-rule="" />
    <Paragraph id="1133030" documentposition="152" splitpriority="none" dropdown="continue" popup="none" popup-page-rule="" />
    <Paragraph id="1124310" documentposition="153" splitpriority="none" dropdown="continue" popup="none" popup-page-rule="" />
    <Paragraph id="1124311" documentposition="154" splitpriority="none" dropdown="continue" popup="none" popup-page-rule="" />
    <Paragraph id="1124312" documentposition="155" splitpriority="none" dropdown="continue" popup="none" popup-page-rule="" />
    <Paragraph id="1140674" documentposition="156" splitpriority="none" dropdown="continue" popup="none" popup-page-rule="" />
    <Paragraph id="1069699" documentposition="157" splitpriority="none" popup="none" popup-page-rule="" dropdown="end" />
  </Split>
</Behaviors>