<?xml version="1.0" encoding="utf-8"?>
<Splits version="1.0" xmlns="urn:WebWorks-Engine-Splits-Schema">
  <Split groupID="5113D514563F1DB" documentID="87DC185FF854A24" id="1052621" position="1" documentstartposition="3" documentendposition="9" title="Getting Started in caArray">
    <Group name="caArray Online Help" id="5113D514563F1DB" position="1" />
    <Document path="C:\Documents and Settings\hadfielj\My Documents\CBIIT Projects\caArray\caArray documentation\caArray 2.0\caArray 2.0 users guide and online help FM\Getting Started caArray.fm" id="87DC185FF854A24" position="3" />
    <PageStyle value="" />
    <Frames />
    <Popups />
  </Split>
  <Split groupID="5113D514563F1DB" documentID="87DC185FF854A24" id="1070162" position="2" documentstartposition="10" documentendposition="18" title="caArray Fundamentals">
    <Group name="caArray Online Help" id="5113D514563F1DB" position="1" />
    <Document path="C:\Documents and Settings\hadfielj\My Documents\CBIIT Projects\caArray\caArray documentation\caArray 2.0\caArray 2.0 users guide and online help FM\Getting Started caArray.fm" id="87DC185FF854A24" position="3" />
    <PageStyle value="" />
    <Frames />
    <Popups />
  </Split>
  <Split groupID="5113D514563F1DB" documentID="87DC185FF854A24" id="1124686" position="3" documentstartposition="19" documentendposition="21" title="Browsing and Searching caArray">
    <Group name="caArray Online Help" id="5113D514563F1DB" position="1" />
    <Document path="C:\Documents and Settings\hadfielj\My Documents\CBIIT Projects\caArray\caArray documentation\caArray 2.0\caArray 2.0 users guide and online help FM\Getting Started caArray.fm" id="87DC185FF854A24" position="3" />
    <PageStyle value="" />
    <Frames />
    <Popups />
  </Split>
  <Split groupID="5113D514563F1DB" documentID="87DC185FF854A24" id="1153818" position="4" documentstartposition="22" documentendposition="32" title="Browsing and Searching Before Login">
    <Group name="caArray Online Help" id="5113D514563F1DB" position="1" />
    <Document path="C:\Documents and Settings\hadfielj\My Documents\CBIIT Projects\caArray\caArray documentation\caArray 2.0\caArray 2.0 users guide and online help FM\Getting Started caArray.fm" id="87DC185FF854A24" position="3" />
    <PageStyle value="" />
    <Frames />
    <Popups />
  </Split>
  <Split groupID="5113D514563F1DB" documentID="87DC185FF854A24" id="1139937" position="5" documentstartposition="33" documentendposition="39" title="Browsing and Searching After Login">
    <Group name="caArray Online Help" id="5113D514563F1DB" position="1" />
    <Document path="C:\Documents and Settings\hadfielj\My Documents\CBIIT Projects\caArray\caArray documentation\caArray 2.0\caArray 2.0 users guide and online help FM\Getting Started caArray.fm" id="87DC185FF854A24" position="3" />
    <PageStyle value="" />
    <Frames />
    <Popups />
  </Split>
  <Split groupID="5113D514563F1DB" documentID="87DC185FF854A24" id="1151148" position="6" documentstartposition="40" documentendposition="46" title="caArray New User Account and Login">
    <Group name="caArray Online Help" id="5113D514563F1DB" position="1" />
    <Document path="C:\Documents and Settings\hadfielj\My Documents\CBIIT Projects\caArray\caArray documentation\caArray 2.0\caArray 2.0 users guide and online help FM\Getting Started caArray.fm" id="87DC185FF854A24" position="3" />
    <PageStyle value="" />
    <Frames />
    <Popups />
  </Split>
  <Split groupID="5113D514563F1DB" documentID="87DC185FF854A24" id="1125266" position="7" documentstartposition="47" documentendposition="80" title="Requesting a User Account">
    <Group name="caArray Online Help" id="5113D514563F1DB" position="1" />
    <Document path="C:\Documents and Settings\hadfielj\My Documents\CBIIT Projects\caArray\caArray documentation\caArray 2.0\caArray 2.0 users guide and online help FM\Getting Started caArray.fm" id="87DC185FF854A24" position="3" />
    <PageStyle value="" />
    <Frames />
    <Popups />
  </Split>
  <Split groupID="5113D514563F1DB" documentID="87DC185FF854A24" id="1082564" position="8" documentstartposition="81" documentendposition="95" title="Using caArray Online Help">
    <Group name="caArray Online Help" id="5113D514563F1DB" position="1" />
    <Document path="C:\Documents and Settings\hadfielj\My Documents\CBIIT Projects\caArray\caArray documentation\caArray 2.0\caArray 2.0 users guide and online help FM\Getting Started caArray.fm" id="87DC185FF854A24" position="3" />
    <PageStyle value="" />
    <Frames>
      <Frame position="1" title="">
        <Frame id="1151708" stylename="Default" xmlns="urn:WebWorks-Document-Schema">
          <Attribute name="display" value="inline" />
          <Attribute name="float" value="none" />
          <Attribute name="text-align" value="left" />
          <Attribute name="left" value="0.0" />
          <Attribute name="top" value="0.0" />
          <Attribute name="width" value="41.99976" />
          <Attribute name="height" value="22.5" />
          <Facets>
            <Facet type="document">
              <Attribute name="adapter" value="Adobe FrameMaker" />
              <Attribute name="path" value="C:\Documents and Settings\hadfielj\My Documents\ePublisher Pro Projects\caArray Online Help\Data\61DD7DDB65736B3\5113D514563F1DB\87DC185FF854A24\Getting Started caArray.fmwif" />
              <Attribute name="id" value="1151708" />
            </Facet>
          </Facets>
          <Content />
        </Frame>
      </Frame>
      <Frame position="2" title="">
        <Frame id="1082588" stylename="Default" xmlns="urn:WebWorks-Document-Schema">
          <Attribute name="display" value="inline" />
          <Attribute name="float" value="none" />
          <Attribute name="text-align" value="left" />
          <Attribute name="left" value="0.0" />
          <Attribute name="top" value="0.0" />
          <Attribute name="width" value="17.982" />
          <Attribute name="height" value="15.75" />
          <Facets>
            <Facet type="document">
              <Attribute name="adapter" value="Adobe FrameMaker" />
              <Attribute name="path" value="C:\Documents and Settings\hadfielj\My Documents\ePublisher Pro Projects\caArray Online Help\Data\61DD7DDB65736B3\5113D514563F1DB\87DC185FF854A24\Getting Started caArray.fmwif" />
              <Attribute name="id" value="1082588" />
            </Facet>
          </Facets>
          <Content />
        </Frame>
      </Frame>
      <Frame position="3" title="">
        <Frame id="1082593" stylename="Default" xmlns="urn:WebWorks-Document-Schema">
          <Attribute name="display" value="inline" />
          <Attribute name="float" value="none" />
          <Attribute name="text-align" value="left" />
          <Attribute name="left" value="0.0" />
          <Attribute name="top" value="0.0" />
          <Attribute name="width" value="16.51176" />
          <Attribute name="height" value="14.97024" />
          <Facets>
            <Facet type="document">
              <Attribute name="adapter" value="Adobe FrameMaker" />
              <Attribute name="path" value="C:\Documents and Settings\hadfielj\My Documents\ePublisher Pro Projects\caArray Online Help\Data\61DD7DDB65736B3\5113D514563F1DB\87DC185FF854A24\Getting Started caArray.fmwif" />
              <Attribute name="id" value="1082593" />
            </Facet>
          </Facets>
          <Content />
        </Frame>
      </Frame>
    </Frames>
    <Popups />
  </Split>
  <Split groupID="5113D514563F1DB" documentID="87DC185FF854A24" id="1124246" position="9" documentstartposition="96" documentendposition="101" title="Navigating the caArray User Interface">
    <Group name="caArray Online Help" id="5113D514563F1DB" position="1" />
    <Document path="C:\Documents and Settings\hadfielj\My Documents\CBIIT Projects\caArray\caArray documentation\caArray 2.0\caArray 2.0 users guide and online help FM\Getting Started caArray.fm" id="87DC185FF854A24" position="3" />
    <PageStyle value="" />
    <Frames />
    <Popups />
  </Split>
  <Split groupID="5113D514563F1DB" documentID="87DC185FF854A24" id="1134559" position="10" documentstartposition="102" documentendposition="105" title="Elements in the caArray User Interface">
    <Group name="caArray Online Help" id="5113D514563F1DB" position="1" />
    <Document path="C:\Documents and Settings\hadfielj\My Documents\CBIIT Projects\caArray\caArray documentation\caArray 2.0\caArray 2.0 users guide and online help FM\Getting Started caArray.fm" id="87DC185FF854A24" position="3" />
    <PageStyle value="" />
    <Frames />
    <Popups />
  </Split>
  <Split groupID="5113D514563F1DB" documentID="87DC185FF854A24" id="1132646" position="11" documentstartposition="106" documentendposition="129" title="caArray Welcome Page Navigation Menu">
    <Group name="caArray Online Help" id="5113D514563F1DB" position="1" />
    <Document path="C:\Documents and Settings\hadfielj\My Documents\CBIIT Projects\caArray\caArray documentation\caArray 2.0\caArray 2.0 users guide and online help FM\Getting Started caArray.fm" id="87DC185FF854A24" position="3" />
    <PageStyle value="" />
    <Frames />
    <Popups />
  </Split>
  <Split groupID="5113D514563F1DB" documentID="87DC185FF854A24" id="1140686" position="12" documentstartposition="130" documentendposition="136" title="User Interface Footer">
    <Group name="caArray Online Help" id="5113D514563F1DB" position="1" />
    <Document path="C:\Documents and Settings\hadfielj\My Documents\CBIIT Projects\caArray\caArray documentation\caArray 2.0\caArray 2.0 users guide and online help FM\Getting Started caArray.fm" id="87DC185FF854A24" position="3" />
    <PageStyle value="" />
    <Frames />
    <Popups />
  </Split>
  <Split groupID="5113D514563F1DB" documentID="87DC185FF854A24" id="1134471" position="13" documentstartposition="137" documentendposition="158" title="My Experiment Workspace">
    <Group name="caArray Online Help" id="5113D514563F1DB" position="1" />
    <Document path="C:\Documents and Settings\hadfielj\My Documents\CBIIT Projects\caArray\caArray documentation\caArray 2.0\caArray 2.0 users guide and online help FM\Getting Started caArray.fm" id="87DC185FF854A24" position="3" />
    <PageStyle value="" />
    <Frames />
    <Popups />
  </Split>
</Splits>