<?xml version="1.0" encoding="utf-8"?>
<Index version="1.0" xmlns="urn:WebWorks-Index-Schema">
  <Entry name="downloading" sort="downloading" sectionposition="2">
    <Content xmlns="urn:WebWorks-Document-Schema">
      <TextRun>
        <Text value="downloading" />
      </TextRun>
    </Content>
    <Entry name="data files" sort="data files">
      <Content xmlns="urn:WebWorks-Document-Schema">
        <TextRun>
          <Text value="data files" />
        </TextRun>
      </Content>
      <Link href="C:\Documents and Settings\hadfielj\My Documents\ePublisher Pro Projects\caArray_Online_Help\Output\WebWorks Help 5.0\caArray_Online_Help\Extracting data.8.2.html" anchor="1132728" fileposition="91" first="false" />
    </Entry>
  </Entry>
  <Entry name="Data tab" sort="Data tab" sectionposition="2">
    <Content xmlns="urn:WebWorks-Document-Schema">
      <TextRun>
        <Text value="Data tab" />
      </TextRun>
    </Content>
    <Entry name="downloading data files" sort="downloading data files">
      <Content xmlns="urn:WebWorks-Document-Schema">
        <TextRun>
          <Text value="downloading data files" />
        </TextRun>
      </Content>
      <Link href="C:\Documents and Settings\hadfielj\My Documents\ePublisher Pro Projects\caArray_Online_Help\Output\WebWorks Help 5.0\caArray_Online_Help\Extracting data.8.2.html" anchor="1132728" fileposition="91" first="false" />
    </Entry>
  </Entry>
  <Entry name="extracting" sort="extracting" sectionposition="2">
    <Content xmlns="urn:WebWorks-Document-Schema">
      <TextRun>
        <Text value="extracting" />
      </TextRun>
    </Content>
    <Entry name="caArray files" sort="caArray files">
      <Content xmlns="urn:WebWorks-Document-Schema">
        <TextRun>
          <Text value="caArray files" />
        </TextRun>
      </Content>
      <Link href="C:\Documents and Settings\hadfielj\My Documents\ePublisher Pro Projects\caArray_Online_Help\Output\WebWorks Help 5.0\caArray_Online_Help\Extracting data.8.2.html" anchor="1132728" fileposition="91" first="false" />
    </Entry>
  </Entry>
  <Entry name="downloading" sort="downloading" sectionposition="2">
    <Content xmlns="urn:WebWorks-Document-Schema">
      <TextRun>
        <Text value="downloading" />
      </TextRun>
    </Content>
    <Entry name="MAGE-TAB data" sort="MAGE-TAB data">
      <Content xmlns="urn:WebWorks-Document-Schema">
        <TextRun>
          <Text value="MAGE-TAB data" />
        </TextRun>
      </Content>
      <Link href="C:\Documents and Settings\hadfielj\My Documents\ePublisher Pro Projects\caArray_Online_Help\Output\WebWorks Help 5.0\caArray_Online_Help\Extracting data.8.2.html" anchor="1143273" fileposition="91" first="false" />
    </Entry>
  </Entry>
  <Entry name="filtering" sort="filtering" sectionposition="2">
    <Content xmlns="urn:WebWorks-Document-Schema">
      <TextRun>
        <Text value="filtering" />
      </TextRun>
    </Content>
    <Entry name="by file type" sort="by file type">
      <Content xmlns="urn:WebWorks-Document-Schema">
        <TextRun>
          <Text value="by file type" />
        </TextRun>
      </Content>
      <Link href="C:\Documents and Settings\hadfielj\My Documents\ePublisher Pro Projects\caArray_Online_Help\Output\WebWorks Help 5.0\caArray_Online_Help\Extracting data.8.2.html" anchor="1135968" fileposition="91" first="false" />
    </Entry>
  </Entry>
  <Entry name="filtering" sort="filtering" sectionposition="2">
    <Content xmlns="urn:WebWorks-Document-Schema">
      <TextRun>
        <Text value="filtering" />
      </TextRun>
    </Content>
    <Entry name="by file status" sort="by file status">
      <Content xmlns="urn:WebWorks-Document-Schema">
        <TextRun>
          <Text value="by file status" />
        </TextRun>
      </Content>
      <Link href="C:\Documents and Settings\hadfielj\My Documents\ePublisher Pro Projects\caArray_Online_Help\Output\WebWorks Help 5.0\caArray_Online_Help\Extracting data.8.2.html" anchor="1135968" fileposition="91" first="false" />
    </Entry>
  </Entry>
  <Entry name="downloading" sort="downloading" sectionposition="2">
    <Content xmlns="urn:WebWorks-Document-Schema">
      <TextRun>
        <Text value="downloading" />
      </TextRun>
    </Content>
    <Entry name="data set size" sort="data set size">
      <Content xmlns="urn:WebWorks-Document-Schema">
        <TextRun>
          <Text value="data set size" />
        </TextRun>
      </Content>
      <Link href="C:\Documents and Settings\hadfielj\My Documents\ePublisher Pro Projects\caArray_Online_Help\Output\WebWorks Help 5.0\caArray_Online_Help\Extracting data.8.2.html" anchor="1137928" fileposition="91" first="false" />
    </Entry>
  </Entry>
  <Entry name="MAGE-TAB" sort="MAGE-TAB" sectionposition="2">
    <Content xmlns="urn:WebWorks-Document-Schema">
      <TextRun>
        <Text value="MAGE-TAB" />
      </TextRun>
    </Content>
    <Entry name="generating IDF, SDRF files from caArray experiment" sort="generating IDF, SDRF files from caArray experiment">
      <Content xmlns="urn:WebWorks-Document-Schema">
        <TextRun>
          <Text value="generating IDF, SDRF files from caArray experiment" />
        </TextRun>
      </Content>
      <Link href="C:\Documents and Settings\hadfielj\My Documents\ePublisher Pro Projects\caArray_Online_Help\Output\WebWorks Help 5.0\caArray_Online_Help\Extracting data.8.2.html" anchor="1143348" fileposition="91" first="false" />
    </Entry>
  </Entry>
  <Entry name="experiment" sort="experiment" sectionposition="2">
    <Content xmlns="urn:WebWorks-Document-Schema">
      <TextRun>
        <Text value="experiment" />
      </TextRun>
    </Content>
    <Entry name="generating MAGE-TAB files" sort="generating MAGE-TAB files">
      <Content xmlns="urn:WebWorks-Document-Schema">
        <TextRun>
          <Text value="generating MAGE-TAB files" />
        </TextRun>
      </Content>
      <Link href="C:\Documents and Settings\hadfielj\My Documents\ePublisher Pro Projects\caArray_Online_Help\Output\WebWorks Help 5.0\caArray_Online_Help\Extracting data.8.2.html" anchor="1143348" fileposition="91" first="false" />
    </Entry>
  </Entry>
  <Entry name="downloading" sort="downloading" sectionposition="2">
    <Content xmlns="urn:WebWorks-Document-Schema">
      <TextRun>
        <Text value="downloading" />
      </TextRun>
    </Content>
    <Entry name="MAGE-TAB data" sort="MAGE-TAB data">
      <Content xmlns="urn:WebWorks-Document-Schema">
        <TextRun>
          <Text value="MAGE-TAB data" />
        </TextRun>
      </Content>
      <Link href="C:\Documents and Settings\hadfielj\My Documents\ePublisher Pro Projects\caArray_Online_Help\Output\WebWorks Help 5.0\caArray_Online_Help\Extracting data.8.2.html" anchor="1143372" fileposition="91" first="false" />
    </Entry>
  </Entry>
  <Entry name="MAGE-TAB" sort="MAGE-TAB" sectionposition="2">
    <Content xmlns="urn:WebWorks-Document-Schema">
      <TextRun>
        <Text value="MAGE-TAB" />
      </TextRun>
    </Content>
    <Entry name="downloading data" sort="downloading data">
      <Content xmlns="urn:WebWorks-Document-Schema">
        <TextRun>
          <Text value="downloading data" />
        </TextRun>
      </Content>
      <Link href="C:\Documents and Settings\hadfielj\My Documents\ePublisher Pro Projects\caArray_Online_Help\Output\WebWorks Help 5.0\caArray_Online_Help\Extracting data.8.2.html" anchor="1143372" fileposition="91" first="false" />
    </Entry>
  </Entry>
  <Entry name="grid availability" sort="grid availability" sectionposition="2">
    <Content xmlns="urn:WebWorks-Document-Schema">
      <TextRun>
        <Text value="grid availability" />
      </TextRun>
    </Content>
    <Link href="C:\Documents and Settings\hadfielj\My Documents\ePublisher Pro Projects\caArray_Online_Help\Output\WebWorks Help 5.0\caArray_Online_Help\Extracting data.8.3.html" anchor="1134572" fileposition="92" first="false" />
  </Entry>
  <Entry name="extracting" sort="extracting" sectionposition="2">
    <Content xmlns="urn:WebWorks-Document-Schema">
      <TextRun>
        <Text value="extracting" />
      </TextRun>
    </Content>
    <Entry name="data programmatically" sort="data programmatically">
      <Content xmlns="urn:WebWorks-Document-Schema">
        <TextRun>
          <Text value="data programmatically" />
        </TextRun>
      </Content>
      <Link href="C:\Documents and Settings\hadfielj\My Documents\ePublisher Pro Projects\caArray_Online_Help\Output\WebWorks Help 5.0\caArray_Online_Help\Extracting data.8.4.html" anchor="1132676" fileposition="93" first="false" />
    </Entry>
  </Entry>
  <Entry name="API, extracting data" sort="API, extracting data" sectionposition="2">
    <Content xmlns="urn:WebWorks-Document-Schema">
      <TextRun>
        <Text value="API, extracting data" />
      </TextRun>
    </Content>
    <Link href="C:\Documents and Settings\hadfielj\My Documents\ePublisher Pro Projects\caArray_Online_Help\Output\WebWorks Help 5.0\caArray_Online_Help\Extracting data.8.4.html" anchor="1132676" fileposition="93" first="false" />
  </Entry>
</Index>