<?xml version="1.0" encoding="utf-8"?>
<Splits version="1.0" xmlns="urn:WebWorks-Engine-Splits-Schema">
  <Split groupID="E19CD758AB65CDA7" documentID="C6EB294A29FCB68" id="1052621" position="1" documentstartposition="3" documentendposition="7" title="Extracting Data from caArray ">
    <Group name="caArray_Online_Help" id="E19CD758AB65CDA7" position="1" />
    <Document path="C:\Documents and Settings\hadfielj\My Documents\CBIIT Projects\caArray\caArray documentation\caArray 2.2\2.2 user's guide\Extracting data.fm" id="C6EB294A29FCB68" position="8" />
    <PageStyle value="" />
    <Frames />
    <Popups />
  </Split>
  <Split groupID="E19CD758AB65CDA7" documentID="C6EB294A29FCB68" id="1134560" position="2" documentstartposition="8" documentendposition="33" title="Downloading Data from caArray">
    <Group name="caArray_Online_Help" id="E19CD758AB65CDA7" position="1" />
    <Document path="C:\Documents and Settings\hadfielj\My Documents\CBIIT Projects\caArray\caArray documentation\caArray 2.2\2.2 user's guide\Extracting data.fm" id="C6EB294A29FCB68" position="8" />
    <PageStyle value="" />
    <Frames>
      <Frame position="1" title="">
        <Frame id="1135094" stylename="Default" xmlns="urn:WebWorks-Document-Schema">
          <Attribute name="display" value="inline" />
          <Attribute name="float" value="none" />
          <Attribute name="text-align" value="left" />
          <Attribute name="left" value="0.0" />
          <Attribute name="top" value="0.0" />
          <Attribute name="width" value="16.49952" />
          <Attribute name="height" value="14.24952" />
          <Facets>
            <Facet type="document">
              <Attribute name="adapter" value="Adobe FrameMaker" />
              <Attribute name="path" value="C:\Documents and Settings\hadfielj\My Documents\ePublisher Pro Projects\caArray_Online_Help\Data\61DD7DDB65736B3\E19CD758AB65CDA7\C6EB294A29FCB68\Extracting data.fmwif" />
              <Attribute name="id" value="1135094" />
            </Facet>
          </Facets>
          <Content />
        </Frame>
      </Frame>
      <Frame position="2" title="">
        <Frame id="1135355" stylename="Default" xmlns="urn:WebWorks-Document-Schema">
          <Attribute name="display" value="inline" />
          <Attribute name="float" value="none" />
          <Attribute name="text-align" value="left" />
          <Attribute name="left" value="0.0" />
          <Attribute name="top" value="0.0" />
          <Attribute name="width" value="14.24952" />
          <Attribute name="height" value="14.24952" />
          <Facets>
            <Facet type="document">
              <Attribute name="adapter" value="Adobe FrameMaker" />
              <Attribute name="path" value="C:\Documents and Settings\hadfielj\My Documents\ePublisher Pro Projects\caArray_Online_Help\Data\61DD7DDB65736B3\E19CD758AB65CDA7\C6EB294A29FCB68\Extracting data.fmwif" />
              <Attribute name="id" value="1135355" />
            </Facet>
          </Facets>
          <Content />
        </Frame>
      </Frame>
    </Frames>
    <Popups />
  </Split>
  <Split groupID="E19CD758AB65CDA7" documentID="C6EB294A29FCB68" id="1134571" position="3" documentstartposition="34" documentendposition="38" title="Grid Availability">
    <Group name="caArray_Online_Help" id="E19CD758AB65CDA7" position="1" />
    <Document path="C:\Documents and Settings\hadfielj\My Documents\CBIIT Projects\caArray\caArray documentation\caArray 2.2\2.2 user's guide\Extracting data.fm" id="C6EB294A29FCB68" position="8" />
    <PageStyle value="" />
    <Frames />
    <Popups />
  </Split>
  <Split groupID="E19CD758AB65CDA7" documentID="C6EB294A29FCB68" id="1132707" position="4" documentstartposition="39" documentendposition="44" title="Extracting Data Programmatically by API">
    <Group name="caArray_Online_Help" id="E19CD758AB65CDA7" position="1" />
    <Document path="C:\Documents and Settings\hadfielj\My Documents\CBIIT Projects\caArray\caArray documentation\caArray 2.2\2.2 user's guide\Extracting data.fm" id="C6EB294A29FCB68" position="8" />
    <PageStyle value="" />
    <Frames />
    <Popups />
  </Split>
</Splits>