<?xml version="1.0" encoding="utf-8"?>
<Splits version="1.0" xmlns="urn:WebWorks-Engine-Splits-Schema">
  <Split groupID="60DD1E48D072E93" documentID="228D04891F021BA" id="1052621" position="1" documentstartposition="3" documentendposition="9" title="About caArray">
    <Group name="caArray Online Help" id="60DD1E48D072E93" position="1" />
    <Document path="C:\Documents and Settings\hadfielj\My Documents\CBIIT Projects\caArray\caArray documentation\caArray 2.0\caArray 2.0 users guide and online help FM\About caArray.fm" id="228D04891F021BA" position="2" />
    <PageStyle value="" />
    <Frames />
    <Popups />
  </Split>
  <Split groupID="60DD1E48D072E93" documentID="228D04891F021BA" id="1064573" position="2" documentstartposition="10" documentendposition="18" title="caArray Overview">
    <Group name="caArray Online Help" id="60DD1E48D072E93" position="1" />
    <Document path="C:\Documents and Settings\hadfielj\My Documents\CBIIT Projects\caArray\caArray documentation\caArray 2.0\caArray 2.0 users guide and online help FM\About caArray.fm" id="228D04891F021BA" position="2" />
    <PageStyle value="" />
    <Frames />
    <Popups />
  </Split>
  <Split groupID="60DD1E48D072E93" documentID="228D04891F021BA" id="1086789" position="3" documentstartposition="19" documentendposition="45" title="Relationship of caArray to caBIG">
    <Group name="caArray Online Help" id="60DD1E48D072E93" position="1" />
    <Document path="C:\Documents and Settings\hadfielj\My Documents\CBIIT Projects\caArray\caArray documentation\caArray 2.0\caArray 2.0 users guide and online help FM\About caArray.fm" id="228D04891F021BA" position="2" />
    <PageStyle value="" />
    <Frames>
      <Frame position="1" title="">
        <Frame id="1086830" stylename="Default" xmlns="urn:WebWorks-Document-Schema">
          <Attribute name="display" value="block" />
          <Attribute name="float" value="none" />
          <Attribute name="text-align" value="left" />
          <Attribute name="left" value="0.0" />
          <Attribute name="top" value="0.0" />
          <Attribute name="width" value="421.416" />
          <Attribute name="height" value="240.75" />
          <Facets>
            <Facet type="document">
              <Attribute name="adapter" value="Adobe FrameMaker" />
              <Attribute name="path" value="C:\Documents and Settings\hadfielj\My Documents\ePublisher Pro Projects\caArray Online Help\Data\61DD7DDB65736B3\60DD1E48D072E93\228D04891F021BA\About caArray.fmwif" />
              <Attribute name="id" value="1086830" />
            </Facet>
          </Facets>
          <Content>
            <Frame id="1086863">
              <Attribute name="left" value="2.85408" />
              <Attribute name="top" value="4.36752" />
              <Attribute name="width" value="290.68128" />
              <Attribute name="height" value="232.79472" />
              <Facets>
                <Facet type="by-reference">
                  <Attribute name="path" value="C:\Documents and Settings\hadfielj\My Documents\CBIIT Projects\caArray\caArray documentation\caArray 2.0\caArray 2.0 users guide and online help FM\users guide images\cd Project contents class diagram.gif" />
                </Facet>
              </Facets>
            </Frame>
          </Content>
        </Frame>
      </Frame>
    </Frames>
    <Popups />
  </Split>
  <Split groupID="60DD1E48D072E93" documentID="228D04891F021BA" id="1064775" position="4" documentstartposition="46" documentendposition="55" title="caArray Standards">
    <Group name="caArray Online Help" id="60DD1E48D072E93" position="1" />
    <Document path="C:\Documents and Settings\hadfielj\My Documents\CBIIT Projects\caArray\caArray documentation\caArray 2.0\caArray 2.0 users guide and online help FM\About caArray.fm" id="228D04891F021BA" position="2" />
    <PageStyle value="" />
    <Frames />
    <Popups />
  </Split>
  <Split groupID="60DD1E48D072E93" documentID="228D04891F021BA" id="1079870" position="5" documentstartposition="56" documentendposition="68" title="Security Structure ">
    <Group name="caArray Online Help" id="60DD1E48D072E93" position="1" />
    <Document path="C:\Documents and Settings\hadfielj\My Documents\CBIIT Projects\caArray\caArray documentation\caArray 2.0\caArray 2.0 users guide and online help FM\About caArray.fm" id="228D04891F021BA" position="2" />
    <PageStyle value="" />
    <Frames />
    <Popups />
  </Split>
  <Split groupID="60DD1E48D072E93" documentID="228D04891F021BA" id="1056326" position="6" documentstartposition="69" documentendposition="77" title="caArray Workflow">
    <Group name="caArray Online Help" id="60DD1E48D072E93" position="1" />
    <Document path="C:\Documents and Settings\hadfielj\My Documents\CBIIT Projects\caArray\caArray documentation\caArray 2.0\caArray 2.0 users guide and online help FM\About caArray.fm" id="228D04891F021BA" position="2" />
    <PageStyle value="" />
    <Frames>
      <Frame position="1" title="">
        <Frame id="1072020" stylename="Default" xmlns="urn:WebWorks-Document-Schema">
          <Attribute name="display" value="block" />
          <Attribute name="float" value="none" />
          <Attribute name="text-align" value="center" />
          <Attribute name="left" value="0.0" />
          <Attribute name="top" value="0.0" />
          <Attribute name="width" value="405.79272" />
          <Attribute name="height" value="233.69976" />
          <Facets>
            <Facet type="document">
              <Attribute name="adapter" value="Adobe FrameMaker" />
              <Attribute name="path" value="C:\Documents and Settings\hadfielj\My Documents\ePublisher Pro Projects\caArray Online Help\Data\61DD7DDB65736B3\60DD1E48D072E93\228D04891F021BA\About caArray.fmwif" />
              <Attribute name="id" value="1072020" />
            </Facet>
          </Facets>
          <Content />
        </Frame>
      </Frame>
    </Frames>
    <Popups />
  </Split>
</Splits>