<?xml version="1.0" encoding="utf-8"?>
<TableOfContents version="1.0" xmlns="urn:WebWorks-Engine-TOC-Schema">
 <Entry id="1052621" documentID="6FD7E4C989D3632" level="1" documentposition="1">
 </Entry>
 <Entry id="1052621" documentID="73FFD4A78AA5EF5" level="1" documentposition="3">
  <Entry id="1064573" documentID="73FFD4A78AA5EF5" level="2" documentposition="8">
  </Entry>
  <Entry id="1086789" documentID="73FFD4A78AA5EF5" level="2" documentposition="19">
  </Entry>
 </Entry>
 <Entry id="1052621" documentID="3466A23C45387FD" level="1" documentposition="3">
  <Entry id="1070162" documentID="3466A23C45387FD" level="2" documentposition="10">
   <Entry id="1124686" documentID="3466A23C45387FD" level="3" documentposition="19">
    <Entry id="1153818" documentID="3466A23C45387FD" level="4" documentposition="22">
    </Entry>
    <Entry id="1139937" documentID="3466A23C45387FD" level="4" documentposition="33">
    </Entry>
   </Entry>
  </Entry>
  <Entry id="1237428" documentID="3466A23C45387FD" level="2" documentposition="40">
   <Entry id="1151148" documentID="3466A23C45387FD" level="3" documentposition="44">
   </Entry>
   <Entry id="1237205" documentID="3466A23C45387FD" level="3" documentposition="50">
   </Entry>
  </Entry>
  <Entry id="1082564" documentID="3466A23C45387FD" level="2" documentposition="86">
  </Entry>
  <Entry id="1124246" documentID="3466A23C45387FD" level="2" documentposition="101">
   <Entry id="1134559" documentID="3466A23C45387FD" level="3" documentposition="107">
   </Entry>
   <Entry id="1132646" documentID="3466A23C45387FD" level="3" documentposition="110">
   </Entry>
   <Entry id="1140686" documentID="3466A23C45387FD" level="3" documentposition="134">
   </Entry>
   <Entry id="1134471" documentID="3466A23C45387FD" level="3" documentposition="141">
   </Entry>
  </Entry>
 </Entry>
 <Entry id="1052621" documentID="65744B2B6919CAEE" level="1" documentposition="3">
  <Entry id="1176489" documentID="65744B2B6919CAEE" level="2" documentposition="8">
  </Entry>
  <Entry id="1133644" documentID="65744B2B6919CAEE" level="2" documentposition="26">
   <Entry id="1138789" documentID="65744B2B6919CAEE" level="3" documentposition="38">
   </Entry>
   <Entry id="1132520" documentID="65744B2B6919CAEE" level="3" documentposition="52">
   </Entry>
  </Entry>
 </Entry>
 <Entry id="1052621" documentID="D0C9529F79FAD14" level="1" documentposition="3">
  <Entry id="1143839" documentID="D0C9529F79FAD14" level="2" documentposition="10">
  </Entry>
  <Entry id="1132394" documentID="D0C9529F79FAD14" level="2" documentposition="23">
   <Entry id="1384394" documentID="D0C9529F79FAD14" level="3" documentposition="30">
   </Entry>
   <Entry id="1180612" documentID="D0C9529F79FAD14" level="3" documentposition="37">
   </Entry>
   <Entry id="1138656" documentID="D0C9529F79FAD14" level="3" documentposition="46">
   </Entry>
   <Entry id="1138988" documentID="D0C9529F79FAD14" level="3" documentposition="57">
    <Entry id="1201717" documentID="D0C9529F79FAD14" level="4" documentposition="67">
    </Entry>
    <Entry id="1139575" documentID="D0C9529F79FAD14" level="4" documentposition="74">
    </Entry>
    <Entry id="1140893" documentID="D0C9529F79FAD14" level="4" documentposition="85">
    </Entry>
    <Entry id="1157154" documentID="D0C9529F79FAD14" level="4" documentposition="100">
    </Entry>
    <Entry id="1168814" documentID="D0C9529F79FAD14" level="4" documentposition="117">
    </Entry>
    <Entry id="1141491" documentID="D0C9529F79FAD14" level="4" documentposition="133">
    </Entry>
    <Entry id="1151841" documentID="D0C9529F79FAD14" level="4" documentposition="147">
    </Entry>
    <Entry id="1313009" documentID="D0C9529F79FAD14" level="4" documentposition="162">
    </Entry>
    <Entry id="1270011" documentID="D0C9529F79FAD14" level="4" documentposition="179">
    </Entry>
    <Entry id="1310234" documentID="D0C9529F79FAD14" level="4" documentposition="191">
     <Entry id="1270108" documentID="D0C9529F79FAD14" level="5" documentposition="198">
     </Entry>
     <Entry id="1260987" documentID="D0C9529F79FAD14" level="5" documentposition="211">
     </Entry>
     <Entry id="1316382" documentID="D0C9529F79FAD14" level="5" documentposition="218">
     </Entry>
     <Entry id="1261006" documentID="D0C9529F79FAD14" level="5" documentposition="225">
     </Entry>
     <Entry id="1208140" documentID="D0C9529F79FAD14" level="5" documentposition="240">
     </Entry>
    </Entry>
   </Entry>
   <Entry id="1141807" documentID="D0C9529F79FAD14" level="3" documentposition="255">
   </Entry>
   <Entry id="1152285" documentID="D0C9529F79FAD14" level="3" documentposition="262">
   </Entry>
   <Entry id="1191323" documentID="D0C9529F79FAD14" level="3" documentposition="272">
   </Entry>
  </Entry>
  <Entry id="1167599" documentID="D0C9529F79FAD14" level="2" documentposition="277">
   <Entry id="1158637" documentID="D0C9529F79FAD14" level="3" documentposition="282">
   </Entry>
   <Entry id="1237445" documentID="D0C9529F79FAD14" level="3" documentposition="292">
   </Entry>
  </Entry>
  <Entry id="1168494" documentID="D0C9529F79FAD14" level="2" documentposition="296">
   <Entry id="1286112" documentID="D0C9529F79FAD14" level="3" documentposition="301">
    <Entry id="1310919" documentID="D0C9529F79FAD14" level="4" documentposition="315">
    </Entry>
   </Entry>
   <Entry id="1188613" documentID="D0C9529F79FAD14" level="3" documentposition="332">
   </Entry>
  </Entry>
 </Entry>
 <Entry id="1052621" documentID="87975E7A2984F74E" level="1" documentposition="3">
  <Entry id="1091444" documentID="87975E7A2984F74E" level="2" documentposition="9">
   <Entry id="1091470" documentID="87975E7A2984F74E" level="3" documentposition="15">
    <Entry id="1154890" documentID="87975E7A2984F74E" level="4" documentposition="23">
    </Entry>
    <Entry id="1091564" documentID="87975E7A2984F74E" level="4" documentposition="33">
    </Entry>
    <Entry id="1091635" documentID="87975E7A2984F74E" level="4" documentposition="52">
    </Entry>
    <Entry id="1146324" documentID="87975E7A2984F74E" level="4" documentposition="65">
    </Entry>
    <Entry id="1171079" documentID="87975E7A2984F74E" level="4" documentposition="69">
    </Entry>
   </Entry>
   <Entry id="1091663" documentID="87975E7A2984F74E" level="3" documentposition="74">
    <Entry id="1091688" documentID="87975E7A2984F74E" level="4" documentposition="82">
    </Entry>
    <Entry id="1091760" documentID="87975E7A2984F74E" level="4" documentposition="96">
    </Entry>
    <Entry id="1091826" documentID="87975E7A2984F74E" level="4" documentposition="108">
    </Entry>
    <Entry id="1091900" documentID="87975E7A2984F74E" level="4" documentposition="121">
    </Entry>
    <Entry id="1091938" documentID="87975E7A2984F74E" level="4" documentposition="135">
    </Entry>
   </Entry>
   <Entry id="1091973" documentID="87975E7A2984F74E" level="3" documentposition="148">
    <Entry id="1099723" documentID="87975E7A2984F74E" level="4" documentposition="159">
    </Entry>
    <Entry id="1100484" documentID="87975E7A2984F74E" level="4" documentposition="170">
    </Entry>
    <Entry id="1099881" documentID="87975E7A2984F74E" level="4" documentposition="184">
    </Entry>
   </Entry>
  </Entry>
 </Entry>
 <Entry id="1223007" documentID="3DA7452CDFCE55B5" level="1" documentposition="3">
  <Entry id="1223043" documentID="3DA7452CDFCE55B5" level="2" documentposition="13">
   <Entry id="1227147" documentID="3DA7452CDFCE55B5" level="3" documentposition="22">
   </Entry>
   <Entry id="1226920" documentID="3DA7452CDFCE55B5" level="3" documentposition="27">
   </Entry>
   <Entry id="1223127" documentID="3DA7452CDFCE55B5" level="3" documentposition="38">
    <Entry id="1223158" documentID="3DA7452CDFCE55B5" level="4" documentposition="47">
    </Entry>
    <Entry id="1241003" documentID="3DA7452CDFCE55B5" level="4" documentposition="65">
    </Entry>
    <Entry id="1223212" documentID="3DA7452CDFCE55B5" level="4" documentposition="74">
    </Entry>
   </Entry>
   <Entry id="1223242" documentID="3DA7452CDFCE55B5" level="3" documentposition="84">
    <Entry id="1223284" documentID="3DA7452CDFCE55B5" level="4" documentposition="99">
    </Entry>
    <Entry id="1223323" documentID="3DA7452CDFCE55B5" level="4" documentposition="116">
    </Entry>
   </Entry>
   <Entry id="1223355" documentID="3DA7452CDFCE55B5" level="3" documentposition="130">
    <Entry id="1223472" documentID="3DA7452CDFCE55B5" level="4" documentposition="141">
    </Entry>
   </Entry>
   <Entry id="1223533" documentID="3DA7452CDFCE55B5" level="3" documentposition="167">
    <Entry id="1223559" documentID="3DA7452CDFCE55B5" level="4" documentposition="174">
    </Entry>
   </Entry>
   <Entry id="1238432" documentID="3DA7452CDFCE55B5" level="3" documentposition="194">
    <Entry id="1223593" documentID="3DA7452CDFCE55B5" level="4" documentposition="202">
    </Entry>
   </Entry>
   <Entry id="1230606" documentID="3DA7452CDFCE55B5" level="3" documentposition="206">
   </Entry>
  </Entry>
  <Entry id="1223669" documentID="3DA7452CDFCE55B5" level="2" documentposition="224">
  </Entry>
 </Entry>
 <Entry id="1052621" documentID="44FC21A4499E6C72" level="1" documentposition="3">
  <Entry id="1134560" documentID="44FC21A4499E6C72" level="2" documentposition="8">
  </Entry>
  <Entry id="1134571" documentID="44FC21A4499E6C72" level="2" documentposition="34">
  </Entry>
  <Entry id="1132707" documentID="44FC21A4499E6C72" level="2" documentposition="39">
  </Entry>
 </Entry>
 <Entry id="1071413" documentID="10023C82E0B888" level="1" documentposition="3">
  <Entry id="1173888" documentID="10023C82E0B888" level="2" documentposition="10">
   <Entry id="1173889" documentID="10023C82E0B888" level="3" documentposition="13">
   </Entry>
   <Entry id="1173891" documentID="10023C82E0B888" level="3" documentposition="15">
   </Entry>
   <Entry id="1173902" documentID="10023C82E0B888" level="3" documentposition="24">
   </Entry>
   <Entry id="1174961" documentID="10023C82E0B888" level="3" documentposition="44">
   </Entry>
  </Entry>
  <Entry id="1139283" documentID="10023C82E0B888" level="2" documentposition="69">
  </Entry>
  <Entry id="1172323" documentID="10023C82E0B888" level="2" documentposition="73">
   <Entry id="1134347" documentID="10023C82E0B888" level="3" documentposition="76">
    <Entry id="1139979" documentID="10023C82E0B888" level="4" documentposition="81">
    </Entry>
    <Entry id="1077437" documentID="10023C82E0B888" level="4" documentposition="100">
    </Entry>
    <Entry id="1087125" documentID="10023C82E0B888" level="4" documentposition="104">
    </Entry>
   </Entry>
  </Entry>
  <Entry id="1176324" documentID="10023C82E0B888" level="2" documentposition="116">
  </Entry>
 </Entry>
 <Entry id="1096659" documentID="C5FC7721692C1CA" level="1" documentposition="3">
  <Entry id="1097275" documentID="C5FC7721692C1CA" level="2" documentposition="12">
   <Entry id="1096680" documentID="C5FC7721692C1CA" level="3" documentposition="19">
   </Entry>
   <Entry id="1097086" documentID="C5FC7721692C1CA" level="3" documentposition="29">
   </Entry>
   <Entry id="1096693" documentID="C5FC7721692C1CA" level="3" documentposition="37">
   </Entry>
   <Entry id="1096701" documentID="C5FC7721692C1CA" level="3" documentposition="45">
   </Entry>
   <Entry id="1131946" documentID="C5FC7721692C1CA" level="3" documentposition="50">
   </Entry>
  </Entry>
  <Entry id="1109046" documentID="C5FC7721692C1CA" level="2" documentposition="52">
   <Entry id="1113168" documentID="C5FC7721692C1CA" level="3" documentposition="62">
   </Entry>
   <Entry id="1096823" documentID="C5FC7721692C1CA" level="3" documentposition="71">
   </Entry>
   <Entry id="1096826" documentID="C5FC7721692C1CA" level="3" documentposition="80">
   </Entry>
   <Entry id="1110735" documentID="C5FC7721692C1CA" level="3" documentposition="90">
   </Entry>
   <Entry id="1111874" documentID="C5FC7721692C1CA" level="3" documentposition="100">
   </Entry>
   <Entry id="1111608" documentID="C5FC7721692C1CA" level="3" documentposition="110">
   </Entry>
   <Entry id="1117394" documentID="C5FC7721692C1CA" level="3" documentposition="119">
   </Entry>
   <Entry id="1096851" documentID="C5FC7721692C1CA" level="3" documentposition="129">
   </Entry>
  </Entry>
  <Entry id="1117276" documentID="C5FC7721692C1CA" level="2" documentposition="138">
  </Entry>
  <Entry id="1097403" documentID="C5FC7721692C1CA" level="2" documentposition="156">
   <Entry id="1109490" documentID="C5FC7721692C1CA" level="3" documentposition="162">
   </Entry>
   <Entry id="1144512" documentID="C5FC7721692C1CA" level="3" documentposition="213">
   </Entry>
   <Entry id="1095919" documentID="C5FC7721692C1CA" level="3" documentposition="243">
   </Entry>
   <Entry id="1095949" documentID="C5FC7721692C1CA" level="3" documentposition="276">
   </Entry>
  </Entry>
  <Entry id="1111853" documentID="C5FC7721692C1CA" level="2" documentposition="333">
  </Entry>
 </Entry>
 <Entry id="1056643" documentID="FC81453EEBDEB9C9" level="1" documentposition="3">
 </Entry>
 <Entry id="1069426" documentID="BEB6E55078882D4D" level="1" documentposition="1">
 </Entry>
</TableOfContents>