<?xml version="1.0" encoding="utf-8"?>
<Index version="1.0" xmlns="urn:WebWorks-Index-Schema">
  <Entry name="caArray" sort="caArray" sectionposition="2">
    <Content xmlns="urn:WebWorks-Document-Schema">
      <TextRun>
        <Text value="caArray" />
      </TextRun>
    </Content>
    <Entry name="launching" sort="launching">
      <Content xmlns="urn:WebWorks-Document-Schema">
        <TextRun>
          <Text value="launching" />
        </TextRun>
      </Content>
      <Link href="C:\Documents and Settings\hadfielj\My Documents\ePublisher Pro Projects\caArray Online Help\Output\WebWorks Help 5.0\caArray Online Help\Getting Started caArray.3.2.html" anchor="1102033" fileposition="9" first="false" />
    </Entry>
  </Entry>
  <Entry name="launching caArray" sort="launching caArray" sectionposition="2">
    <Content xmlns="urn:WebWorks-Document-Schema">
      <TextRun>
        <Text value="launching caArray" />
      </TextRun>
    </Content>
    <Link href="C:\Documents and Settings\hadfielj\My Documents\ePublisher Pro Projects\caArray Online Help\Output\WebWorks Help 5.0\caArray Online Help\Getting Started caArray.3.2.html" anchor="1102033" fileposition="9" first="false" />
  </Entry>
  <Entry name="caArray" sort="caArray" sectionposition="2">
    <Content xmlns="urn:WebWorks-Document-Schema">
      <TextRun>
        <Text value="caArray" />
      </TextRun>
    </Content>
    <Entry name="login" sort="login">
      <Content xmlns="urn:WebWorks-Document-Schema">
        <TextRun>
          <Text value="login" />
        </TextRun>
      </Content>
      <Link href="C:\Documents and Settings\hadfielj\My Documents\ePublisher Pro Projects\caArray Online Help\Output\WebWorks Help 5.0\caArray Online Help\Getting Started caArray.3.3.html" anchor="1124833" fileposition="10" first="false" />
    </Entry>
  </Entry>
  <Entry name="searching" sort="searching" sectionposition="2">
    <Content xmlns="urn:WebWorks-Document-Schema">
      <TextRun>
        <Text value="searching" />
      </TextRun>
    </Content>
    <Entry name="from caArray login screen" sort="from caArray login screen">
      <Content xmlns="urn:WebWorks-Document-Schema">
        <TextRun>
          <Text value="from caArray login screen" />
        </TextRun>
      </Content>
      <Link href="C:\Documents and Settings\hadfielj\My Documents\ePublisher Pro Projects\caArray Online Help\Output\WebWorks Help 5.0\caArray Online Help\Getting Started caArray.3.3.html" anchor="1124833" fileposition="10" first="false" />
    </Entry>
  </Entry>
  <Entry name="caArray" sort="caArray" sectionposition="2">
    <Content xmlns="urn:WebWorks-Document-Schema">
      <TextRun>
        <Text value="caArray" />
      </TextRun>
    </Content>
    <Entry name="creating user account" sort="creating user account">
      <Content xmlns="urn:WebWorks-Document-Schema">
        <TextRun>
          <Text value="creating user account" />
        </TextRun>
      </Content>
      <Link href="C:\Documents and Settings\hadfielj\My Documents\ePublisher Pro Projects\caArray Online Help\Output\WebWorks Help 5.0\caArray Online Help\Getting Started caArray.3.5.html" anchor="1127125" fileposition="12" first="false" />
    </Entry>
  </Entry>
  <Entry name="user" sort="user" sectionposition="2">
    <Content xmlns="urn:WebWorks-Document-Schema">
      <TextRun>
        <Text value="user" />
      </TextRun>
    </Content>
    <Entry name="creating account" sort="creating account">
      <Content xmlns="urn:WebWorks-Document-Schema">
        <TextRun>
          <Text value="creating account" />
        </TextRun>
      </Content>
      <Link href="C:\Documents and Settings\hadfielj\My Documents\ePublisher Pro Projects\caArray Online Help\Output\WebWorks Help 5.0\caArray Online Help\Getting Started caArray.3.5.html" anchor="1127125" fileposition="12" first="false" />
    </Entry>
  </Entry>
  <Entry name="account, creating new user" sort="account, creating new user" sectionposition="2">
    <Content xmlns="urn:WebWorks-Document-Schema">
      <TextRun>
        <Text value="account, creating new user" />
      </TextRun>
    </Content>
    <Link href="C:\Documents and Settings\hadfielj\My Documents\ePublisher Pro Projects\caArray Online Help\Output\WebWorks Help 5.0\caArray Online Help\Getting Started caArray.3.5.html" anchor="1127125" fileposition="12" first="false" />
  </Entry>
  <Entry name="registering new user" sort="registering new user" sectionposition="2">
    <Content xmlns="urn:WebWorks-Document-Schema">
      <TextRun>
        <Text value="registering new user" />
      </TextRun>
    </Content>
    <Link href="C:\Documents and Settings\hadfielj\My Documents\ePublisher Pro Projects\caArray Online Help\Output\WebWorks Help 5.0\caArray Online Help\Getting Started caArray.3.5.html" anchor="1127125" fileposition="12" first="false" />
  </Entry>
  <Entry name="online help" sort="online help" sectionposition="2">
    <Content xmlns="urn:WebWorks-Document-Schema">
      <TextRun>
        <Text value="online help" />
      </TextRun>
    </Content>
    <Entry name="using" sort="using">
      <Content xmlns="urn:WebWorks-Document-Schema">
        <TextRun>
          <Text value="using" />
        </TextRun>
      </Content>
      <Link href="C:\Documents and Settings\hadfielj\My Documents\ePublisher Pro Projects\caArray Online Help\Output\WebWorks Help 5.0\caArray Online Help\Getting Started caArray.3.6.html" anchor="1082564" fileposition="13" first="true" />
    </Entry>
  </Entry>
  <Entry name="help in caArray" sort="help in caArray" sectionposition="2">
    <Content xmlns="urn:WebWorks-Document-Schema">
      <TextRun>
        <Text value="help in caArray" />
      </TextRun>
    </Content>
    <Link href="C:\Documents and Settings\hadfielj\My Documents\ePublisher Pro Projects\caArray Online Help\Output\WebWorks Help 5.0\caArray Online Help\Getting Started caArray.3.6.html" anchor="1082564" fileposition="13" first="true" />
  </Entry>
  <Entry name="online help" sort="online help" sectionposition="2">
    <Content xmlns="urn:WebWorks-Document-Schema">
      <TextRun>
        <Text value="online help" />
      </TextRun>
    </Content>
    <Entry name="icons" sort="icons">
      <Content xmlns="urn:WebWorks-Document-Schema">
        <TextRun>
          <Text value="icons" />
        </TextRun>
      </Content>
      <Link href="C:\Documents and Settings\hadfielj\My Documents\ePublisher Pro Projects\caArray Online Help\Output\WebWorks Help 5.0\caArray Online Help\Getting Started caArray.3.6.html" anchor="1082564" fileposition="13" first="true" />
    </Entry>
  </Entry>
  <Entry name="online help" sort="online help" sectionposition="2">
    <Content xmlns="urn:WebWorks-Document-Schema">
      <TextRun>
        <Text value="online help" />
      </TextRun>
    </Content>
    <Entry name="Quick Links" sort="Quick Links">
      <Content xmlns="urn:WebWorks-Document-Schema">
        <TextRun>
          <Text value="Quick Links" />
        </TextRun>
      </Content>
      <Link href="C:\Documents and Settings\hadfielj\My Documents\ePublisher Pro Projects\caArray Online Help\Output\WebWorks Help 5.0\caArray Online Help\Getting Started caArray.3.8.html" anchor="1124248" fileposition="15" first="false" />
    </Entry>
  </Entry>
  <Entry name="caArray" sort="caArray" sectionposition="2">
    <Content xmlns="urn:WebWorks-Document-Schema">
      <TextRun>
        <Text value="caArray" />
      </TextRun>
    </Content>
    <Entry name="login" sort="login">
      <Content xmlns="urn:WebWorks-Document-Schema">
        <TextRun>
          <Text value="login" />
        </TextRun>
      </Content>
      <Link href="C:\Documents and Settings\hadfielj\My Documents\ePublisher Pro Projects\caArray Online Help\Output\WebWorks Help 5.0\caArray Online Help\Getting Started caArray.3.10.html" anchor="1126296" fileposition="17" first="false" />
    </Entry>
  </Entry>
  <Entry name="searching" sort="searching" sectionposition="2">
    <Content xmlns="urn:WebWorks-Document-Schema">
      <TextRun>
        <Text value="searching" />
      </TextRun>
    </Content>
    <Entry name="from caArray login screen" sort="from caArray login screen">
      <Content xmlns="urn:WebWorks-Document-Schema">
        <TextRun>
          <Text value="from caArray login screen" />
        </TextRun>
      </Content>
      <Link href="C:\Documents and Settings\hadfielj\My Documents\ePublisher Pro Projects\caArray Online Help\Output\WebWorks Help 5.0\caArray Online Help\Getting Started caArray.3.10.html" anchor="1126296" fileposition="17" first="false" />
    </Entry>
  </Entry>
  <Entry name="caArray" sort="caArray" sectionposition="2">
    <Content xmlns="urn:WebWorks-Document-Schema">
      <TextRun>
        <Text value="caArray" />
      </TextRun>
    </Content>
    <Entry name="recommended workflow" sort="recommended workflow">
      <Content xmlns="urn:WebWorks-Document-Schema">
        <TextRun>
          <Text value="recommended workflow" />
        </TextRun>
      </Content>
      <Link href="C:\Documents and Settings\hadfielj\My Documents\ePublisher Pro Projects\caArray Online Help\Output\WebWorks Help 5.0\caArray Online Help\Getting Started caArray.3.10.html" anchor="1124670" fileposition="17" first="false" />
    </Entry>
  </Entry>
  <Entry name="caArray" sort="caArray" sectionposition="2">
    <Content xmlns="urn:WebWorks-Document-Schema">
      <TextRun>
        <Text value="caArray" />
      </TextRun>
    </Content>
    <Entry name="interface" sort="interface">
      <Content xmlns="urn:WebWorks-Document-Schema">
        <TextRun>
          <Text value="interface" />
        </TextRun>
      </Content>
      <Link href="C:\Documents and Settings\hadfielj\My Documents\ePublisher Pro Projects\caArray Online Help\Output\WebWorks Help 5.0\caArray Online Help\Getting Started caArray.3.11.html" anchor="1124291" fileposition="18" first="false" />
    </Entry>
  </Entry>
  <Entry name="caArray" sort="caArray" sectionposition="2">
    <Content xmlns="urn:WebWorks-Document-Schema">
      <TextRun>
        <Text value="caArray" />
      </TextRun>
    </Content>
    <Entry name="common uses of" sort="common uses of">
      <Content xmlns="urn:WebWorks-Document-Schema">
        <TextRun>
          <Text value="common uses of" />
        </TextRun>
      </Content>
      <Link href="C:\Documents and Settings\hadfielj\My Documents\ePublisher Pro Projects\caArray Online Help\Output\WebWorks Help 5.0\caArray Online Help\Getting Started caArray.3.11.html" anchor="1124291" fileposition="18" first="false" />
    </Entry>
  </Entry>
  <Entry name="caArray" sort="caArray" sectionposition="2">
    <Content xmlns="urn:WebWorks-Document-Schema">
      <TextRun>
        <Text value="caArray" />
      </TextRun>
    </Content>
    <Entry name="login" sort="login">
      <Content xmlns="urn:WebWorks-Document-Schema">
        <TextRun>
          <Text value="login" />
        </TextRun>
      </Content>
      <Link href="C:\Documents and Settings\hadfielj\My Documents\ePublisher Pro Projects\caArray Online Help\Output\WebWorks Help 5.0\caArray Online Help\Getting Started caArray.3.12.html" anchor="1126406" fileposition="19" first="false" />
    </Entry>
  </Entry>
  <Entry name="searching" sort="searching" sectionposition="2">
    <Content xmlns="urn:WebWorks-Document-Schema">
      <TextRun>
        <Text value="searching" />
      </TextRun>
    </Content>
    <Entry name="from caArray login screen" sort="from caArray login screen">
      <Content xmlns="urn:WebWorks-Document-Schema">
        <TextRun>
          <Text value="from caArray login screen" />
        </TextRun>
      </Content>
      <Link href="C:\Documents and Settings\hadfielj\My Documents\ePublisher Pro Projects\caArray Online Help\Output\WebWorks Help 5.0\caArray Online Help\Getting Started caArray.3.12.html" anchor="1126406" fileposition="19" first="false" />
    </Entry>
  </Entry>
  <Entry name="caArray" sort="caArray" sectionposition="2">
    <Content xmlns="urn:WebWorks-Document-Schema">
      <TextRun>
        <Text value="caArray" />
      </TextRun>
    </Content>
    <Entry name="task tabs" sort="task tabs">
      <Content xmlns="urn:WebWorks-Document-Schema">
        <TextRun>
          <Text value="task tabs" />
        </TextRun>
      </Content>
      <Link href="C:\Documents and Settings\hadfielj\My Documents\ePublisher Pro Projects\caArray Online Help\Output\WebWorks Help 5.0\caArray Online Help\Getting Started caArray.3.13.html" anchor="1064316" fileposition="20" first="false" />
    </Entry>
  </Entry>
  <Entry name="caArray" sort="caArray" sectionposition="2">
    <Content xmlns="urn:WebWorks-Document-Schema">
      <TextRun>
        <Text value="caArray" />
      </TextRun>
    </Content>
    <Entry name="interface description" sort="interface description">
      <Content xmlns="urn:WebWorks-Document-Schema">
        <TextRun>
          <Text value="interface description" />
        </TextRun>
      </Content>
      <Link href="C:\Documents and Settings\hadfielj\My Documents\ePublisher Pro Projects\caArray Online Help\Output\WebWorks Help 5.0\caArray Online Help\Getting Started caArray.3.14.html" anchor="1076586" fileposition="21" first="true" />
    </Entry>
  </Entry>
</Index>