<?xml version="1.0" encoding="UTF-8"?>
<ns1:Deployment xmlns:ns1="gme://gov.nih.nci.cagrid.introduce/1/Deployment" xmlns:xsi="http://www.w3.org/2001/XMLSchema-instance" xsi:type="ns1:Deployment" serviceName="TransferService" deploymentPrefix="cagrid" serviceDeploymentDirName="cagrid_TransferService" deployDateTime="1339516596031">
  <Jars xsi:type="ns1:Jars">
    <Jar xsi:type="ns1:Jar" name="caGrid-advertisement-1.5.jar" location="." />
    <Jar xsi:type="ns1:Jar" name="caGrid-core-1.5.jar" location="." />
    <Jar xsi:type="ns1:Jar" name="caGrid-Introduce-serviceTools-1.5.jar" location="." />
    <Jar xsi:type="ns1:Jar" name="caGrid-metadata-common-1.5.jar" location="." />
    <Jar xsi:type="ns1:Jar" name="caGrid-metadata-data-1.5.jar" location="." />
    <Jar xsi:type="ns1:Jar" name="caGrid-metadata-security-1.5.jar" location="." />
    <Jar xsi:type="ns1:Jar" name="caGrid-metadatautils-1.5.jar" location="." />
    <Jar xsi:type="ns1:Jar" name="caGrid-ServiceSecurityProvider-client-1.5.jar" location="." />
    <Jar xsi:type="ns1:Jar" name="caGrid-ServiceSecurityProvider-common-1.5.jar" location="." />
    <Jar xsi:type="ns1:Jar" name="caGrid-ServiceSecurityProvider-service-1.5.jar" location="." />
    <Jar xsi:type="ns1:Jar" name="caGrid-ServiceSecurityProvider-stubs-1.5.jar" location="." />
    <Jar xsi:type="ns1:Jar" name="caGrid-Transfer-client-1.5.jar" location="." />
    <Jar xsi:type="ns1:Jar" name="caGrid-Transfer-common-1.5.jar" location="." />
    <Jar xsi:type="ns1:Jar" name="caGrid-Transfer-service-1.5.jar" location="." />
    <Jar xsi:type="ns1:Jar" name="caGrid-Transfer-stubs-1.5.jar" location="." />
    <Jar xsi:type="ns1:Jar" name="caGrid-Transfer-tests-1.5.jar" location="." />
    <Jar xsi:type="ns1:Jar" name="commons-codec-1.3.jar" location="." />
    <Jar xsi:type="ns1:Jar" name="commons-httpclient-3.0.jar" location="." />
    <Jar xsi:type="ns1:Jar" name="globus_wsrf_mds_aggregator.jar" location="." />
    <Jar xsi:type="ns1:Jar" name="globus_wsrf_mds_aggregator_stubs.jar" location="." />
    <Jar xsi:type="ns1:Jar" name="globus_wsrf_servicegroup.jar" location="." />
    <Jar xsi:type="ns1:Jar" name="globus_wsrf_servicegroup_stubs.jar" location="." />
    <Jar xsi:type="ns1:Jar" name="ivy-1.5.xml" location="." />
    <Jar xsi:type="ns1:Jar" name="jasciidammit-1.1.jar" location="." />
    <Jar xsi:type="ns1:Jar" name="jdom-1.0.jar" location="." />
  </Jars>
</ns1:Deployment>

