<?xml version="1.0" encoding="utf-8"?>
<Behaviors version="1.0" xmlns="urn:WebWorks-Behaviors-Schema">
  <Paragraph id="1052621" documentposition="3" splitpriority="1" dropdown="continue" popup="none" popup-page-rule="" />
  <Paragraph id="1155472" documentposition="4" splitpriority="none" dropdown="continue" popup="none" popup-page-rule="" />
  <Paragraph id="1132391" documentposition="5" splitpriority="none" dropdown="continue" popup="none" popup-page-rule="" />
  <Paragraph id="1155577" documentposition="6" splitpriority="none" dropdown="continue" popup="none" popup-page-rule="" />
  <Paragraph id="1173335" documentposition="7" splitpriority="none" dropdown="continue" popup="none" popup-page-rule="" />
  <Paragraph id="1173339" documentposition="8" splitpriority="none" dropdown="continue" popup="none" popup-page-rule="" />
  <Paragraph id="1155582" documentposition="9" splitpriority="none" dropdown="continue" popup="none" popup-page-rule="" />
  <Paragraph id="1143839" documentposition="10" splitpriority="2" dropdown="continue" popup="none" popup-page-rule="" />
  <Paragraph id="1148910" documentposition="11" splitpriority="none" dropdown="continue" popup="none" popup-page-rule="" />
  <Paragraph id="1148918" documentposition="12" splitpriority="none" dropdown="continue" popup="none" popup-page-rule="" />
  <Table id="1148922" documentposition="13" splitpriority="none">
    <TableCell>
      <Paragraph id="1156092" dropdown="continue" popup="none" popup-page-rule="" />
    </TableCell>
    <TableCell>
      <Paragraph id="1156094" dropdown="continue" popup="none" popup-page-rule="" />
    </TableCell>
    <TableCell>
      <Paragraph id="1156096" dropdown="continue" popup="none" popup-page-rule="" />
    </TableCell>
    <TableCell>
      <Paragraph id="1156098" dropdown="continue" popup="none" popup-page-rule="" />
    </TableCell>
    <TableCell>
      <Paragraph id="1156100" dropdown="continue" popup="none" popup-page-rule="" />
    </TableCell>
    <TableCell>
      <Paragraph id="1156102" dropdown="continue" popup="none" popup-page-rule="" />
    </TableCell>
    <TableCell>
      <Paragraph id="1156104" dropdown="continue" popup="none" popup-page-rule="" />
    </TableCell>
    <TableCell>
      <Paragraph id="1156106" dropdown="continue" popup="none" popup-page-rule="" />
    </TableCell>
    <TableCell>
      <Paragraph id="1156108" dropdown="continue" popup="none" popup-page-rule="" />
    </TableCell>
    <TableCell>
      <Paragraph id="1156110" dropdown="continue" popup="none" popup-page-rule="" />
    </TableCell>
    <TableCell>
      <Paragraph id="1156112" dropdown="continue" popup="none" popup-page-rule="" />
    </TableCell>
    <TableCell>
      <Paragraph id="1156114" dropdown="continue" popup="none" popup-page-rule="" />
    </TableCell>
  </Table>
  <Paragraph id="1149197" documentposition="14" splitpriority="none" dropdown="continue" popup="none" popup-page-rule="" />
  <Paragraph id="1149192" documentposition="15" splitpriority="none" dropdown="continue" popup="none" popup-page-rule="" />
  <Paragraph id="1148510" documentposition="16" splitpriority="none" dropdown="continue" popup="none" popup-page-rule="" />
  <Paragraph id="1148500" documentposition="17" splitpriority="none" dropdown="continue" popup="none" popup-page-rule="" />
  <Paragraph id="1240851" documentposition="18" splitpriority="none" relatedtopic="define-no-output" dropdown="continue" popup="none" popup-page-rule="" />
  <Paragraph id="1240855" documentposition="19" splitpriority="none" relatedtopic="define-no-output" dropdown="continue" popup="none" popup-page-rule="" />
  <Paragraph id="1240859" documentposition="20" splitpriority="none" relatedtopic="define-no-output" dropdown="continue" popup="none" popup-page-rule="" />
  <Paragraph id="1240863" documentposition="21" splitpriority="none" relatedtopic="define-no-output" dropdown="continue" popup="none" popup-page-rule="" />
  <Paragraph id="1240867" documentposition="22" splitpriority="none" relatedtopic="define-no-output" dropdown="continue" popup="none" popup-page-rule="" />
  <Paragraph id="1132394" documentposition="23" splitpriority="2" dropdown="continue" popup="none" popup-page-rule="" />
  <Paragraph id="1136433" documentposition="24" splitpriority="none" dropdown="continue" popup="none" popup-page-rule="" />
  <Paragraph id="1240875" documentposition="25" splitpriority="none" dropdown="continue" popup="none" popup-page-rule="" />
  <Paragraph id="1240879" documentposition="26" splitpriority="none" dropdown="continue" popup="none" popup-page-rule="" />
  <Paragraph id="1240883" documentposition="27" splitpriority="none" dropdown="continue" popup="none" popup-page-rule="" />
  <Paragraph id="1240887" documentposition="28" splitpriority="none" dropdown="continue" popup="none" popup-page-rule="" />
  <Paragraph id="1240891" documentposition="29" splitpriority="none" dropdown="continue" popup="none" popup-page-rule="" />
  <Paragraph id="1240893" documentposition="30" splitpriority="3" dropdown="continue" popup="none" popup-page-rule="" />
  <Paragraph id="1175507" documentposition="31" splitpriority="none" dropdown="continue" popup="none" popup-page-rule="" />
  <Paragraph id="1136435" documentposition="32" splitpriority="none" dropdown="continue" popup="none" popup-page-rule="" />
  <Paragraph id="1136437" documentposition="33" splitpriority="none" dropdown="continue" popup="none" popup-page-rule="" />
  <Paragraph id="1132395" documentposition="34" splitpriority="none" dropdown="continue" popup="none" popup-page-rule="" />
  <Paragraph id="1180610" documentposition="36" splitpriority="none" dropdown="continue" popup="none" popup-page-rule="" />
  <Paragraph id="1180612" documentposition="37" splitpriority="3" dropdown="continue" popup="none" popup-page-rule="" />
  <Paragraph id="1149732" documentposition="38" splitpriority="none" dropdown="continue" popup="none" popup-page-rule="" />
  <Paragraph id="1149736" documentposition="39" splitpriority="none" dropdown="continue" popup="none" popup-page-rule="" />
  <Paragraph id="1174108" documentposition="40" splitpriority="none" dropdown="continue" popup="none" popup-page-rule="">
    <Paragraph id="1174111" dropdown="continue" popup="none" popup-page-rule="" />
  </Paragraph>
  <Table id="1174116" documentposition="42" splitpriority="none">
    <TableCell>
      <Paragraph id="1174118" dropdown="continue" popup="none" popup-page-rule="" />
    </TableCell>
    <TableCell>
      <Paragraph id="1174120" dropdown="continue" popup="none" popup-page-rule="" />
    </TableCell>
    <TableCell>
      <Paragraph id="1174122" dropdown="continue" popup="none" popup-page-rule="" />
    </TableCell>
    <TableCell>
      <Paragraph id="1174124" dropdown="continue" popup="none" popup-page-rule="" />
    </TableCell>
    <TableCell>
      <Paragraph id="1259834" dropdown="continue" popup="none" popup-page-rule="" />
    </TableCell>
    <TableCell>
      <Paragraph id="1259836" dropdown="continue" popup="none" popup-page-rule="" />
    </TableCell>
    <TableCell>
      <Paragraph id="1174126" dropdown="continue" popup="none" popup-page-rule="" />
    </TableCell>
    <TableCell>
      <Paragraph id="1174128" dropdown="continue" popup="none" popup-page-rule="" />
    </TableCell>
    <TableCell>
      <Paragraph id="1174130" dropdown="continue" popup="none" popup-page-rule="" />
    </TableCell>
    <TableCell>
      <Paragraph id="1174132" dropdown="continue" popup="none" popup-page-rule="" />
      <Paragraph id="1275847" dropdown="continue" popup="none" popup-page-rule="" />
    </TableCell>
    <TableCell>
      <Paragraph id="1174145" dropdown="continue" popup="none" popup-page-rule="" />
    </TableCell>
    <TableCell>
      <Paragraph id="1174147" dropdown="continue" popup="none" popup-page-rule="" />
      <Paragraph id="1174148" dropdown="continue" popup="none" popup-page-rule="" />
      <Paragraph id="1174149" dropdown="continue" popup="none" popup-page-rule="" />
      <Paragraph id="1174150" dropdown="continue" popup="none" popup-page-rule="" />
      <Paragraph id="1189862" dropdown="continue" popup="none" popup-page-rule="" />
      <Paragraph id="1184735" dropdown="continue" popup="none" popup-page-rule="" />
      <Paragraph id="1275868" dropdown="continue" popup="none" popup-page-rule="" />
      <Paragraph id="1194698" dropdown="continue" popup="none" popup-page-rule="" />
    </TableCell>
    <TableCell>
      <Paragraph id="1174152" dropdown="continue" popup="none" popup-page-rule="" />
    </TableCell>
    <TableCell>
      <Paragraph id="1174154" dropdown="continue" popup="none" popup-page-rule="" />
      <Paragraph id="1174156" dropdown="continue" popup="none" popup-page-rule="" />
      <Paragraph id="1200502" dropdown="continue" popup="none" popup-page-rule="" />
    </TableCell>
    <TableCell>
      <Paragraph id="1174158" dropdown="continue" popup="none" popup-page-rule="" />
    </TableCell>
    <TableCell>
      <Paragraph id="1190568" dropdown="continue" popup="none" popup-page-rule="" />
    </TableCell>
    <TableCell>
      <Paragraph id="1174162" dropdown="continue" popup="none" popup-page-rule="" />
    </TableCell>
    <TableCell>
      <Paragraph id="1174164" dropdown="continue" popup="none" popup-page-rule="" />
    </TableCell>
  </Table>
  <Paragraph id="1138422" documentposition="43" splitpriority="none" dropdown="continue" popup="none" popup-page-rule="" />
  <Paragraph id="1149470" documentposition="44" splitpriority="none" dropdown="continue" popup="none" popup-page-rule="" />
  <Paragraph id="1178259" documentposition="45" splitpriority="none" dropdown="continue" popup="none" popup-page-rule="" />
  <Paragraph id="1138656" documentposition="46" splitpriority="3" dropdown="continue" popup="none" popup-page-rule="" />
  <Paragraph id="1138709" documentposition="47" splitpriority="none" dropdown="continue" popup="none" popup-page-rule="" />
  <Paragraph id="1259844" documentposition="48" splitpriority="none" dropdown="continue" popup="none" popup-page-rule="" />
  <Paragraph id="1160670" documentposition="49" splitpriority="none" dropdown="continue" popup="none" popup-page-rule="" />
  <Paragraph id="1201553" documentposition="50" splitpriority="none" dropdown="continue" popup="none" popup-page-rule="" />
  <Paragraph id="1259865" documentposition="51" splitpriority="none" dropdown="continue" popup="none" popup-page-rule="" />
  <Table id="1207736" documentposition="53" splitpriority="none">
    <TableCell>
      <Paragraph id="1207738" dropdown="continue" popup="none" popup-page-rule="" />
    </TableCell>
    <TableCell>
      <Paragraph id="1207740" dropdown="continue" popup="none" popup-page-rule="" />
    </TableCell>
    <TableCell>
      <Paragraph id="1207742" dropdown="continue" popup="none" popup-page-rule="" />
    </TableCell>
    <TableCell>
      <Paragraph id="1207744" dropdown="continue" popup="none" popup-page-rule="" />
    </TableCell>
    <TableCell>
      <Paragraph id="1207746" dropdown="continue" popup="none" popup-page-rule="" />
    </TableCell>
    <TableCell>
      <Paragraph id="1207750" dropdown="continue" popup="none" popup-page-rule="" />
    </TableCell>
    <TableCell>
      <Paragraph id="1207752" dropdown="continue" popup="none" popup-page-rule="" />
    </TableCell>
    <TableCell>
      <Paragraph id="1207754" dropdown="continue" popup="none" popup-page-rule="" />
    </TableCell>
    <TableCell>
      <Paragraph id="1207756" dropdown="continue" popup="none" popup-page-rule="" />
    </TableCell>
    <TableCell>
      <Paragraph id="1207758" dropdown="continue" popup="none" popup-page-rule="" />
    </TableCell>
    <TableCell>
      <Paragraph id="1250072" dropdown="continue" popup="none" popup-page-rule="">
        <Frame id="1250074" />
      </Paragraph>
      <Paragraph id="1207760" dropdown="continue" popup="none" popup-page-rule="" />
    </TableCell>
  </Table>
  <Paragraph id="1207768" documentposition="54" splitpriority="none" dropdown="continue" popup="none" popup-page-rule="" />
  <Paragraph id="1260006" documentposition="55" splitpriority="none" dropdown="continue" popup="none" popup-page-rule="" />
  <Paragraph id="1138974" documentposition="56" splitpriority="none" dropdown="continue" popup="none" popup-page-rule="" />
  <Paragraph id="1138988" documentposition="57" splitpriority="3" dropdown="continue" popup="none" popup-page-rule="" />
  <Paragraph id="1138994" documentposition="58" splitpriority="none" dropdown="continue" popup="none" popup-page-rule="" />
  <Paragraph id="1241108" documentposition="60" splitpriority="none" dropdown="continue" popup="none" popup-page-rule="" />
  <Paragraph id="1241112" documentposition="61" splitpriority="none" dropdown="continue" popup="none" popup-page-rule="" />
  <Paragraph id="1241116" documentposition="62" splitpriority="none" dropdown="continue" popup="none" popup-page-rule="" />
  <Paragraph id="1241120" documentposition="63" splitpriority="none" dropdown="continue" popup="none" popup-page-rule="" />
  <Paragraph id="1241124" documentposition="64" splitpriority="none" dropdown="continue" popup="none" popup-page-rule="" />
  <Paragraph id="1241128" documentposition="65" splitpriority="none" dropdown="continue" popup="none" popup-page-rule="" />
  <Paragraph id="1241132" documentposition="66" splitpriority="none" dropdown="continue" popup="none" popup-page-rule="" />
  <Paragraph id="1201717" documentposition="67" splitpriority="4" dropdown="continue" popup="none" popup-page-rule="" />
  <Paragraph id="1162414" documentposition="68" splitpriority="none" dropdown="continue" popup="none" popup-page-rule="" />
  <Paragraph id="1189887" documentposition="69" splitpriority="none" dropdown="continue" popup="none" popup-page-rule="">
    <Paragraph id="1189893" dropdown="continue" popup="none" popup-page-rule="" />
  </Paragraph>
  <Table id="1189894" documentposition="70" splitpriority="none">
    <TableCell>
      <Paragraph id="1189896" dropdown="continue" popup="none" popup-page-rule="" />
    </TableCell>
    <TableCell>
      <Paragraph id="1189898" dropdown="continue" popup="none" popup-page-rule="" />
    </TableCell>
    <TableCell>
      <Paragraph id="1189900" dropdown="continue" popup="none" popup-page-rule="" />
    </TableCell>
    <TableCell>
      <Paragraph id="1260091" dropdown="continue" popup="none" popup-page-rule="">
        <Frame id="1260147" />
      </Paragraph>
      <Paragraph id="1260109" dropdown="continue" popup="none" popup-page-rule="" />
      <Paragraph id="1260113" dropdown="continue" popup="none" popup-page-rule="" />
    </TableCell>
    <TableCell>
      <Paragraph id="1189904" dropdown="continue" popup="none" popup-page-rule="" />
    </TableCell>
    <TableCell>
      <Paragraph id="1189906" dropdown="continue" popup="none" popup-page-rule="" />
    </TableCell>
    <TableCell>
      <Paragraph id="1189908" dropdown="continue" popup="none" popup-page-rule="" />
    </TableCell>
    <TableCell>
      <Paragraph id="1189910" dropdown="continue" popup="none" popup-page-rule="" />
      <Paragraph id="1260200" dropdown="continue" popup="none" popup-page-rule="">
        <Frame id="1260202" />
      </Paragraph>
      <Paragraph id="1260204" dropdown="continue" popup="none" popup-page-rule="" />
      <Paragraph id="1260205" dropdown="continue" popup="none" popup-page-rule="" />
    </TableCell>
    <TableCell>
      <Paragraph id="1189912" dropdown="continue" popup="none" popup-page-rule="" />
    </TableCell>
    <TableCell>
      <Paragraph id="1189914" dropdown="continue" popup="none" popup-page-rule="" />
    </TableCell>
    <TableCell>
      <Paragraph id="1189916" dropdown="continue" popup="none" popup-page-rule="" />
    </TableCell>
    <TableCell>
      <Paragraph id="1189918" dropdown="continue" popup="none" popup-page-rule="" />
      <Paragraph id="1260507" dropdown="continue" popup="none" popup-page-rule="">
        <Frame id="1260509" />
      </Paragraph>
      <Paragraph id="1260511" dropdown="continue" popup="none" popup-page-rule="" />
      <Paragraph id="1260505" dropdown="continue" popup="none" popup-page-rule="" />
    </TableCell>
    <TableCell>
      <Paragraph id="1189920" dropdown="continue" popup="none" popup-page-rule="" />
    </TableCell>
    <TableCell>
      <Paragraph id="1189922" dropdown="continue" popup="none" popup-page-rule="" />
    </TableCell>
  </Table>
  <Paragraph id="1189928" documentposition="71" splitpriority="none" dropdown="continue" popup="none" popup-page-rule="" />
  <Paragraph id="1204409" documentposition="72" splitpriority="none" dropdown="continue" popup="none" popup-page-rule="" />
  <Paragraph id="1204413" documentposition="73" splitpriority="none" dropdown="continue" popup="none" popup-page-rule="" />
  <Paragraph id="1139575" documentposition="74" splitpriority="4" dropdown="continue" popup="none" popup-page-rule="" />
  <Paragraph id="1132408" documentposition="75" splitpriority="none" dropdown="continue" popup="none" popup-page-rule="" />
  <Paragraph id="1140686" documentposition="76" splitpriority="none" dropdown="continue" popup="none" popup-page-rule="" />
  <Paragraph id="1140687" documentposition="77" splitpriority="none" dropdown="continue" popup="none" popup-page-rule="">
    <Paragraph id="1200471" dropdown="continue" popup="none" popup-page-rule="" />
  </Paragraph>
  <Table id="1162312" documentposition="78" splitpriority="none">
    <TableCell>
      <Paragraph id="1162314" dropdown="continue" popup="none" popup-page-rule="" />
    </TableCell>
    <TableCell>
      <Paragraph id="1162316" dropdown="continue" popup="none" popup-page-rule="" />
    </TableCell>
    <TableCell>
      <Paragraph id="1162318" dropdown="continue" popup="none" popup-page-rule="" />
    </TableCell>
    <TableCell>
      <Paragraph id="1162320" dropdown="continue" popup="none" popup-page-rule="" />
    </TableCell>
    <TableCell>
      <Paragraph id="1162322" dropdown="continue" popup="none" popup-page-rule="" />
    </TableCell>
    <TableCell>
      <Paragraph id="1162324" dropdown="continue" popup="none" popup-page-rule="" />
    </TableCell>
    <TableCell>
      <Paragraph id="1162326" dropdown="continue" popup="none" popup-page-rule="" />
    </TableCell>
    <TableCell>
      <Paragraph id="1162328" dropdown="continue" popup="none" popup-page-rule="" />
      <Paragraph id="1190070" dropdown="continue" popup="none" popup-page-rule="" />
    </TableCell>
  </Table>
  <Paragraph id="1140851" documentposition="79" splitpriority="none" dropdown="continue" popup="none" popup-page-rule="" />
  <Paragraph id="1140859" documentposition="80" splitpriority="none" dropdown="continue" popup="none" popup-page-rule="" />
  <Paragraph id="1150141" documentposition="81" splitpriority="none" dropdown="continue" popup="none" popup-page-rule="" />
  <Paragraph id="1140892" documentposition="82" splitpriority="none" dropdown="continue" popup="none" popup-page-rule="" />
  <Paragraph id="1140893" documentposition="83" splitpriority="4" dropdown="continue" popup="none" popup-page-rule="" />
  <Paragraph id="1151323" documentposition="84" splitpriority="none" dropdown="continue" popup="none" popup-page-rule="" />
  <Paragraph id="1150878" documentposition="85" splitpriority="none" dropdown="continue" popup="none" popup-page-rule="" />
  <Paragraph id="1150885" documentposition="86" splitpriority="none" dropdown="continue" popup="none" popup-page-rule="" />
  <Paragraph id="1154426" documentposition="87" splitpriority="none" dropdown="continue" popup="none" popup-page-rule="" />
  <Paragraph id="1154349" documentposition="88" splitpriority="none" dropdown="continue" popup="none" popup-page-rule="" />
  <Paragraph id="1154351" documentposition="89" splitpriority="none" dropdown="continue" popup="none" popup-page-rule="" />
  <Paragraph id="1150895" documentposition="90" splitpriority="none" dropdown="continue" popup="none" popup-page-rule="">
    <Frame id="1150897">
      <Frame id="1150898">
        <Paragraph id="1150911" dropdown="continue" popup="none" popup-page-rule="" />
      </Frame>
      <Frame id="1150900">
        <Paragraph id="1150912" dropdown="continue" popup="none" popup-page-rule="" />
      </Frame>
      <Frame id="1150902">
        <Paragraph id="1150913" dropdown="continue" popup="none" popup-page-rule="" />
      </Frame>
      <Frame id="1150904">
        <Paragraph id="1150914" dropdown="continue" popup="none" popup-page-rule="" />
      </Frame>
      <Frame id="1150906">
        <Paragraph id="1150915" dropdown="continue" popup="none" popup-page-rule="" />
      </Frame>
      <Frame id="1150909" />
      <Frame id="1150910" />
      <Frame id="1154306">
        <Paragraph id="1154305" dropdown="continue" popup="none" popup-page-rule="" />
      </Frame>
      <Frame id="1154311" />
      <Frame id="1154313" />
      <Frame id="1154315">
        <Paragraph id="1154317" dropdown="continue" popup="none" popup-page-rule="" />
      </Frame>
    </Frame>
  </Paragraph>
  <Paragraph id="1150919" documentposition="92" splitpriority="none" dropdown="continue" popup="none" popup-page-rule="" />
  <Paragraph id="1232373" documentposition="93" splitpriority="none" dropdown="continue" popup="none" popup-page-rule="" />
  <Paragraph id="1241266" documentposition="94" splitpriority="none" relatedtopic="define-no-output" dropdown="continue" popup="none" popup-page-rule="" />
  <Paragraph id="1241270" documentposition="95" splitpriority="none" relatedtopic="define-no-output" dropdown="continue" popup="none" popup-page-rule="" />
  <Paragraph id="1241274" documentposition="96" splitpriority="none" relatedtopic="define-no-output" dropdown="continue" popup="none" popup-page-rule="" />
  <Paragraph id="1241278" documentposition="97" splitpriority="none" relatedtopic="define-no-output" dropdown="continue" popup="none" popup-page-rule="" />
  <Paragraph id="1157154" documentposition="98" splitpriority="4" dropdown="continue" popup="none" popup-page-rule="" />
  <Paragraph id="1150541" documentposition="99" splitpriority="none" dropdown="continue" popup="none" popup-page-rule="" />
  <Paragraph id="1186444" documentposition="100" splitpriority="none" dropdown="continue" popup="none" popup-page-rule="" />
  <Paragraph id="1186435" documentposition="101" splitpriority="none" dropdown="continue" popup="none" popup-page-rule="" />
  <Paragraph id="1150568" documentposition="102" splitpriority="none" dropdown="continue" popup="none" popup-page-rule="" />
  <Paragraph id="1206852" documentposition="104" splitpriority="none" dropdown="continue" popup="none" popup-page-rule="">
    <Paragraph id="1186079" dropdown="continue" popup="none" popup-page-rule="" />
  </Paragraph>
  <Table id="1141084" documentposition="105" splitpriority="none">
    <TableCell>
      <Paragraph id="1141086" dropdown="continue" popup="none" popup-page-rule="" />
    </TableCell>
    <TableCell>
      <Paragraph id="1141088" dropdown="continue" popup="none" popup-page-rule="" />
    </TableCell>
    <TableCell>
      <Paragraph id="1141090" dropdown="continue" popup="none" popup-page-rule="" />
    </TableCell>
    <TableCell>
      <Paragraph id="1141092" dropdown="continue" popup="none" popup-page-rule="" />
    </TableCell>
    <TableCell>
      <Paragraph id="1141094" dropdown="continue" popup="none" popup-page-rule="" />
    </TableCell>
    <TableCell>
      <Paragraph id="1141096" dropdown="continue" popup="none" popup-page-rule="" />
    </TableCell>
    <TableCell>
      <Paragraph id="1162582" dropdown="continue" popup="none" popup-page-rule="" />
    </TableCell>
    <TableCell>
      <Paragraph id="1163304" dropdown="continue" popup="none" popup-page-rule="" />
    </TableCell>
    <TableCell>
      <Paragraph id="1162578" dropdown="continue" popup="none" popup-page-rule="" />
    </TableCell>
    <TableCell>
      <Paragraph id="1163417" dropdown="continue" popup="none" popup-page-rule="" />
      <Paragraph id="1275970" dropdown="continue" popup="none" popup-page-rule="" />
      <Paragraph id="1276010" dropdown="continue" popup="none" popup-page-rule="" />
    </TableCell>
    <TableCell>
      <Paragraph id="1162574" dropdown="continue" popup="none" popup-page-rule="" />
    </TableCell>
    <TableCell>
      <Paragraph id="1163453" dropdown="continue" popup="none" popup-page-rule="" />
    </TableCell>
    <TableCell>
      <Paragraph id="1162570" dropdown="continue" popup="none" popup-page-rule="" />
    </TableCell>
    <TableCell>
      <Paragraph id="1163521" dropdown="continue" popup="none" popup-page-rule="" />
    </TableCell>
  </Table>
  <Paragraph id="1150629" documentposition="106" splitpriority="none" dropdown="continue" popup="none" popup-page-rule="" />
  <Paragraph id="1154627" documentposition="107" splitpriority="none" dropdown="continue" popup="none" popup-page-rule="" />
  <Paragraph id="1150689" documentposition="108" splitpriority="none" dropdown="continue" popup="none" popup-page-rule="" />
  <Paragraph id="1260599" documentposition="109" splitpriority="none" dropdown="continue" popup="none" popup-page-rule="" />
  <Paragraph id="1260615" documentposition="110" splitpriority="none" dropdown="continue" popup="none" popup-page-rule="" />
  <Paragraph id="1269890" documentposition="111" splitpriority="none" relatedtopic="define-no-output" dropdown="continue" popup="none" popup-page-rule="" />
  <Paragraph id="1269880" documentposition="112" splitpriority="none" relatedtopic="define-no-output" dropdown="continue" popup="none" popup-page-rule="" />
  <Paragraph id="1269911" documentposition="113" splitpriority="none" relatedtopic="define-no-output" dropdown="continue" popup="none" popup-page-rule="" />
  <Paragraph id="1269918" documentposition="114" splitpriority="none" relatedtopic="define-no-output" dropdown="continue" popup="none" popup-page-rule="" />
  <Paragraph id="1168814" documentposition="115" splitpriority="4" dropdown="continue" popup="none" popup-page-rule="" />
  <Paragraph id="1141248" documentposition="116" splitpriority="none" dropdown="continue" popup="none" popup-page-rule="" />
  <Paragraph id="1186409" documentposition="117" splitpriority="none" dropdown="continue" popup="none" popup-page-rule="" />
  <Paragraph id="1141450" documentposition="118" splitpriority="none" dropdown="continue" popup="none" popup-page-rule="" />
  <Paragraph id="1206921" documentposition="120" splitpriority="none" dropdown="continue" popup="none" popup-page-rule="">
    <Paragraph id="1186053" dropdown="continue" popup="none" popup-page-rule="" />
  </Paragraph>
  <Table id="1151404" documentposition="121" splitpriority="none">
    <TableCell>
      <Paragraph id="1151406" dropdown="continue" popup="none" popup-page-rule="" />
    </TableCell>
    <TableCell>
      <Paragraph id="1151408" dropdown="continue" popup="none" popup-page-rule="" />
    </TableCell>
    <TableCell>
      <Paragraph id="1151410" dropdown="continue" popup="none" popup-page-rule="" />
    </TableCell>
    <TableCell>
      <Paragraph id="1151412" dropdown="continue" popup="none" popup-page-rule="" />
    </TableCell>
    <TableCell>
      <Paragraph id="1151414" dropdown="continue" popup="none" popup-page-rule="" />
    </TableCell>
    <TableCell>
      <Paragraph id="1151416" dropdown="continue" popup="none" popup-page-rule="" />
    </TableCell>
    <TableCell>
      <Paragraph id="1164263" dropdown="continue" popup="none" popup-page-rule="" />
    </TableCell>
    <TableCell>
      <Paragraph id="1164265" dropdown="continue" popup="none" popup-page-rule="" />
    </TableCell>
    <TableCell>
      <Paragraph id="1151418" dropdown="continue" popup="none" popup-page-rule="" />
    </TableCell>
    <TableCell>
      <Paragraph id="1151420" dropdown="continue" popup="none" popup-page-rule="" />
      <Paragraph id="1186901" dropdown="continue" popup="none" popup-page-rule="" />
      <Paragraph id="1186815" dropdown="continue" popup="none" popup-page-rule="" />
    </TableCell>
    <TableCell>
      <Paragraph id="1164233" dropdown="continue" popup="none" popup-page-rule="" />
    </TableCell>
    <TableCell>
      <Paragraph id="1276019" dropdown="continue" popup="none" popup-page-rule="" />
      <Paragraph id="1276020" dropdown="continue" popup="none" popup-page-rule="" />
      <Paragraph id="1275980" dropdown="continue" popup="none" popup-page-rule="" />
    </TableCell>
    <TableCell>
      <Paragraph id="1186125" dropdown="continue" popup="none" popup-page-rule="" />
    </TableCell>
    <TableCell>
      <Paragraph id="1186127" dropdown="continue" popup="none" popup-page-rule="" />
    </TableCell>
    <TableCell>
      <Paragraph id="1186121" dropdown="continue" popup="none" popup-page-rule="" />
    </TableCell>
    <TableCell>
      <Paragraph id="1259790" dropdown="continue" popup="none" popup-page-rule="">
        <Frame id="1259792" />
      </Paragraph>
      <Paragraph id="1259794" dropdown="continue" popup="none" popup-page-rule="" />
      <Paragraph id="1259795" dropdown="continue" popup="none" popup-page-rule="" />
      <Paragraph id="1186123" dropdown="continue" popup="none" popup-page-rule="" />
    </TableCell>
  </Table>
  <Paragraph id="1157337" documentposition="122" splitpriority="none" dropdown="continue" popup="none" popup-page-rule="" />
  <Paragraph id="1186317" documentposition="123" splitpriority="none" dropdown="continue" popup="none" popup-page-rule="" />
  <Paragraph id="1151525" documentposition="124" splitpriority="none" dropdown="continue" popup="none" popup-page-rule="" />
  <Paragraph id="1260736" documentposition="125" splitpriority="none" dropdown="continue" popup="none" popup-page-rule="" />
  <Paragraph id="1190449" documentposition="126" splitpriority="none" dropdown="continue" popup="none" popup-page-rule="" />
  <Paragraph id="1241452" documentposition="127" splitpriority="none" relatedtopic="define-no-output" dropdown="continue" popup="none" popup-page-rule="" />
  <Paragraph id="1241456" documentposition="128" splitpriority="none" relatedtopic="define-no-output" dropdown="continue" popup="none" popup-page-rule="" />
  <Paragraph id="1241460" documentposition="129" splitpriority="none" relatedtopic="define-no-output" dropdown="continue" popup="none" popup-page-rule="" />
  <Paragraph id="1141491" documentposition="130" splitpriority="4" dropdown="continue" popup="none" popup-page-rule="" />
  <Paragraph id="1141501" documentposition="131" splitpriority="none" dropdown="continue" popup="none" popup-page-rule="" />
  <Paragraph id="1151670" documentposition="132" splitpriority="none" dropdown="continue" popup="none" popup-page-rule="" />
  <Paragraph id="1141502" documentposition="133" splitpriority="none" dropdown="continue" popup="none" popup-page-rule="" />
  <Paragraph id="1151699" documentposition="134" splitpriority="none" dropdown="continue" popup="none" popup-page-rule="">
    <Paragraph id="1190253" dropdown="continue" popup="none" popup-page-rule="" />
  </Paragraph>
  <Table id="1151682" documentposition="135" splitpriority="none">
    <TableCell>
      <Paragraph id="1151684" dropdown="continue" popup="none" popup-page-rule="" />
    </TableCell>
    <TableCell>
      <Paragraph id="1151686" dropdown="continue" popup="none" popup-page-rule="" />
    </TableCell>
    <TableCell>
      <Paragraph id="1151688" dropdown="continue" popup="none" popup-page-rule="" />
    </TableCell>
    <TableCell>
      <Paragraph id="1151690" dropdown="continue" popup="none" popup-page-rule="" />
    </TableCell>
    <TableCell>
      <Paragraph id="1151692" dropdown="continue" popup="none" popup-page-rule="" />
    </TableCell>
    <TableCell>
      <Paragraph id="1151694" dropdown="continue" popup="none" popup-page-rule="" />
    </TableCell>
    <TableCell>
      <Paragraph id="1151696" dropdown="continue" popup="none" popup-page-rule="" />
    </TableCell>
    <TableCell>
      <Paragraph id="1164636" dropdown="continue" popup="none" popup-page-rule="" />
      <Paragraph id="1186902" dropdown="continue" popup="none" popup-page-rule="" />
      <Paragraph id="1186777" dropdown="continue" popup="none" popup-page-rule="" />
    </TableCell>
    <TableCell>
      <Paragraph id="1164752" dropdown="continue" popup="none" popup-page-rule="" />
    </TableCell>
    <TableCell>
      <Paragraph id="1276028" dropdown="continue" popup="none" popup-page-rule="" />
      <Paragraph id="1276029" dropdown="continue" popup="none" popup-page-rule="" />
      <Paragraph id="1164754" dropdown="continue" popup="none" popup-page-rule="" />
    </TableCell>
    <TableCell>
      <Paragraph id="1186457" dropdown="continue" popup="none" popup-page-rule="" />
    </TableCell>
    <TableCell>
      <Paragraph id="1186459" dropdown="continue" popup="none" popup-page-rule="" />
    </TableCell>
    <TableCell>
      <Paragraph id="1186450" dropdown="continue" popup="none" popup-page-rule="" />
    </TableCell>
    <TableCell>
      <Paragraph id="1259772" dropdown="continue" popup="none" popup-page-rule="">
        <Frame id="1259774" />
      </Paragraph>
      <Paragraph id="1259776" dropdown="continue" popup="none" popup-page-rule="" />
      <Paragraph id="1259777" dropdown="continue" popup="none" popup-page-rule="" />
    </TableCell>
  </Table>
  <Paragraph id="1157862" documentposition="136" splitpriority="none" dropdown="continue" popup="none" popup-page-rule="" />
  <Paragraph id="1154871" documentposition="137" splitpriority="none" dropdown="continue" popup="none" popup-page-rule="" />
  <Paragraph id="1151771" documentposition="138" splitpriority="none" dropdown="continue" popup="none" popup-page-rule="" />
  <Paragraph id="1269857" documentposition="139" splitpriority="none" dropdown="continue" popup="none" popup-page-rule="" />
  <Paragraph id="1269863" documentposition="140" splitpriority="none" dropdown="continue" popup="none" popup-page-rule="" />
  <Paragraph id="1269933" documentposition="141" splitpriority="none" relatedtopic="define-no-output" dropdown="continue" popup="none" popup-page-rule="" />
  <Paragraph id="1269950" documentposition="142" splitpriority="none" relatedtopic="define-no-output" dropdown="continue" popup="none" popup-page-rule="" />
  <Paragraph id="1269955" documentposition="143" splitpriority="none" relatedtopic="define-no-output" dropdown="continue" popup="none" popup-page-rule="" />
  <Paragraph id="1269945" documentposition="144" splitpriority="none" relatedtopic="define-no-output" dropdown="continue" popup="none" popup-page-rule="" />
  <Paragraph id="1151841" documentposition="145" splitpriority="4" dropdown="continue" popup="none" popup-page-rule="" />
  <Paragraph id="1151842" documentposition="146" splitpriority="none" dropdown="continue" popup="none" popup-page-rule="" />
  <Paragraph id="1141565" documentposition="147" splitpriority="none" dropdown="continue" popup="none" popup-page-rule="" />
  <Paragraph id="1141566" documentposition="148" splitpriority="none" dropdown="continue" popup="none" popup-page-rule="" />
  <Paragraph id="1151881" documentposition="149" splitpriority="none" dropdown="continue" popup="none" popup-page-rule="">
    <Paragraph id="1187082" dropdown="continue" popup="none" popup-page-rule="" />
  </Paragraph>
  <Table id="1151864" documentposition="150" splitpriority="none">
    <TableCell>
      <Paragraph id="1151866" dropdown="continue" popup="none" popup-page-rule="" />
    </TableCell>
    <TableCell>
      <Paragraph id="1151868" dropdown="continue" popup="none" popup-page-rule="" />
    </TableCell>
    <TableCell>
      <Paragraph id="1151870" dropdown="continue" popup="none" popup-page-rule="" />
    </TableCell>
    <TableCell>
      <Paragraph id="1151872" dropdown="continue" popup="none" popup-page-rule="" />
    </TableCell>
    <TableCell>
      <Paragraph id="1151874" dropdown="continue" popup="none" popup-page-rule="" />
    </TableCell>
    <TableCell>
      <Paragraph id="1151876" dropdown="continue" popup="none" popup-page-rule="" />
    </TableCell>
    <TableCell>
      <Paragraph id="1151878" dropdown="continue" popup="none" popup-page-rule="" />
    </TableCell>
    <TableCell>
      <Paragraph id="1164904" dropdown="continue" popup="none" popup-page-rule="" />
      <Paragraph id="1186903" dropdown="continue" popup="none" popup-page-rule="" />
      <Paragraph id="1186904" dropdown="continue" popup="none" popup-page-rule="" />
      <Paragraph id="1186949" dropdown="continue" popup="none" popup-page-rule="" />
    </TableCell>
    <TableCell>
      <Paragraph id="1165038" dropdown="continue" popup="none" popup-page-rule="" />
    </TableCell>
    <TableCell>
      <Paragraph id="1276037" dropdown="continue" popup="none" popup-page-rule="" />
      <Paragraph id="1276038" dropdown="continue" popup="none" popup-page-rule="" />
      <Paragraph id="1165040" dropdown="continue" popup="none" popup-page-rule="" />
    </TableCell>
    <TableCell>
      <Paragraph id="1186683" dropdown="continue" popup="none" popup-page-rule="" />
    </TableCell>
    <TableCell>
      <Paragraph id="1186685" dropdown="continue" popup="none" popup-page-rule="" />
    </TableCell>
    <TableCell>
      <Paragraph id="1186676" dropdown="continue" popup="none" popup-page-rule="" />
    </TableCell>
    <TableCell>
      <Paragraph id="1186678" dropdown="continue" popup="none" popup-page-rule="">
        <Frame id="1259713" />
      </Paragraph>
      <Paragraph id="1259739" dropdown="continue" popup="none" popup-page-rule="" />
      <Paragraph id="1259752" dropdown="continue" popup="none" popup-page-rule="" />
    </TableCell>
  </Table>
  <Paragraph id="1259693" documentposition="151" splitpriority="none" dropdown="continue" popup="none" popup-page-rule="" />
  <Paragraph id="1154912" documentposition="152" splitpriority="none" dropdown="continue" popup="none" popup-page-rule="" />
  <Paragraph id="1141567" documentposition="153" splitpriority="none" dropdown="continue" popup="none" popup-page-rule="" />
  <Paragraph id="1260806" documentposition="154" splitpriority="none" dropdown="continue" popup="none" popup-page-rule="" />
  <Paragraph id="1241600" documentposition="155" splitpriority="none" dropdown="continue" popup="none" popup-page-rule="" />
  <Paragraph id="1277290" documentposition="156" splitpriority="none" relatedtopic="define-no-output" dropdown="continue" popup="none" popup-page-rule="" />
  <Paragraph id="1241604" documentposition="157" splitpriority="none" relatedtopic="define-no-output" dropdown="continue" popup="none" popup-page-rule="" />
  <Paragraph id="1241608" documentposition="158" splitpriority="none" relatedtopic="define-no-output" dropdown="continue" popup="none" popup-page-rule="" />
  <Paragraph id="1241612" documentposition="159" splitpriority="none" relatedtopic="define-no-output" dropdown="continue" popup="none" popup-page-rule="" />
  <Paragraph id="1269968" documentposition="160" splitpriority="none" relatedtopic="define-no-output" dropdown="continue" popup="none" popup-page-rule="" />
  <Paragraph id="1141559" documentposition="161" splitpriority="4" dropdown="continue" popup="none" popup-page-rule="" />
  <Paragraph id="1141717" documentposition="162" splitpriority="none" dropdown="continue" popup="none" popup-page-rule="" />
  <Paragraph id="1190394" documentposition="163" splitpriority="none" dropdown="continue" popup="none" popup-page-rule="" />
  <Paragraph id="1141718" documentposition="164" splitpriority="none" dropdown="continue" popup="none" popup-page-rule="" />
  <Paragraph id="1206994" documentposition="166" splitpriority="none" dropdown="continue" popup="none" popup-page-rule="">
    <Paragraph id="1187096" dropdown="continue" popup="none" popup-page-rule="" />
  </Paragraph>
  <Table id="1152013" documentposition="167" splitpriority="none">
    <TableCell>
      <Paragraph id="1152015" dropdown="continue" popup="none" popup-page-rule="" />
    </TableCell>
    <TableCell>
      <Paragraph id="1152017" dropdown="continue" popup="none" popup-page-rule="" />
    </TableCell>
    <TableCell>
      <Paragraph id="1152019" dropdown="continue" popup="none" popup-page-rule="" />
    </TableCell>
    <TableCell>
      <Paragraph id="1152021" dropdown="continue" popup="none" popup-page-rule="" />
    </TableCell>
    <TableCell>
      <Paragraph id="1165085" dropdown="continue" popup="none" popup-page-rule="" />
    </TableCell>
    <TableCell>
      <Paragraph id="1165087" dropdown="continue" popup="none" popup-page-rule="" />
    </TableCell>
    <TableCell>
      <Paragraph id="1152027" dropdown="continue" popup="none" popup-page-rule="" />
    </TableCell>
    <TableCell>
      <Paragraph id="1165103" dropdown="continue" popup="none" popup-page-rule="" />
      <Paragraph id="1187106" dropdown="continue" popup="none" popup-page-rule="" />
      <Paragraph id="1187107" dropdown="continue" popup="none" popup-page-rule="" />
    </TableCell>
    <TableCell>
      <Paragraph id="1219659" dropdown="continue" popup="none" popup-page-rule="" />
    </TableCell>
    <TableCell>
      <Paragraph id="1219661" dropdown="continue" popup="none" popup-page-rule="" />
    </TableCell>
    <TableCell>
      <Paragraph id="1219655" dropdown="continue" popup="none" popup-page-rule="" />
    </TableCell>
    <TableCell>
      <Paragraph id="1219657" dropdown="continue" popup="none" popup-page-rule="" />
    </TableCell>
    <TableCell>
      <Paragraph id="1219651" dropdown="continue" popup="none" popup-page-rule="" />
    </TableCell>
    <TableCell>
      <Paragraph id="1259810" dropdown="continue" popup="none" popup-page-rule="">
        <Frame id="1259812" />
      </Paragraph>
      <Paragraph id="1259814" dropdown="continue" popup="none" popup-page-rule="" />
      <Paragraph id="1259815" dropdown="continue" popup="none" popup-page-rule="" />
    </TableCell>
  </Table>
  <Paragraph id="1152030" documentposition="168" splitpriority="none" dropdown="continue" popup="none" popup-page-rule="" />
  <Paragraph id="1154939" documentposition="169" splitpriority="none" dropdown="continue" popup="none" popup-page-rule="" />
  <Paragraph id="1152032" documentposition="170" splitpriority="none" dropdown="continue" popup="none" popup-page-rule="" />
  <Paragraph id="1261394" documentposition="171" splitpriority="none" dropdown="continue" popup="none" popup-page-rule="" />
  <Paragraph id="1154959" documentposition="172" splitpriority="none" dropdown="continue" popup="none" popup-page-rule="" />
  <Paragraph id="1269980" documentposition="173" splitpriority="none" relatedtopic="define-no-output" dropdown="continue" popup="none" popup-page-rule="" />
  <Paragraph id="1269984" documentposition="174" splitpriority="none" relatedtopic="define-no-output" dropdown="continue" popup="none" popup-page-rule="" />
  <Paragraph id="1269988" documentposition="175" splitpriority="none" relatedtopic="define-no-output" dropdown="continue" popup="none" popup-page-rule="" />
  <Paragraph id="1269992" documentposition="176" splitpriority="none" relatedtopic="define-no-output" dropdown="continue" popup="none" popup-page-rule="" />
  <Paragraph id="1270011" documentposition="177" splitpriority="4" dropdown="continue" popup="none" popup-page-rule="" />
  <Paragraph id="1277301" documentposition="178" splitpriority="none" dropdown="continue" popup="none" popup-page-rule="" />
  <Paragraph id="1277304" documentposition="179" splitpriority="none" dropdown="continue" popup="none" popup-page-rule="" />
  <Paragraph id="1277334" documentposition="180" splitpriority="none" dropdown="continue" popup="none" popup-page-rule="" />
  <Paragraph id="1277370" documentposition="181" splitpriority="none" dropdown="continue" popup="none" popup-page-rule="" />
  <Paragraph id="1277398" documentposition="182" splitpriority="none" dropdown="continue" popup="none" popup-page-rule="" />
  <Paragraph id="1277421" documentposition="183" splitpriority="none" dropdown="continue" popup="none" popup-page-rule="" />
  <Paragraph id="1270108" documentposition="184" splitpriority="5" dropdown="continue" popup="none" popup-page-rule="" />
  <Paragraph id="1270109" documentposition="185" splitpriority="none" dropdown="continue" popup="none" popup-page-rule="" />
  <Paragraph id="1270110" documentposition="186" splitpriority="none" dropdown="continue" popup="none" popup-page-rule="" />
  <Paragraph id="1270114" documentposition="187" splitpriority="none" dropdown="continue" popup="none" popup-page-rule="">
    <Frame id="1270112" />
  </Paragraph>
  <Paragraph id="1270196" documentposition="188" splitpriority="none" dropdown="continue" popup="none" popup-page-rule="">
    <Frame id="1276409" />
  </Paragraph>
  <Paragraph id="1276387" documentposition="189" splitpriority="none" dropdown="continue" popup="none" popup-page-rule="" />
  <Paragraph id="1270117" documentposition="190" splitpriority="none" dropdown="continue" popup="none" popup-page-rule="" />
  <Paragraph id="1270121" documentposition="191" splitpriority="none" dropdown="continue" popup="none" popup-page-rule="" />
  <Paragraph id="1270129" documentposition="192" splitpriority="none" dropdown="continue" popup="none" popup-page-rule="" />
  <Paragraph id="1270210" documentposition="193" splitpriority="none" relatedtopic="define-no-output" dropdown="continue" popup="none" popup-page-rule="" />
  <Paragraph id="1270214" documentposition="194" splitpriority="none" relatedtopic="define-no-output" dropdown="continue" popup="none" popup-page-rule="" />
  <Paragraph id="1270224" documentposition="195" splitpriority="none" relatedtopic="define-no-output" dropdown="continue" popup="none" popup-page-rule="" />
  <Paragraph id="1270218" documentposition="196" splitpriority="none" relatedtopic="define-no-output" dropdown="continue" popup="none" popup-page-rule="" />
  <Paragraph id="1260987" documentposition="197" splitpriority="5" dropdown="continue" popup="none" popup-page-rule="" />
  <Paragraph id="1260989" documentposition="198" splitpriority="none" dropdown="continue" popup="none" popup-page-rule="">
    <Frame id="1260991" />
  </Paragraph>
  <Paragraph id="1260993" documentposition="199" splitpriority="none" dropdown="continue" popup="none" popup-page-rule="" />
  <Paragraph id="1261620" documentposition="200" splitpriority="none" relatedtopic="define-no-output" dropdown="continue" popup="none" popup-page-rule="" />
  <Paragraph id="1261416" documentposition="201" splitpriority="none" relatedtopic="define-no-output" dropdown="continue" popup="none" popup-page-rule="" />
  <Paragraph id="1261616" documentposition="202" splitpriority="none" relatedtopic="define-no-output" dropdown="continue" popup="none" popup-page-rule="" />
  <Paragraph id="1260999" documentposition="203" splitpriority="5" dropdown="continue" popup="none" popup-page-rule="" />
  <Paragraph id="1261001" documentposition="204" splitpriority="none" dropdown="continue" popup="none" popup-page-rule="" />
  <Paragraph id="1276269" documentposition="205" splitpriority="none" dropdown="continue" popup="none" popup-page-rule="">
    <Frame id="1261003" />
  </Paragraph>
  <Paragraph id="1261657" documentposition="206" splitpriority="none" relatedtopic="define-no-output" dropdown="continue" popup="none" popup-page-rule="" />
  <Paragraph id="1261661" documentposition="207" splitpriority="none" relatedtopic="define-no-output" dropdown="continue" popup="none" popup-page-rule="" />
  <Paragraph id="1261665" documentposition="208" splitpriority="none" relatedtopic="define-no-output" dropdown="continue" popup="none" popup-page-rule="" />
  <Paragraph id="1261006" documentposition="209" splitpriority="5" dropdown="continue" popup="none" popup-page-rule="" />
  <Paragraph id="1261007" documentposition="210" splitpriority="none" dropdown="continue" popup="none" popup-page-rule="" />
  <Paragraph id="1261011" documentposition="211" splitpriority="none" dropdown="continue" popup="none" popup-page-rule="" />
  <Paragraph id="1261012" documentposition="212" splitpriority="none" dropdown="continue" popup="none" popup-page-rule="">
    <Frame id="1261014" />
  </Paragraph>
  <Paragraph id="1261016" documentposition="213" splitpriority="none" dropdown="continue" popup="none" popup-page-rule="" />
  <Paragraph id="1261018" documentposition="214" splitpriority="none" dropdown="continue" popup="none" popup-page-rule="" />
  <Paragraph id="1261025" documentposition="215" splitpriority="none" dropdown="continue" popup="none" popup-page-rule="" />
  <Paragraph id="1261692" documentposition="216" splitpriority="none" relatedtopic="define-no-output" dropdown="continue" popup="none" popup-page-rule="" />
  <Paragraph id="1270024" documentposition="217" splitpriority="none" relatedtopic="define-no-output" dropdown="continue" popup="none" popup-page-rule="" />
  <Paragraph id="1270028" documentposition="218" splitpriority="none" relatedtopic="define-no-output" dropdown="continue" popup="none" popup-page-rule="" />
  <Paragraph id="1261033" documentposition="219" splitpriority="none" relatedtopic="define-no-output" dropdown="continue" popup="none" popup-page-rule="" />
  <Paragraph id="1261037" documentposition="220" splitpriority="none" relatedtopic="define-no-output" dropdown="continue" popup="none" popup-page-rule="" />
  <Paragraph id="1270047" documentposition="221" splitpriority="none" relatedtopic="define-no-output" dropdown="continue" popup="none" popup-page-rule="" />
  <Paragraph id="1261736" documentposition="222" splitpriority="none" relatedtopic="define-no-output" dropdown="continue" popup="none" popup-page-rule="" />
  <Paragraph id="1261740" documentposition="223" splitpriority="none" relatedtopic="define-no-output" dropdown="continue" popup="none" popup-page-rule="" />
  <Paragraph id="1208140" documentposition="224" splitpriority="5" dropdown="continue" popup="none" popup-page-rule="" />
  <Paragraph id="1215651" documentposition="225" splitpriority="none" dropdown="continue" popup="none" popup-page-rule="">
    <Frame id="1215649">
      <Frame id="1256529" />
    </Frame>
  </Paragraph>
  <Paragraph id="1208150" documentposition="226" splitpriority="none" dropdown="continue" popup="none" popup-page-rule="" />
  <Paragraph id="1208151" documentposition="227" splitpriority="none" dropdown="continue" popup="none" popup-page-rule="">
    <Frame id="1208153" />
  </Paragraph>
  <Paragraph id="1208155" documentposition="228" splitpriority="none" dropdown="continue" popup="none" popup-page-rule="" />
  <Paragraph id="1208160" documentposition="229" splitpriority="none" dropdown="continue" popup="none" popup-page-rule="">
    <Frame id="1208158" />
  </Paragraph>
  <Table id="1208164" documentposition="230" splitpriority="none">
    <TableCell>
      <Paragraph id="1208166" dropdown="continue" popup="none" popup-page-rule="" />
    </TableCell>
    <TableCell>
      <Paragraph id="1208168" dropdown="continue" popup="none" popup-page-rule="" />
    </TableCell>
    <TableCell>
      <Paragraph id="1208170" dropdown="continue" popup="none" popup-page-rule="" />
    </TableCell>
    <TableCell>
      <Paragraph id="1208174" dropdown="continue" popup="none" popup-page-rule="" />
    </TableCell>
    <TableCell>
      <Paragraph id="1208176" dropdown="continue" popup="none" popup-page-rule="" />
    </TableCell>
    <TableCell>
      <Paragraph id="1208178" dropdown="continue" popup="none" popup-page-rule="" />
    </TableCell>
    <TableCell>
      <Paragraph id="1208180" dropdown="continue" popup="none" popup-page-rule="" />
    </TableCell>
    <TableCell>
      <Paragraph id="1208182" dropdown="continue" popup="none" popup-page-rule="" />
    </TableCell>
    <TableCell>
      <Paragraph id="1208186" dropdown="continue" popup="none" popup-page-rule="" />
    </TableCell>
    <TableCell>
      <Paragraph id="1208188" dropdown="continue" popup="none" popup-page-rule="" />
      <Paragraph id="1208189" dropdown="continue" popup="none" popup-page-rule="" />
      <Paragraph id="1208190" dropdown="continue" popup="none" popup-page-rule="" />
    </TableCell>
    <TableCell>
      <Paragraph id="1208192" dropdown="continue" popup="none" popup-page-rule="" />
    </TableCell>
    <TableCell>
      <Paragraph id="1208194" dropdown="continue" popup="none" popup-page-rule="" />
    </TableCell>
    <TableCell>
      <Paragraph id="1208196" dropdown="continue" popup="none" popup-page-rule="" />
    </TableCell>
    <TableCell>
      <Paragraph id="1208200" dropdown="continue" popup="none" popup-page-rule="" />
    </TableCell>
    <TableCell>
      <Paragraph id="1208202" dropdown="continue" popup="none" popup-page-rule="" />
    </TableCell>
    <TableCell>
      <Paragraph id="1208205" dropdown="continue" popup="none" popup-page-rule="" />
    </TableCell>
    <TableCell>
      <Paragraph id="1208207" dropdown="continue" popup="none" popup-page-rule="" />
    </TableCell>
  </Table>
  <Paragraph id="1208213" documentposition="231" splitpriority="none" dropdown="continue" popup="none" popup-page-rule="" />
  <Paragraph id="1208214" documentposition="232" splitpriority="none" dropdown="continue" popup="none" popup-page-rule="" />
  <Paragraph id="1208215" documentposition="233" splitpriority="none" dropdown="continue" popup="none" popup-page-rule="" />
  <Paragraph id="1241745" documentposition="234" splitpriority="none" relatedtopic="define-no-output" dropdown="continue" popup="none" popup-page-rule="" />
  <Paragraph id="1241749" documentposition="235" splitpriority="none" relatedtopic="define-no-output" dropdown="continue" popup="none" popup-page-rule="" />
  <Paragraph id="1241753" documentposition="236" splitpriority="none" relatedtopic="define-no-output" dropdown="continue" popup="none" popup-page-rule="" />
  <Paragraph id="1241757" documentposition="237" splitpriority="none" relatedtopic="define-no-output" dropdown="continue" popup="none" popup-page-rule="" />
  <Paragraph id="1241761" documentposition="238" splitpriority="none" relatedtopic="define-no-output" dropdown="continue" popup="none" popup-page-rule="" />
  <Paragraph id="1141807" documentposition="239" splitpriority="3" dropdown="continue" popup="none" popup-page-rule="" />
  <Paragraph id="1204204" documentposition="240" splitpriority="none" dropdown="continue" popup="none" popup-page-rule="" />
  <Table id="1204209" documentposition="242" splitpriority="none">
    <TableCell>
      <Paragraph id="1204211" dropdown="continue" popup="none" popup-page-rule="" />
    </TableCell>
    <TableCell>
      <Paragraph id="1204213" dropdown="continue" popup="none" popup-page-rule="" />
    </TableCell>
    <TableCell>
      <Paragraph id="1204215" dropdown="continue" popup="none" popup-page-rule="" />
    </TableCell>
    <TableCell>
      <Paragraph id="1204217" dropdown="continue" popup="none" popup-page-rule="" />
    </TableCell>
    <TableCell>
      <Paragraph id="1204219" dropdown="continue" popup="none" popup-page-rule="" />
    </TableCell>
    <TableCell>
      <Paragraph id="1204221" dropdown="continue" popup="none" popup-page-rule="" />
    </TableCell>
    <TableCell>
      <Paragraph id="1204223" dropdown="continue" popup="none" popup-page-rule="" />
    </TableCell>
    <TableCell>
      <Paragraph id="1204225" dropdown="continue" popup="none" popup-page-rule="" />
    </TableCell>
    <TableCell>
      <Paragraph id="1204227" dropdown="continue" popup="none" popup-page-rule="" />
    </TableCell>
    <TableCell>
      <Paragraph id="1204229" dropdown="continue" popup="none" popup-page-rule="" />
    </TableCell>
  </Table>
  <Paragraph id="1204235" documentposition="243" splitpriority="none" dropdown="continue" popup="none" popup-page-rule="" />
  <Paragraph id="1167479" documentposition="244" splitpriority="none" dropdown="continue" popup="none" popup-page-rule="" />
  <Paragraph id="1152285" documentposition="245" splitpriority="3" dropdown="continue" popup="none" popup-page-rule="" />
  <Paragraph id="1152286" documentposition="246" splitpriority="none" dropdown="continue" popup="none" popup-page-rule="" />
  <Paragraph id="1155040" documentposition="247" splitpriority="none" dropdown="continue" popup="none" popup-page-rule="" />
  <Paragraph id="1143394" documentposition="248" splitpriority="none" dropdown="continue" popup="none" popup-page-rule="" />
  <Paragraph id="1143410" documentposition="249" splitpriority="none" dropdown="continue" popup="none" popup-page-rule="" />
  <Paragraph id="1143405" documentposition="250" splitpriority="none" dropdown="continue" popup="none" popup-page-rule="" />
  <Paragraph id="1143457" documentposition="251" splitpriority="none" dropdown="continue" popup="none" popup-page-rule="">
    <Paragraph id="1143646" dropdown="continue" popup="none" popup-page-rule="" />
  </Paragraph>
  <Table id="1143471" documentposition="252" splitpriority="none">
    <TableCell>
      <Paragraph id="1143473" dropdown="continue" popup="none" popup-page-rule="" />
    </TableCell>
    <TableCell>
      <Paragraph id="1143475" dropdown="continue" popup="none" popup-page-rule="" />
    </TableCell>
    <TableCell>
      <Paragraph id="1143550" dropdown="continue" popup="none" popup-page-rule="" />
    </TableCell>
    <TableCell>
      <Paragraph id="1143552" dropdown="continue" popup="none" popup-page-rule="" />
    </TableCell>
    <TableCell>
      <Paragraph id="1143554" dropdown="continue" popup="none" popup-page-rule="" />
    </TableCell>
    <TableCell>
      <Paragraph id="1143556" dropdown="continue" popup="none" popup-page-rule="" />
    </TableCell>
    <TableCell>
      <Paragraph id="1143558" dropdown="continue" popup="none" popup-page-rule="" />
    </TableCell>
    <TableCell>
      <Paragraph id="1143560" dropdown="continue" popup="none" popup-page-rule="" />
    </TableCell>
    <TableCell>
      <Paragraph id="1143566" dropdown="continue" popup="none" popup-page-rule="" />
    </TableCell>
    <TableCell>
      <Paragraph id="1143568" dropdown="continue" popup="none" popup-page-rule="" />
    </TableCell>
    <TableCell>
      <Paragraph id="1143570" dropdown="continue" popup="none" popup-page-rule="" />
    </TableCell>
    <TableCell>
      <Paragraph id="1143572" dropdown="continue" popup="none" popup-page-rule="" />
    </TableCell>
    <TableCell>
      <Paragraph id="1143481" dropdown="continue" popup="none" popup-page-rule="" />
    </TableCell>
    <TableCell>
      <Paragraph id="1143483" dropdown="continue" popup="none" popup-page-rule="" />
    </TableCell>
    <TableCell>
      <Paragraph id="1143485" dropdown="continue" popup="none" popup-page-rule="" />
    </TableCell>
    <TableCell>
      <Paragraph id="1143487" dropdown="continue" popup="none" popup-page-rule="" />
    </TableCell>
    <TableCell>
      <Paragraph id="1143489" dropdown="continue" popup="none" popup-page-rule="" />
    </TableCell>
    <TableCell>
      <Paragraph id="1143491" dropdown="continue" popup="none" popup-page-rule="" />
    </TableCell>
    <TableCell>
      <Paragraph id="1143493" dropdown="continue" popup="none" popup-page-rule="" />
    </TableCell>
    <TableCell>
      <Paragraph id="1143495" dropdown="continue" popup="none" popup-page-rule="" />
    </TableCell>
    <TableCell>
      <Paragraph id="1143497" dropdown="continue" popup="none" popup-page-rule="" />
    </TableCell>
    <TableCell>
      <Paragraph id="1143499" dropdown="continue" popup="none" popup-page-rule="" />
    </TableCell>
    <TableCell>
      <Paragraph id="1143736" dropdown="continue" popup="none" popup-page-rule="" />
    </TableCell>
    <TableCell>
      <Paragraph id="1143738" dropdown="continue" popup="none" popup-page-rule="" />
    </TableCell>
    <TableCell>
      <Paragraph id="1143732" dropdown="continue" popup="none" popup-page-rule="" />
    </TableCell>
    <TableCell>
      <Paragraph id="1143734" dropdown="continue" popup="none" popup-page-rule="" />
    </TableCell>
  </Table>
  <Paragraph id="1143461" documentposition="253" splitpriority="none" dropdown="continue" popup="none" popup-page-rule="" />
  <Paragraph id="1147537" documentposition="254" splitpriority="none" dropdown="continue" popup="none" popup-page-rule="" />
  <Paragraph id="1191323" documentposition="255" splitpriority="3" dropdown="continue" popup="none" popup-page-rule="" />
  <Paragraph id="1191326" documentposition="256" splitpriority="none" dropdown="continue" popup="none" popup-page-rule="" />
  <Paragraph id="1242571" documentposition="257" splitpriority="none" dropdown="continue" popup="none" popup-page-rule="" />
  <Paragraph id="1242572" documentposition="258" splitpriority="none" dropdown="continue" popup="none" popup-page-rule="" />
  <Paragraph id="1242573" documentposition="259" splitpriority="none" dropdown="continue" popup="none" popup-page-rule="" />
  <Paragraph id="1194458" documentposition="260" splitpriority="none" dropdown="continue" popup="none" popup-page-rule="" />
  <Paragraph id="1194463" documentposition="261" splitpriority="none" dropdown="continue" popup="none" popup-page-rule="" />
  <Paragraph id="1194596" documentposition="262" splitpriority="none" dropdown="continue" popup="none" popup-page-rule="" />
  <Paragraph id="1194472" documentposition="263" splitpriority="none" dropdown="continue" popup="none" popup-page-rule="" />
  <Paragraph id="1194603" documentposition="264" splitpriority="none" dropdown="continue" popup="none" popup-page-rule="" />
  <Paragraph id="1194498" documentposition="265" splitpriority="none" dropdown="continue" popup="none" popup-page-rule="" />
  <Paragraph id="1194604" documentposition="266" splitpriority="none" dropdown="continue" popup="none" popup-page-rule="" />
  <Paragraph id="1216915" documentposition="267" splitpriority="none" dropdown="continue" popup="none" popup-page-rule="" />
  <Paragraph id="1216920" documentposition="268" splitpriority="none" dropdown="continue" popup="none" popup-page-rule="" />
  <Paragraph id="1194442" documentposition="269" splitpriority="none" dropdown="continue" popup="none" popup-page-rule="" />
  <Paragraph id="1167599" documentposition="270" splitpriority="2" dropdown="continue" popup="none" popup-page-rule="" />
  <Paragraph id="1167606" documentposition="271" splitpriority="none" dropdown="continue" popup="none" popup-page-rule="" />
  <Paragraph id="1211766" documentposition="272" splitpriority="none" dropdown="continue" popup="none" popup-page-rule="" />
  <Paragraph id="1241843" documentposition="273" splitpriority="none" relatedtopic="define-no-output" dropdown="continue" popup="none" popup-page-rule="" />
  <Paragraph id="1241847" documentposition="274" splitpriority="none" relatedtopic="define-no-output" dropdown="continue" popup="none" popup-page-rule="" />
  <Paragraph id="1158637" documentposition="275" splitpriority="3" dropdown="continue" popup="none" popup-page-rule="" />
  <Paragraph id="1158698" documentposition="276" splitpriority="none" dropdown="continue" popup="none" popup-page-rule="" />
  <Paragraph id="1158706" documentposition="277" splitpriority="none" dropdown="continue" popup="none" popup-page-rule="" />
  <Paragraph id="1158717" documentposition="278" splitpriority="none" dropdown="continue" popup="none" popup-page-rule="" />
  <Paragraph id="1181831" documentposition="279" splitpriority="none" dropdown="continue" popup="none" popup-page-rule="">
    <Frame id="1181833" />
  </Paragraph>
  <Paragraph id="1261755" documentposition="280" splitpriority="none" dropdown="continue" popup="none" popup-page-rule="" />
  <Paragraph id="1181835" documentposition="281" splitpriority="none" dropdown="continue" popup="none" popup-page-rule="" />
  <Paragraph id="1241855" documentposition="282" splitpriority="none" dropdown="continue" popup="none" popup-page-rule="" />
  <Paragraph id="1237445" documentposition="283" splitpriority="3" dropdown="continue" popup="none" popup-page-rule="" />
  <Paragraph id="1237463" documentposition="284" splitpriority="none" dropdown="continue" popup="none" popup-page-rule="" />
  <Paragraph id="1237493" documentposition="285" splitpriority="none" dropdown="continue" popup="none" popup-page-rule="" />
  <Paragraph id="1237497" documentposition="286" splitpriority="none" dropdown="continue" popup="none" popup-page-rule="" />
  <Paragraph id="1168494" documentposition="287" splitpriority="2" dropdown="continue" popup="none" popup-page-rule="" />
  <Paragraph id="1160896" documentposition="288" splitpriority="none" dropdown="continue" popup="none" popup-page-rule="" />
  <Paragraph id="1241871" documentposition="289" splitpriority="none" relatedtopic="define-no-output" dropdown="continue" popup="none" popup-page-rule="" />
  <Paragraph id="1241875" documentposition="290" splitpriority="none" relatedtopic="define-no-output" dropdown="continue" popup="none" popup-page-rule="" />
  <Paragraph id="1188821" documentposition="291" splitpriority="3" dropdown="continue" popup="none" popup-page-rule="" />
  <Paragraph id="1188844" documentposition="292" splitpriority="none" dropdown="continue" popup="none" popup-page-rule="" />
  <Paragraph id="1188845" documentposition="293" splitpriority="none" dropdown="continue" popup="none" popup-page-rule="" />
  <Paragraph id="1188855" documentposition="294" splitpriority="none" dropdown="continue" popup="none" popup-page-rule="">
    <Frame id="1188853" />
  </Paragraph>
  <Paragraph id="1188842" documentposition="295" splitpriority="none" dropdown="continue" popup="none" popup-page-rule="" />
  <Paragraph id="1204395" documentposition="297" splitpriority="none" dropdown="continue" popup="none" popup-page-rule="" />
  <Paragraph id="1188247" documentposition="298" splitpriority="none" dropdown="continue" popup="none" popup-page-rule="" />
  <Paragraph id="1188251" documentposition="299" splitpriority="none" dropdown="continue" popup="none" popup-page-rule="" />
  <Paragraph id="1188252" documentposition="300" splitpriority="none" dropdown="continue" popup="none" popup-page-rule="" />
  <Paragraph id="1188254" documentposition="301" splitpriority="none" dropdown="continue" popup="none" popup-page-rule="" />
  <Paragraph id="1188269" documentposition="302" splitpriority="none" dropdown="continue" popup="none" popup-page-rule="" />
  <Paragraph id="1276715" documentposition="303" splitpriority="none" dropdown="continue" popup="none" popup-page-rule="" />
  <Paragraph id="1276716" documentposition="304" splitpriority="none" dropdown="continue" popup="none" popup-page-rule="" />
  <Paragraph id="1276717" documentposition="305" splitpriority="none" dropdown="continue" popup="none" popup-page-rule="" />
  <Paragraph id="1276718" documentposition="306" splitpriority="none" dropdown="continue" popup="none" popup-page-rule="" />
  <Paragraph id="1276719" documentposition="307" splitpriority="none" dropdown="continue" popup="none" popup-page-rule="" />
  <Paragraph id="1276713" documentposition="308" splitpriority="none" dropdown="continue" popup="none" popup-page-rule="" />
  <Paragraph id="1188273" documentposition="309" splitpriority="none" dropdown="start-closed" popup="none" popup-page-rule="" />
  <Paragraph id="1188277" documentposition="310" splitpriority="none" dropdown="continue" popup="none" popup-page-rule="" />
  <Paragraph id="1188530" documentposition="311" splitpriority="none" dropdown="continue" popup="none" popup-page-rule="" />
  <Paragraph id="1188281" documentposition="312" splitpriority="none" dropdown="continue" popup="none" popup-page-rule="" />
  <Paragraph id="1188729" documentposition="313" splitpriority="none" dropdown="end" popup="none" popup-page-rule="" />
  <Paragraph id="1188303" documentposition="314" splitpriority="none" dropdown="start-closed" popup="none" popup-page-rule="" />
  <Paragraph id="1188308" documentposition="315" splitpriority="none" dropdown="continue" popup="none" popup-page-rule="" />
  <Paragraph id="1188540" documentposition="316" splitpriority="none" dropdown="continue" popup="none" popup-page-rule="" />
  <Paragraph id="1188545" documentposition="317" splitpriority="none" dropdown="continue" popup="none" popup-page-rule="" />
  <Paragraph id="1188574" documentposition="318" splitpriority="none" dropdown="continue" popup="none" popup-page-rule="" />
  <Paragraph id="1188575" documentposition="319" splitpriority="none" dropdown="continue" popup="none" popup-page-rule="" />
  <Paragraph id="1188576" documentposition="320" splitpriority="none" dropdown="continue" popup="none" popup-page-rule="" />
  <Paragraph id="1188577" documentposition="321" splitpriority="none" dropdown="continue" popup="none" popup-page-rule="" />
  <Paragraph id="1188578" documentposition="322" splitpriority="none" dropdown="continue" popup="none" popup-page-rule="" />
  <Paragraph id="1188579" documentposition="323" splitpriority="none" dropdown="continue" popup="none" popup-page-rule="" />
  <Paragraph id="1188709" documentposition="324" splitpriority="none" dropdown="end" popup="none" popup-page-rule="" />
  <Paragraph id="1241941" documentposition="325" splitpriority="none" relatedtopic="define-no-output" dropdown="continue" popup="none" popup-page-rule="" />
  <Paragraph id="1241945" documentposition="326" splitpriority="none" relatedtopic="define-no-output" dropdown="continue" popup="none" popup-page-rule="" />
  <Paragraph id="1188613" documentposition="327" splitpriority="3" dropdown="continue" popup="none" popup-page-rule="" />
  <Paragraph id="1188588" documentposition="328" splitpriority="none" dropdown="continue" popup="none" popup-page-rule="" />
  <Paragraph id="1188628" documentposition="329" splitpriority="none" dropdown="continue" popup="none" popup-page-rule="" />
  <Paragraph id="1188636" documentposition="330" splitpriority="none" dropdown="continue" popup="none" popup-page-rule="" />
  <Paragraph id="1188646" documentposition="331" splitpriority="none" dropdown="continue" popup="none" popup-page-rule="">
    <Frame id="1188644" />
  </Paragraph>
  <Paragraph id="1188647" documentposition="332" splitpriority="none" dropdown="continue" popup="none" popup-page-rule="" />
  <Paragraph id="1188791" documentposition="333" splitpriority="none" dropdown="start-closed" popup="none" popup-page-rule="" />
  <Paragraph id="1188631" documentposition="334" splitpriority="none" dropdown="continue" popup="none" popup-page-rule="" />
  <Paragraph id="1188689" documentposition="335" splitpriority="none" dropdown="continue" popup="none" popup-page-rule="" />
  <Paragraph id="1188690" documentposition="336" splitpriority="none" dropdown="continue" popup="none" popup-page-rule="" />
  <Paragraph id="1188786" documentposition="337" splitpriority="none" dropdown="end" popup="none" popup-page-rule="" />
  <Paragraph id="1188798" documentposition="338" splitpriority="none" dropdown="start-closed" popup="none" popup-page-rule="" />
  <Paragraph id="1188749" documentposition="339" splitpriority="none" dropdown="continue" popup="none" popup-page-rule="" />
  <Paragraph id="1188753" documentposition="340" splitpriority="none" dropdown="continue" popup="none" popup-page-rule="" />
  <Paragraph id="1188760" documentposition="341" splitpriority="none" dropdown="continue" popup="none" popup-page-rule="">
    <Frame id="1188763" />
  </Paragraph>
  <Paragraph id="1197963" documentposition="342" splitpriority="none" dropdown="continue" popup="none" popup-page-rule="">
    <Frame id="1204432" />
  </Paragraph>
  <Paragraph id="1197987" documentposition="343" splitpriority="none" dropdown="continue" popup="none" popup-page-rule="" />
  <Paragraph id="1188921" documentposition="344" splitpriority="none" dropdown="continue" popup="none" popup-page-rule="" />
  <Paragraph id="1135161" documentposition="345" splitpriority="none" dropdown="continue" popup="none" popup-page-rule="" />
</Behaviors>