<?xml version="1.0" encoding="utf-8"?>
<Index version="1.0" xmlns="urn:WebWorks-Index-Schema">
  <Entry name="caArray" sort="caArray" sectionposition="2">
    <Content xmlns="urn:WebWorks-Document-Schema">
      <TextRun>
        <Text value="caArray" />
      </TextRun>
    </Content>
    <Entry name="launching" sort="launching">
      <Content xmlns="urn:WebWorks-Document-Schema">
        <TextRun>
          <Text value="launching" />
        </TextRun>
      </Content>
      <Link href="C:\Documents and Settings\hadfielj\My Documents\ePublisher Pro Projects\caArray Online Help\Output\WebWorks Help 5.0\caArray Online Help\Getting Started caArray.3.2.html" anchor="1102033" fileposition="6" first="false" />
    </Entry>
  </Entry>
  <Entry name="launching caArray" sort="launching caArray" sectionposition="2">
    <Content xmlns="urn:WebWorks-Document-Schema">
      <TextRun>
        <Text value="launching caArray" />
      </TextRun>
    </Content>
    <Link href="C:\Documents and Settings\hadfielj\My Documents\ePublisher Pro Projects\caArray Online Help\Output\WebWorks Help 5.0\caArray Online Help\Getting Started caArray.3.2.html" anchor="1102033" fileposition="6" first="false" />
  </Entry>
  <Entry name="caArray" sort="caArray" sectionposition="2">
    <Content xmlns="urn:WebWorks-Document-Schema">
      <TextRun>
        <Text value="caArray" />
      </TextRun>
    </Content>
    <Entry name="browsing" sort="browsing">
      <Content xmlns="urn:WebWorks-Document-Schema">
        <TextRun>
          <Text value="browsing" />
        </TextRun>
      </Content>
      <Link href="C:\Documents and Settings\hadfielj\My Documents\ePublisher Pro Projects\caArray Online Help\Output\WebWorks Help 5.0\caArray Online Help\Getting Started caArray.3.3.html" anchor="1124686" fileposition="7" first="true" />
    </Entry>
  </Entry>
  <Entry name="browsing" sort="browsing" sectionposition="2">
    <Content xmlns="urn:WebWorks-Document-Schema">
      <TextRun>
        <Text value="browsing" />
      </TextRun>
    </Content>
    <Entry name="caArray" sort="caArray">
      <Content xmlns="urn:WebWorks-Document-Schema">
        <TextRun>
          <Text value="caArray" />
        </TextRun>
      </Content>
      <Link href="C:\Documents and Settings\hadfielj\My Documents\ePublisher Pro Projects\caArray Online Help\Output\WebWorks Help 5.0\caArray Online Help\Getting Started caArray.3.3.html" anchor="1124686" fileposition="7" first="true" />
    </Entry>
  </Entry>
  <Entry name="caArray" sort="caArray" sectionposition="2">
    <Content xmlns="urn:WebWorks-Document-Schema">
      <TextRun>
        <Text value="caArray" />
      </TextRun>
    </Content>
    <Entry name="login" sort="login">
      <Content xmlns="urn:WebWorks-Document-Schema">
        <TextRun>
          <Text value="login" />
        </TextRun>
      </Content>
      <Link href="C:\Documents and Settings\hadfielj\My Documents\ePublisher Pro Projects\caArray Online Help\Output\WebWorks Help 5.0\caArray Online Help\Getting Started caArray.3.4.html" anchor="1246907" fileposition="8" first="false" />
    </Entry>
  </Entry>
  <Entry name="searching" sort="searching" sectionposition="2">
    <Content xmlns="urn:WebWorks-Document-Schema">
      <TextRun>
        <Text value="searching" />
      </TextRun>
    </Content>
    <Entry name="from caArray login screen" sort="from caArray login screen">
      <Content xmlns="urn:WebWorks-Document-Schema">
        <TextRun>
          <Text value="from caArray login screen" />
        </TextRun>
      </Content>
      <Link href="C:\Documents and Settings\hadfielj\My Documents\ePublisher Pro Projects\caArray Online Help\Output\WebWorks Help 5.0\caArray Online Help\Getting Started caArray.3.4.html" anchor="1246907" fileposition="8" first="false" />
    </Entry>
  </Entry>
  <Entry name="browsing" sort="browsing" sectionposition="2">
    <Content xmlns="urn:WebWorks-Document-Schema">
      <TextRun>
        <Text value="browsing" />
      </TextRun>
    </Content>
    <Entry name="before login" sort="before login">
      <Content xmlns="urn:WebWorks-Document-Schema">
        <TextRun>
          <Text value="before login" />
        </TextRun>
      </Content>
      <Link href="C:\Documents and Settings\hadfielj\My Documents\ePublisher Pro Projects\caArray Online Help\Output\WebWorks Help 5.0\caArray Online Help\Getting Started caArray.3.4.html" anchor="1246907" fileposition="8" first="false" />
    </Entry>
  </Entry>
  <Entry name="browsing" sort="browsing" sectionposition="2">
    <Content xmlns="urn:WebWorks-Document-Schema">
      <TextRun>
        <Text value="browsing" />
      </TextRun>
    </Content>
    <Entry name="after login" sort="after login">
      <Content xmlns="urn:WebWorks-Document-Schema">
        <TextRun>
          <Text value="after login" />
        </TextRun>
      </Content>
      <Link href="C:\Documents and Settings\hadfielj\My Documents\ePublisher Pro Projects\caArray Online Help\Output\WebWorks Help 5.0\caArray Online Help\Getting Started caArray.3.5.html" anchor="1131193" fileposition="9" first="false" />
    </Entry>
  </Entry>
  <Entry name="caArray" sort="caArray" sectionposition="2">
    <Content xmlns="urn:WebWorks-Document-Schema">
      <TextRun>
        <Text value="caArray" />
      </TextRun>
    </Content>
    <Entry name="Data Portal page" sort="Data Portal page">
      <Content xmlns="urn:WebWorks-Document-Schema">
        <TextRun>
          <Text value="Data Portal page" />
        </TextRun>
      </Content>
      <Link href="C:\Documents and Settings\hadfielj\My Documents\ePublisher Pro Projects\caArray Online Help\Output\WebWorks Help 5.0\caArray Online Help\Getting Started caArray.3.7.html" anchor="1120790" fileposition="11" first="false" />
    </Entry>
  </Entry>
  <Entry name="Data portal page" sort="Data portal page" sectionposition="2">
    <Content xmlns="urn:WebWorks-Document-Schema">
      <TextRun>
        <Text value="Data portal page" />
      </TextRun>
    </Content>
    <Link href="C:\Documents and Settings\hadfielj\My Documents\ePublisher Pro Projects\caArray Online Help\Output\WebWorks Help 5.0\caArray Online Help\Getting Started caArray.3.7.html" anchor="1120790" fileposition="11" first="false" />
  </Entry>
  <Entry name="user account, login" sort="user account, login" sectionposition="2">
    <Content xmlns="urn:WebWorks-Document-Schema">
      <TextRun>
        <Text value="user account, login" />
      </TextRun>
    </Content>
    <Link href="C:\Documents and Settings\hadfielj\My Documents\ePublisher Pro Projects\caArray Online Help\Output\WebWorks Help 5.0\caArray Online Help\Getting Started caArray.3.7.html" anchor="1120790" fileposition="11" first="false" />
  </Entry>
  <Entry name="login" sort="login" sectionposition="2">
    <Content xmlns="urn:WebWorks-Document-Schema">
      <TextRun>
        <Text value="login" />
      </TextRun>
    </Content>
    <Link href="C:\Documents and Settings\hadfielj\My Documents\ePublisher Pro Projects\caArray Online Help\Output\WebWorks Help 5.0\caArray Online Help\Getting Started caArray.3.7.html" anchor="1120790" fileposition="11" first="false" />
  </Entry>
  <Entry name="caArray" sort="caArray" sectionposition="2">
    <Content xmlns="urn:WebWorks-Document-Schema">
      <TextRun>
        <Text value="caArray" />
      </TextRun>
    </Content>
    <Entry name="requesting user account" sort="requesting user account">
      <Content xmlns="urn:WebWorks-Document-Schema">
        <TextRun>
          <Text value="requesting user account" />
        </TextRun>
      </Content>
      <Link href="C:\Documents and Settings\hadfielj\My Documents\ePublisher Pro Projects\caArray Online Help\Output\WebWorks Help 5.0\caArray Online Help\Getting Started caArray.3.8.html" anchor="1127125" fileposition="12" first="false" />
    </Entry>
  </Entry>
  <Entry name="account, requesting new user" sort="account, requesting new user" sectionposition="2">
    <Content xmlns="urn:WebWorks-Document-Schema">
      <TextRun>
        <Text value="account, requesting new user" />
      </TextRun>
    </Content>
    <Link href="C:\Documents and Settings\hadfielj\My Documents\ePublisher Pro Projects\caArray Online Help\Output\WebWorks Help 5.0\caArray Online Help\Getting Started caArray.3.8.html" anchor="1127125" fileposition="12" first="false" />
  </Entry>
  <Entry name="registering new user" sort="registering new user" sectionposition="2">
    <Content xmlns="urn:WebWorks-Document-Schema">
      <TextRun>
        <Text value="registering new user" />
      </TextRun>
    </Content>
    <Link href="C:\Documents and Settings\hadfielj\My Documents\ePublisher Pro Projects\caArray Online Help\Output\WebWorks Help 5.0\caArray Online Help\Getting Started caArray.3.8.html" anchor="1127125" fileposition="12" first="false" />
  </Entry>
  <Entry name="online help" sort="online help" sectionposition="2">
    <Content xmlns="urn:WebWorks-Document-Schema">
      <TextRun>
        <Text value="online help" />
      </TextRun>
    </Content>
    <Entry name="using" sort="using">
      <Content xmlns="urn:WebWorks-Document-Schema">
        <TextRun>
          <Text value="using" />
        </TextRun>
      </Content>
      <Link href="C:\Documents and Settings\hadfielj\My Documents\ePublisher Pro Projects\caArray Online Help\Output\WebWorks Help 5.0\caArray Online Help\Getting Started caArray.3.9.html" anchor="1082564" fileposition="13" first="true" />
    </Entry>
  </Entry>
  <Entry name="help in caArray" sort="help in caArray" sectionposition="2">
    <Content xmlns="urn:WebWorks-Document-Schema">
      <TextRun>
        <Text value="help in caArray" />
      </TextRun>
    </Content>
    <Link href="C:\Documents and Settings\hadfielj\My Documents\ePublisher Pro Projects\caArray Online Help\Output\WebWorks Help 5.0\caArray Online Help\Getting Started caArray.3.9.html" anchor="1082564" fileposition="13" first="true" />
  </Entry>
  <Entry name="online help" sort="online help" sectionposition="2">
    <Content xmlns="urn:WebWorks-Document-Schema">
      <TextRun>
        <Text value="online help" />
      </TextRun>
    </Content>
    <Entry name="icons" sort="icons">
      <Content xmlns="urn:WebWorks-Document-Schema">
        <TextRun>
          <Text value="icons" />
        </TextRun>
      </Content>
      <Link href="C:\Documents and Settings\hadfielj\My Documents\ePublisher Pro Projects\caArray Online Help\Output\WebWorks Help 5.0\caArray Online Help\Getting Started caArray.3.9.html" anchor="1082564" fileposition="13" first="true" />
    </Entry>
  </Entry>
  <Entry name="caArray" sort="caArray" sectionposition="2">
    <Content xmlns="urn:WebWorks-Document-Schema">
      <TextRun>
        <Text value="caArray" />
      </TextRun>
    </Content>
    <Entry name="interface description" sort="interface description">
      <Content xmlns="urn:WebWorks-Document-Schema">
        <TextRun>
          <Text value="interface description" />
        </TextRun>
      </Content>
      <Link href="C:\Documents and Settings\hadfielj\My Documents\ePublisher Pro Projects\caArray Online Help\Output\WebWorks Help 5.0\caArray Online Help\Getting Started caArray.3.11.html" anchor="1134559" fileposition="15" first="true" />
    </Entry>
  </Entry>
  <Entry name="caArray" sort="caArray" sectionposition="2">
    <Content xmlns="urn:WebWorks-Document-Schema">
      <TextRun>
        <Text value="caArray" />
      </TextRun>
    </Content>
    <Entry name="Welcome page" sort="Welcome page">
      <Content xmlns="urn:WebWorks-Document-Schema">
        <TextRun>
          <Text value="Welcome page" />
        </TextRun>
      </Content>
      <Link href="C:\Documents and Settings\hadfielj\My Documents\ePublisher Pro Projects\caArray Online Help\Output\WebWorks Help 5.0\caArray Online Help\Getting Started caArray.3.12.html" anchor="1134653" fileposition="16" first="false" />
    </Entry>
  </Entry>
  <Entry name="caArray" sort="caArray" sectionposition="2">
    <Content xmlns="urn:WebWorks-Document-Schema">
      <TextRun>
        <Text value="caArray" />
      </TextRun>
    </Content>
    <Entry name="Welcome to caArray sidebar links" sort="Welcome to caArray sidebar links">
      <Content xmlns="urn:WebWorks-Document-Schema">
        <TextRun>
          <Text value="Welcome to caArray sidebar links" />
        </TextRun>
      </Content>
      <Link href="C:\Documents and Settings\hadfielj\My Documents\ePublisher Pro Projects\caArray Online Help\Output\WebWorks Help 5.0\caArray Online Help\Getting Started caArray.3.12.html" anchor="1147085" fileposition="16" first="false" />
    </Entry>
  </Entry>
  <Entry name="caArray" sort="caArray" sectionposition="2">
    <Content xmlns="urn:WebWorks-Document-Schema">
      <TextRun>
        <Text value="caArray" />
      </TextRun>
    </Content>
    <Entry name="About caArray sidebar links" sort="About caArray sidebar links">
      <Content xmlns="urn:WebWorks-Document-Schema">
        <TextRun>
          <Text value="About caArray sidebar links" />
        </TextRun>
      </Content>
      <Link href="C:\Documents and Settings\hadfielj\My Documents\ePublisher Pro Projects\caArray Online Help\Output\WebWorks Help 5.0\caArray Online Help\Getting Started caArray.3.12.html" anchor="1125422" fileposition="16" first="false" />
    </Entry>
  </Entry>
  <Entry name="Global Quick Links" sort="Global Quick Links" sectionposition="2">
    <Content xmlns="urn:WebWorks-Document-Schema">
      <TextRun>
        <Text value="Global Quick Links" />
      </TextRun>
    </Content>
    <Link href="C:\Documents and Settings\hadfielj\My Documents\ePublisher Pro Projects\caArray Online Help\Output\WebWorks Help 5.0\caArray Online Help\Getting Started caArray.3.12.html" anchor="1124248" fileposition="16" first="false" />
  </Entry>
  <Entry name="caArray" sort="caArray" sectionposition="2">
    <Content xmlns="urn:WebWorks-Document-Schema">
      <TextRun>
        <Text value="caArray" />
      </TextRun>
    </Content>
    <Entry name="user interface footer" sort="user interface footer">
      <Content xmlns="urn:WebWorks-Document-Schema">
        <TextRun>
          <Text value="user interface footer" />
        </TextRun>
      </Content>
      <Link href="C:\Documents and Settings\hadfielj\My Documents\ePublisher Pro Projects\caArray Online Help\Output\WebWorks Help 5.0\caArray Online Help\Getting Started caArray.3.13.html" anchor="1140727" fileposition="17" first="false" />
    </Entry>
  </Entry>
  <Entry name="Application Support" sort="Application Support" sectionposition="2">
    <Content xmlns="urn:WebWorks-Document-Schema">
      <TextRun>
        <Text value="Application Support" />
      </TextRun>
    </Content>
    <Link href="C:\Documents and Settings\hadfielj\My Documents\ePublisher Pro Projects\caArray Online Help\Output\WebWorks Help 5.0\caArray Online Help\Getting Started caArray.3.13.html" anchor="1141142" fileposition="17" first="false" />
  </Entry>
  <Entry name="Technical Support" sort="Technical Support" sectionposition="2">
    <Content xmlns="urn:WebWorks-Document-Schema">
      <TextRun>
        <Text value="Technical Support" />
      </TextRun>
    </Content>
    <Link href="C:\Documents and Settings\hadfielj\My Documents\ePublisher Pro Projects\caArray Online Help\Output\WebWorks Help 5.0\caArray Online Help\Getting Started caArray.3.13.html" anchor="1141142" fileposition="17" first="false" />
  </Entry>
  <Entry name="NCICB Application Support" sort="NCICB Application Support" sectionposition="2">
    <Content xmlns="urn:WebWorks-Document-Schema">
      <TextRun>
        <Text value="NCICB Application Support" />
      </TextRun>
    </Content>
    <Link href="C:\Documents and Settings\hadfielj\My Documents\ePublisher Pro Projects\caArray Online Help\Output\WebWorks Help 5.0\caArray Online Help\Getting Started caArray.3.13.html" anchor="1141142" fileposition="17" first="false" />
  </Entry>
  <Entry name="caArray" sort="caArray" sectionposition="2">
    <Content xmlns="urn:WebWorks-Document-Schema">
      <TextRun>
        <Text value="caArray" />
      </TextRun>
    </Content>
    <Entry name="common uses" sort="common uses">
      <Content xmlns="urn:WebWorks-Document-Schema">
        <TextRun>
          <Text value="common uses" />
        </TextRun>
      </Content>
      <Link href="C:\Documents and Settings\hadfielj\My Documents\ePublisher Pro Projects\caArray Online Help\Output\WebWorks Help 5.0\caArray Online Help\Getting Started caArray.3.14.html" anchor="1147576" fileposition="18" first="false" />
    </Entry>
  </Entry>
  <Entry name="caArray" sort="caArray" sectionposition="2">
    <Content xmlns="urn:WebWorks-Document-Schema">
      <TextRun>
        <Text value="caArray" />
      </TextRun>
    </Content>
    <Entry name="task tabs" sort="task tabs">
      <Content xmlns="urn:WebWorks-Document-Schema">
        <TextRun>
          <Text value="task tabs" />
        </TextRun>
      </Content>
      <Link href="C:\Documents and Settings\hadfielj\My Documents\ePublisher Pro Projects\caArray Online Help\Output\WebWorks Help 5.0\caArray Online Help\Getting Started caArray.3.14.html" anchor="1132747" fileposition="18" first="false" />
    </Entry>
  </Entry>
  <Entry name="My Experiment Workspace" sort="My Experiment Workspace" sectionposition="2">
    <Content xmlns="urn:WebWorks-Document-Schema">
      <TextRun>
        <Text value="My Experiment Workspace" />
      </TextRun>
    </Content>
    <Link href="C:\Documents and Settings\hadfielj\My Documents\ePublisher Pro Projects\caArray Online Help\Output\WebWorks Help 5.0\caArray Online Help\Getting Started caArray.3.14.html" anchor="1132747" fileposition="18" first="false" />
  </Entry>
  <Entry name="caArray" sort="caArray" sectionposition="2">
    <Content xmlns="urn:WebWorks-Document-Schema">
      <TextRun>
        <Text value="caArray" />
      </TextRun>
    </Content>
    <Entry name="My Experiment Workspace" sort="My Experiment Workspace">
      <Content xmlns="urn:WebWorks-Document-Schema">
        <TextRun>
          <Text value="My Experiment Workspace" />
        </TextRun>
      </Content>
      <Link href="C:\Documents and Settings\hadfielj\My Documents\ePublisher Pro Projects\caArray Online Help\Output\WebWorks Help 5.0\caArray Online Help\Getting Started caArray.3.14.html" anchor="1132747" fileposition="18" first="false" />
    </Entry>
  </Entry>
</Index>