<?xml version="1.0" encoding="utf-8"?>
<Index version="1.0" xmlns="urn:WebWorks-Index-Schema">
  <Section position="2">
    <Group id="2_0" name="Default" sort=" " />
    <Group id="2_1" name="A" sort="A" sectionposition="2" />
    <Entry id="2_2" name="account, requesting new user" sort="account, requesting new user" sectionposition="2">
      <Content xmlns="urn:WebWorks-Document-Schema">
        <TextRun>
          <Text value="account, requesting new user" />
        </TextRun>
      </Content>
      <Link href="C:\Documents and Settings\hadfielj\My Documents\ePublisher Pro Projects\caArray Online Help\Output\WebWorks Help 5.0\caArray Online Help\Getting Started caArray.3.7.html" anchor="1127125" fileposition="11" first="false" />
    </Entry>
    <Entry id="2_3" name="adding" sort="adding" sectionposition="2">
      <Content xmlns="urn:WebWorks-Document-Schema">
        <TextRun>
          <Text value="adding" />
        </TextRun>
      </Content>
      <Entry name="array designs" sort="array designs">
        <Content xmlns="urn:WebWorks-Document-Schema">
          <TextRun>
            <Text value="array designs" />
          </TextRun>
        </Content>
        <Link href="C:\Documents and Settings\hadfielj\My Documents\ePublisher Pro Projects\caArray Online Help\Output\WebWorks Help 5.0\caArray Online Help\Curation Tools.6.5.html" anchor="1091564" fileposition="51" first="true" />
      </Entry>
      <Entry name="group" sort="group">
        <Content xmlns="urn:WebWorks-Document-Schema">
          <TextRun>
            <Text value="group" />
          </TextRun>
        </Content>
        <Link href="C:\Documents and Settings\hadfielj\My Documents\ePublisher Pro Projects\caArray Online Help\Output\WebWorks Help 5.0\caArray Online Help\User Account Mgt.9.5.html" anchor="1139981" fileposition="85" first="false" />
      </Entry>
      <Entry name="publication" sort="publication">
        <Content xmlns="urn:WebWorks-Document-Schema">
          <TextRun>
            <Text value="publication" />
          </TextRun>
        </Content>
        <Link href="C:\Documents and Settings\hadfielj\My Documents\ePublisher Pro Projects\caArray Online Help\Output\WebWorks Help 5.0\caArray Online Help\Create &amp; Manage Experiments.5.18.html" anchor="1152286" fileposition="39" first="false" />
      </Entry>
      <Entry name="vocabulary term" sort="vocabulary term">
        <Content xmlns="urn:WebWorks-Document-Schema">
          <TextRun>
            <Text value="vocabulary term" />
          </TextRun>
        </Content>
        <Link href="C:\Documents and Settings\hadfielj\My Documents\ePublisher Pro Projects\caArray Online Help\Output\WebWorks Help 5.0\caArray Online Help\Create &amp; Manage Experiments.5.16.html" anchor="1215651" fileposition="37" first="false" />
        <Link href="C:\Documents and Settings\hadfielj\My Documents\ePublisher Pro Projects\caArray Online Help\Output\WebWorks Help 5.0\caArray Online Help\Create &amp; Manage Experiments.5.16.html" anchor="1208160" fileposition="37" first="false" />
        <Link href="C:\Documents and Settings\hadfielj\My Documents\ePublisher Pro Projects\caArray Online Help\Output\WebWorks Help 5.0\caArray Online Help\Curation Tools.6.15.html" anchor="1100496" fileposition="61" first="false" />
      </Entry>
    </Entry>
    <Entry id="2_4" name="annotations" sort="annotations" sectionposition="2">
      <Content xmlns="urn:WebWorks-Document-Schema">
        <TextRun>
          <Text value="annotations" />
        </TextRun>
      </Content>
      <Entry name="adding vocabulary" sort="adding vocabulary">
        <Content xmlns="urn:WebWorks-Document-Schema">
          <TextRun>
            <Text value="adding vocabulary" />
          </TextRun>
        </Content>
        <Link href="C:\Documents and Settings\hadfielj\My Documents\ePublisher Pro Projects\caArray Online Help\Output\WebWorks Help 5.0\caArray Online Help\Create &amp; Manage Experiments.5.16.html" anchor="1215651" fileposition="37" first="false" />
      </Entry>
    </Entry>
    <Entry id="2_5" name="Annotations tab" sort="Annotations tab" sectionposition="2">
      <Content xmlns="urn:WebWorks-Document-Schema">
        <TextRun>
          <Text value="Annotations tab" />
        </TextRun>
      </Content>
      <Link href="C:\Documents and Settings\hadfielj\My Documents\ePublisher Pro Projects\caArray Online Help\Output\WebWorks Help 5.0\caArray Online Help\Create &amp; Manage Experiments.5.7.html" anchor="1138994" fileposition="28" first="false" />
    </Entry>
    <Entry id="2_6" name="API, extracting data" sort="API, extracting data" sectionposition="2">
      <Content xmlns="urn:WebWorks-Document-Schema">
        <TextRun>
          <Text value="API, extracting data" />
        </TextRun>
      </Content>
      <Link href="C:\Documents and Settings\hadfielj\My Documents\ePublisher Pro Projects\caArray Online Help\Output\WebWorks Help 5.0\caArray Online Help\Extracting data.8.4.html" anchor="1132676" fileposition="80" first="false" />
    </Entry>
    <Entry id="2_7" name="Application Support" sort="Application Support" sectionposition="2">
      <Content xmlns="urn:WebWorks-Document-Schema">
        <TextRun>
          <Text value="Application Support" />
        </TextRun>
      </Content>
      <Link href="C:\Documents and Settings\hadfielj\My Documents\ePublisher Pro Projects\caArray Online Help\Output\WebWorks Help 5.0\caArray Online Help\Getting Started caArray.3.12.html" anchor="1141142" fileposition="16" first="false" />
    </Entry>
    <Entry id="2_8" name="Application Support, caArray" sort="Application Support, caArray" sectionposition="2">
      <Content xmlns="urn:WebWorks-Document-Schema">
        <TextRun>
          <Text value="Application Support, caArray" />
        </TextRun>
      </Content>
      <Link href="C:\Documents and Settings\hadfielj\My Documents\ePublisher Pro Projects\caArray Online Help\Output\WebWorks Help 5.0\caArray Online Help\Application Support.11.1.html" anchor="1083452" fileposition="89" first="false" />
    </Entry>
    <Entry id="2_9" name="array designs" sort="array designs" sectionposition="2">
      <Content xmlns="urn:WebWorks-Document-Schema">
        <TextRun>
          <Text value="array designs" />
        </TextRun>
      </Content>
      <Entry name="adding" sort="adding">
        <Content xmlns="urn:WebWorks-Document-Schema">
          <TextRun>
            <Text value="adding" />
          </TextRun>
        </Content>
        <Link href="C:\Documents and Settings\hadfielj\My Documents\ePublisher Pro Projects\caArray Online Help\Output\WebWorks Help 5.0\caArray Online Help\Curation Tools.6.5.html" anchor="1091564" fileposition="51" first="true" />
      </Entry>
      <Entry name="managing" sort="managing">
        <Content xmlns="urn:WebWorks-Document-Schema">
          <TextRun>
            <Text value="managing" />
          </TextRun>
        </Content>
        <Link href="C:\Documents and Settings\hadfielj\My Documents\ePublisher Pro Projects\caArray Online Help\Output\WebWorks Help 5.0\caArray Online Help\Curation Tools.6.3.html" anchor="1091472" fileposition="49" first="false" />
      </Entry>
      <Entry name="viewing" sort="viewing">
        <Content xmlns="urn:WebWorks-Document-Schema">
          <TextRun>
            <Text value="viewing" />
          </TextRun>
        </Content>
        <Link href="C:\Documents and Settings\hadfielj\My Documents\ePublisher Pro Projects\caArray Online Help\Output\WebWorks Help 5.0\caArray Online Help\Curation Tools.6.4.html" anchor="1091490" fileposition="50" first="false" />
      </Entry>
    </Entry>
    <Entry id="2_10" name="Array Designs" sort="Array Designs" sectionposition="2">
      <Content xmlns="urn:WebWorks-Document-Schema">
        <TextRun>
          <Text value="Array Designs" />
        </TextRun>
      </Content>
      <Entry name="editing" sort="editing">
        <Content xmlns="urn:WebWorks-Document-Schema">
          <TextRun>
            <Text value="editing" />
          </TextRun>
        </Content>
        <Link href="C:\Documents and Settings\hadfielj\My Documents\ePublisher Pro Projects\caArray Online Help\Output\WebWorks Help 5.0\caArray Online Help\Curation Tools.6.6.html" anchor="1095750" fileposition="52" first="false" />
      </Entry>
    </Entry>
    <Group id="2_11" name="B" sort="B" sectionposition="2" />
    <Entry id="2_12" name="biological source materials" sort="biological source materials" sectionposition="2">
      <Content xmlns="urn:WebWorks-Document-Schema">
        <TextRun>
          <Text value="biological source materials" />
        </TextRun>
      </Content>
      <Entry name="description" sort="description">
        <Content xmlns="urn:WebWorks-Document-Schema">
          <TextRun>
            <Text value="description" />
          </TextRun>
        </Content>
        <Link href="C:\Documents and Settings\hadfielj\My Documents\ePublisher Pro Projects\caArray Online Help\Output\WebWorks Help 5.0\caArray Online Help\Create &amp; Manage Experiments.5.10.html" anchor="1151323" fileposition="31" first="false" />
      </Entry>
      <Entry name="relationship between" sort="relationship between">
        <Content xmlns="urn:WebWorks-Document-Schema">
          <TextRun>
            <Text value="relationship between" />
          </TextRun>
        </Content>
        <Link href="C:\Documents and Settings\hadfielj\My Documents\ePublisher Pro Projects\caArray Online Help\Output\WebWorks Help 5.0\caArray Online Help\Create &amp; Manage Experiments.5.10.html" anchor="1150918" fileposition="31" first="false" />
      </Entry>
    </Entry>
    <Entry id="2_13" name="browsing" sort="browsing" sectionposition="2">
      <Content xmlns="urn:WebWorks-Document-Schema">
        <TextRun>
          <Text value="browsing" />
        </TextRun>
      </Content>
      <Entry name="after login" sort="after login">
        <Content xmlns="urn:WebWorks-Document-Schema">
          <TextRun>
            <Text value="after login" />
          </TextRun>
        </Content>
        <Link href="C:\Documents and Settings\hadfielj\My Documents\ePublisher Pro Projects\caArray Online Help\Output\WebWorks Help 5.0\caArray Online Help\Getting Started caArray.3.5.html" anchor="1131193" fileposition="9" first="false" />
      </Entry>
      <Entry name="before login" sort="before login">
        <Content xmlns="urn:WebWorks-Document-Schema">
          <TextRun>
            <Text value="before login" />
          </TextRun>
        </Content>
        <Link href="C:\Documents and Settings\hadfielj\My Documents\ePublisher Pro Projects\caArray Online Help\Output\WebWorks Help 5.0\caArray Online Help\Getting Started caArray.3.4.html" anchor="1188386" fileposition="8" first="false" />
      </Entry>
      <Entry name="caArray" sort="caArray">
        <Content xmlns="urn:WebWorks-Document-Schema">
          <TextRun>
            <Text value="caArray" />
          </TextRun>
        </Content>
        <Link href="C:\Documents and Settings\hadfielj\My Documents\ePublisher Pro Projects\caArray Online Help\Output\WebWorks Help 5.0\caArray Online Help\Getting Started caArray.3.3.html" anchor="1124686" fileposition="7" first="true" />
        <Link href="C:\Documents and Settings\hadfielj\My Documents\ePublisher Pro Projects\caArray Online Help\Output\WebWorks Help 5.0\caArray Online Help\Searching caArray.4.2.html" anchor="1133651" fileposition="19" first="false" />
      </Entry>
    </Entry>
    <Group id="2_14" name="C" sort="C" sectionposition="2" />
    <Entry id="2_15" name="caArray" sort="caArray" sectionposition="2">
      <Content xmlns="urn:WebWorks-Document-Schema">
        <TextRun>
          <Text value="caArray" />
        </TextRun>
      </Content>
      <Entry name="About caArray sidebar links" sort="About caArray sidebar links">
        <Content xmlns="urn:WebWorks-Document-Schema">
          <TextRun>
            <Text value="About caArray sidebar links" />
          </TextRun>
        </Content>
        <Link href="C:\Documents and Settings\hadfielj\My Documents\ePublisher Pro Projects\caArray Online Help\Output\WebWorks Help 5.0\caArray Online Help\Getting Started caArray.3.11.html" anchor="1125422" fileposition="15" first="false" />
      </Entry>
      <Entry name="browsing" sort="browsing">
        <Content xmlns="urn:WebWorks-Document-Schema">
          <TextRun>
            <Text value="browsing" />
          </TextRun>
        </Content>
        <Link href="C:\Documents and Settings\hadfielj\My Documents\ePublisher Pro Projects\caArray Online Help\Output\WebWorks Help 5.0\caArray Online Help\Getting Started caArray.3.3.html" anchor="1124686" fileposition="7" first="true" />
        <Link href="C:\Documents and Settings\hadfielj\My Documents\ePublisher Pro Projects\caArray Online Help\Output\WebWorks Help 5.0\caArray Online Help\Searching caArray.4.2.html" anchor="1133651" fileposition="19" first="false" />
      </Entry>
      <Entry name="common uses" sort="common uses">
        <Content xmlns="urn:WebWorks-Document-Schema">
          <TextRun>
            <Text value="common uses" />
          </TextRun>
        </Content>
        <Link href="C:\Documents and Settings\hadfielj\My Documents\ePublisher Pro Projects\caArray Online Help\Output\WebWorks Help 5.0\caArray Online Help\Getting Started caArray.3.13.html" anchor="1147576" fileposition="17" first="false" />
      </Entry>
      <Entry name="compatible browsers" sort="compatible browsers">
        <Content xmlns="urn:WebWorks-Document-Schema">
          <TextRun>
            <Text value="compatible browsers" />
          </TextRun>
        </Content>
        <Link href="C:\Documents and Settings\hadfielj\My Documents\ePublisher Pro Projects\caArray Online Help\Output\WebWorks Help 5.0\caArray Online Help\Getting Started caArray.3.2.html" anchor="1153777" fileposition="6" first="false" />
      </Entry>
      <Entry name="Data Portal page" sort="Data Portal page">
        <Content xmlns="urn:WebWorks-Document-Schema">
          <TextRun>
            <Text value="Data Portal page" />
          </TextRun>
        </Content>
        <Link href="C:\Documents and Settings\hadfielj\My Documents\ePublisher Pro Projects\caArray Online Help\Output\WebWorks Help 5.0\caArray Online Help\Getting Started caArray.3.6.html" anchor="1124018" fileposition="10" first="false" />
      </Entry>
      <Entry name="interface description" sort="interface description">
        <Content xmlns="urn:WebWorks-Document-Schema">
          <TextRun>
            <Text value="interface description" />
          </TextRun>
        </Content>
        <Link href="C:\Documents and Settings\hadfielj\My Documents\ePublisher Pro Projects\caArray Online Help\Output\WebWorks Help 5.0\caArray Online Help\Getting Started caArray.3.10.html" anchor="1134559" fileposition="14" first="true" />
      </Entry>
      <Entry name="launching" sort="launching">
        <Content xmlns="urn:WebWorks-Document-Schema">
          <TextRun>
            <Text value="launching" />
          </TextRun>
        </Content>
        <Link href="C:\Documents and Settings\hadfielj\My Documents\ePublisher Pro Projects\caArray Online Help\Output\WebWorks Help 5.0\caArray Online Help\Getting Started caArray.3.2.html" anchor="1153777" fileposition="6" first="false" />
        <Link href="C:\Documents and Settings\hadfielj\My Documents\ePublisher Pro Projects\caArray Online Help\Output\WebWorks Help 5.0\caArray Online Help\Getting Started caArray.3.2.html" anchor="1102033" fileposition="6" first="false" />
      </Entry>
      <Entry name="login" sort="login">
        <Content xmlns="urn:WebWorks-Document-Schema">
          <TextRun>
            <Text value="login" />
          </TextRun>
        </Content>
        <Link href="C:\Documents and Settings\hadfielj\My Documents\ePublisher Pro Projects\caArray Online Help\Output\WebWorks Help 5.0\caArray Online Help\Getting Started caArray.3.4.html" anchor="1188386" fileposition="8" first="false" />
      </Entry>
      <Entry name="My Experiment Workspace" sort="My Experiment Workspace">
        <Content xmlns="urn:WebWorks-Document-Schema">
          <TextRun>
            <Text value="My Experiment Workspace" />
          </TextRun>
        </Content>
        <Link href="C:\Documents and Settings\hadfielj\My Documents\ePublisher Pro Projects\caArray Online Help\Output\WebWorks Help 5.0\caArray Online Help\Getting Started caArray.3.13.html" anchor="1132747" fileposition="17" first="false" />
      </Entry>
      <Entry name="objectives" sort="objectives">
        <Content xmlns="urn:WebWorks-Document-Schema">
          <TextRun>
            <Text value="objectives" />
          </TextRun>
        </Content>
        <Link href="C:\Documents and Settings\hadfielj\My Documents\ePublisher Pro Projects\caArray Online Help\Output\WebWorks Help 5.0\caArray Online Help\About caArray.2.2.html" anchor="1088830" fileposition="3" first="false" />
      </Entry>
      <Entry name="overview" sort="overview">
        <Content xmlns="urn:WebWorks-Document-Schema">
          <TextRun>
            <Text value="overview" />
          </TextRun>
        </Content>
        <Link href="C:\Documents and Settings\hadfielj\My Documents\ePublisher Pro Projects\caArray Online Help\Output\WebWorks Help 5.0\caArray Online Help\About caArray.2.2.html" anchor="1088830" fileposition="3" first="false" />
      </Entry>
      <Entry name="relationship to caBIG" sort="relationship to caBIG">
        <Content xmlns="urn:WebWorks-Document-Schema">
          <TextRun>
            <Text value="relationship to caBIG" />
          </TextRun>
        </Content>
        <Link href="C:\Documents and Settings\hadfielj\My Documents\ePublisher Pro Projects\caArray Online Help\Output\WebWorks Help 5.0\caArray Online Help\About caArray.2.3.html" anchor="1086800" fileposition="4" first="false" />
      </Entry>
      <Entry name="requesting user account" sort="requesting user account">
        <Content xmlns="urn:WebWorks-Document-Schema">
          <TextRun>
            <Text value="requesting user account" />
          </TextRun>
        </Content>
        <Link href="C:\Documents and Settings\hadfielj\My Documents\ePublisher Pro Projects\caArray Online Help\Output\WebWorks Help 5.0\caArray Online Help\Getting Started caArray.3.7.html" anchor="1127125" fileposition="11" first="false" />
      </Entry>
      <Entry name="search results" sort="search results">
        <Content xmlns="urn:WebWorks-Document-Schema">
          <TextRun>
            <Text value="search results" />
          </TextRun>
        </Content>
        <Link href="C:\Documents and Settings\hadfielj\My Documents\ePublisher Pro Projects\caArray Online Help\Output\WebWorks Help 5.0\caArray Online Help\Searching caArray.4.4.html" anchor="1143038" fileposition="21" first="false" />
      </Entry>
      <Entry name="searching the repository" sort="searching the repository">
        <Content xmlns="urn:WebWorks-Document-Schema">
          <TextRun>
            <Text value="searching the repository" />
          </TextRun>
        </Content>
        <Link href="C:\Documents and Settings\hadfielj\My Documents\ePublisher Pro Projects\caArray Online Help\Output\WebWorks Help 5.0\caArray Online Help\Searching caArray.4.3.html" anchor="1137686" fileposition="20" first="false" />
      </Entry>
      <Entry name="task tabs" sort="task tabs">
        <Content xmlns="urn:WebWorks-Document-Schema">
          <TextRun>
            <Text value="task tabs" />
          </TextRun>
        </Content>
        <Link href="C:\Documents and Settings\hadfielj\My Documents\ePublisher Pro Projects\caArray Online Help\Output\WebWorks Help 5.0\caArray Online Help\Getting Started caArray.3.13.html" anchor="1132747" fileposition="17" first="false" />
      </Entry>
      <Entry name="user interface footer" sort="user interface footer">
        <Content xmlns="urn:WebWorks-Document-Schema">
          <TextRun>
            <Text value="user interface footer" />
          </TextRun>
        </Content>
        <Link href="C:\Documents and Settings\hadfielj\My Documents\ePublisher Pro Projects\caArray Online Help\Output\WebWorks Help 5.0\caArray Online Help\Getting Started caArray.3.12.html" anchor="1140727" fileposition="16" first="false" />
      </Entry>
      <Entry name="Welcome page" sort="Welcome page">
        <Content xmlns="urn:WebWorks-Document-Schema">
          <TextRun>
            <Text value="Welcome page" />
          </TextRun>
        </Content>
        <Link href="C:\Documents and Settings\hadfielj\My Documents\ePublisher Pro Projects\caArray Online Help\Output\WebWorks Help 5.0\caArray Online Help\Getting Started caArray.3.11.html" anchor="1134653" fileposition="15" first="false" />
      </Entry>
      <Entry name="Welcome to caArray sidebar links" sort="Welcome to caArray sidebar links">
        <Content xmlns="urn:WebWorks-Document-Schema">
          <TextRun>
            <Text value="Welcome to caArray sidebar links" />
          </TextRun>
        </Content>
        <Link href="C:\Documents and Settings\hadfielj\My Documents\ePublisher Pro Projects\caArray Online Help\Output\WebWorks Help 5.0\caArray Online Help\Getting Started caArray.3.11.html" anchor="1147085" fileposition="15" first="false" />
      </Entry>
    </Entry>
    <Entry id="2_16" name="caBIG, relationship to caArray" sort="caBIG, relationship to caArray" sectionposition="2">
      <Content xmlns="urn:WebWorks-Document-Schema">
        <TextRun>
          <Text value="caBIG, relationship to caArray" />
        </TextRun>
      </Content>
      <Link href="C:\Documents and Settings\hadfielj\My Documents\ePublisher Pro Projects\caArray Online Help\Output\WebWorks Help 5.0\caArray Online Help\About caArray.2.3.html" anchor="1086800" fileposition="4" first="false" />
    </Entry>
    <Entry id="2_17" name="collaboration group" sort="collaboration group" sectionposition="2">
      <Content xmlns="urn:WebWorks-Document-Schema">
        <TextRun>
          <Text value="collaboration group" />
        </TextRun>
      </Content>
      <Entry name="creating" sort="creating">
        <Content xmlns="urn:WebWorks-Document-Schema">
          <TextRun>
            <Text value="creating" />
          </TextRun>
        </Content>
        <Link href="C:\Documents and Settings\hadfielj\My Documents\ePublisher Pro Projects\caArray Online Help\Output\WebWorks Help 5.0\caArray Online Help\User Account Mgt.9.5.html" anchor="1139979" fileposition="85" first="true" />
      </Entry>
      <Entry name="editing" sort="editing">
        <Content xmlns="urn:WebWorks-Document-Schema">
          <TextRun>
            <Text value="editing" />
          </TextRun>
        </Content>
        <Link href="C:\Documents and Settings\hadfielj\My Documents\ePublisher Pro Projects\caArray Online Help\Output\WebWorks Help 5.0\caArray Online Help\User Account Mgt.9.7.html" anchor="1087125" fileposition="87" first="true" />
      </Entry>
      <Entry name="viewing details" sort="viewing details">
        <Content xmlns="urn:WebWorks-Document-Schema">
          <TextRun>
            <Text value="viewing details" />
          </TextRun>
        </Content>
        <Link href="C:\Documents and Settings\hadfielj\My Documents\ePublisher Pro Projects\caArray Online Help\Output\WebWorks Help 5.0\caArray Online Help\User Account Mgt.9.6.html" anchor="1077437" fileposition="86" first="true" />
      </Entry>
    </Entry>
    <Entry id="2_18" name="collaboration groups" sort="collaboration groups" sectionposition="2">
      <Content xmlns="urn:WebWorks-Document-Schema">
        <TextRun>
          <Text value="collaboration groups" />
        </TextRun>
      </Content>
      <Entry name="managing" sort="managing">
        <Content xmlns="urn:WebWorks-Document-Schema">
          <TextRun>
            <Text value="managing" />
          </TextRun>
        </Content>
        <Link href="C:\Documents and Settings\hadfielj\My Documents\ePublisher Pro Projects\caArray Online Help\Output\WebWorks Help 5.0\caArray Online Help\User Account Mgt.9.4.html" anchor="1138506" fileposition="84" first="false" />
      </Entry>
      <Entry name="setting experiment visibility" sort="setting experiment visibility">
        <Content xmlns="urn:WebWorks-Document-Schema">
          <TextRun>
            <Text value="setting experiment visibility" />
          </TextRun>
        </Content>
        <Link href="C:\Documents and Settings\hadfielj\My Documents\ePublisher Pro Projects\caArray Online Help\Output\WebWorks Help 5.0\caArray Online Help\Create &amp; Manage Experiments.5.25.html" anchor="1188588" fileposition="46" first="false" />
      </Entry>
    </Entry>
    <Entry id="2_19" name="Contact tab" sort="Contact tab" sectionposition="2">
      <Content xmlns="urn:WebWorks-Document-Schema">
        <TextRun>
          <Text value="Contact tab" />
        </TextRun>
      </Content>
      <Link href="C:\Documents and Settings\hadfielj\My Documents\ePublisher Pro Projects\caArray Online Help\Output\WebWorks Help 5.0\caArray Online Help\Create &amp; Manage Experiments.5.6.html" anchor="1138709" fileposition="27" first="false" />
    </Entry>
    <Entry id="2_20" name="creating" sort="creating" sectionposition="2">
      <Content xmlns="urn:WebWorks-Document-Schema">
        <TextRun>
          <Text value="creating" />
        </TextRun>
      </Content>
      <Entry name="collaboration group" sort="collaboration group">
        <Content xmlns="urn:WebWorks-Document-Schema">
          <TextRun>
            <Text value="collaboration group" />
          </TextRun>
        </Content>
        <Link href="C:\Documents and Settings\hadfielj\My Documents\ePublisher Pro Projects\caArray Online Help\Output\WebWorks Help 5.0\caArray Online Help\User Account Mgt.9.5.html" anchor="1139979" fileposition="85" first="true" />
      </Entry>
      <Entry name="experiment" sort="experiment">
        <Content xmlns="urn:WebWorks-Document-Schema">
          <TextRun>
            <Text value="experiment" />
          </TextRun>
        </Content>
        <Link href="C:\Documents and Settings\hadfielj\My Documents\ePublisher Pro Projects\caArray Online Help\Output\WebWorks Help 5.0\caArray Online Help\Create &amp; Manage Experiments.5.4.html" anchor="1136437" fileposition="25" first="false" />
      </Entry>
      <Entry name="group" sort="group">
        <Content xmlns="urn:WebWorks-Document-Schema">
          <TextRun>
            <Text value="group" />
          </TextRun>
        </Content>
        <Link href="C:\Documents and Settings\hadfielj\My Documents\ePublisher Pro Projects\caArray Online Help\Output\WebWorks Help 5.0\caArray Online Help\User Account Mgt.9.5.html" anchor="1139981" fileposition="85" first="false" />
      </Entry>
      <Entry name="protocol" sort="protocol">
        <Content xmlns="urn:WebWorks-Document-Schema">
          <TextRun>
            <Text value="protocol" />
          </TextRun>
        </Content>
        <Link href="C:\Documents and Settings\hadfielj\My Documents\ePublisher Pro Projects\caArray Online Help\Output\WebWorks Help 5.0\caArray Online Help\Curation Tools.6.10.html" anchor="1091828" fileposition="56" first="false" />
      </Entry>
      <Entry name="protocol during extract" sort="protocol during extract">
        <Content xmlns="urn:WebWorks-Document-Schema">
          <TextRun>
            <Text value="protocol during extract" />
          </TextRun>
        </Content>
        <Link href="C:\Documents and Settings\hadfielj\My Documents\ePublisher Pro Projects\caArray Online Help\Output\WebWorks Help 5.0\caArray Online Help\Create &amp; Manage Experiments.5.13.html" anchor="1186452" fileposition="34" first="false" />
      </Entry>
      <Entry name="protocol during hybridization" sort="protocol during hybridization">
        <Content xmlns="urn:WebWorks-Document-Schema">
          <TextRun>
            <Text value="protocol during hybridization" />
          </TextRun>
        </Content>
        <Link href="C:\Documents and Settings\hadfielj\My Documents\ePublisher Pro Projects\caArray Online Help\Output\WebWorks Help 5.0\caArray Online Help\Create &amp; Manage Experiments.5.15.html" anchor="1219653" fileposition="36" first="false" />
      </Entry>
      <Entry name="protocol during labeled extract" sort="protocol during labeled extract">
        <Content xmlns="urn:WebWorks-Document-Schema">
          <TextRun>
            <Text value="protocol during labeled extract" />
          </TextRun>
        </Content>
        <Link href="C:\Documents and Settings\hadfielj\My Documents\ePublisher Pro Projects\caArray Online Help\Output\WebWorks Help 5.0\caArray Online Help\Create &amp; Manage Experiments.5.14.html" anchor="1186678" fileposition="35" first="false" />
      </Entry>
      <Entry name="protocol during sample" sort="protocol during sample">
        <Content xmlns="urn:WebWorks-Document-Schema">
          <TextRun>
            <Text value="protocol during sample" />
          </TextRun>
        </Content>
        <Link href="C:\Documents and Settings\hadfielj\My Documents\ePublisher Pro Projects\caArray Online Help\Output\WebWorks Help 5.0\caArray Online Help\Create &amp; Manage Experiments.5.12.html" anchor="1186123" fileposition="33" first="false" />
      </Entry>
      <Entry name="user account" sort="user account">
        <Content xmlns="urn:WebWorks-Document-Schema">
          <TextRun>
            <Text value="user account" />
          </TextRun>
        </Content>
        <Link href="C:\Documents and Settings\hadfielj\My Documents\ePublisher Pro Projects\caArray Online Help\Output\WebWorks Help 5.0\caArray Online Help\User Account Mgt.9.3.html" anchor="1125506" fileposition="83" first="false" />
      </Entry>
    </Entry>
    <Entry id="2_21" name="curation tasks" sort="curation tasks" sectionposition="2">
      <Content xmlns="urn:WebWorks-Document-Schema">
        <TextRun>
          <Text value="curation tasks" />
        </TextRun>
      </Content>
      <Link href="C:\Documents and Settings\hadfielj\My Documents\ePublisher Pro Projects\caArray Online Help\Output\WebWorks Help 5.0\caArray Online Help\Curation Tools.6.2.html" anchor="1091446" fileposition="48" first="false" />
    </Entry>
    <Group id="2_22" name="D" sort="D" sectionposition="2" />
    <Entry id="2_23" name="Data portal page" sort="Data portal page" sectionposition="2">
      <Content xmlns="urn:WebWorks-Document-Schema">
        <TextRun>
          <Text value="Data portal page" />
        </TextRun>
      </Content>
      <Link href="C:\Documents and Settings\hadfielj\My Documents\ePublisher Pro Projects\caArray Online Help\Output\WebWorks Help 5.0\caArray Online Help\Getting Started caArray.3.6.html" anchor="1124018" fileposition="10" first="false" />
    </Entry>
    <Entry id="2_24" name="Data tab" sort="Data tab" sectionposition="2">
      <Content xmlns="urn:WebWorks-Document-Schema">
        <TextRun>
          <Text value="Data tab" />
        </TextRun>
      </Content>
      <Entry name="deleting a file" sort="deleting a file">
        <Content xmlns="urn:WebWorks-Document-Schema">
          <TextRun>
            <Text value="deleting a file" />
          </TextRun>
        </Content>
        <Link href="C:\Documents and Settings\hadfielj\My Documents\ePublisher Pro Projects\caArray Online Help\Output\WebWorks Help 5.0\caArray Online Help\Submitting Data to Exp.7.5.html" anchor="1136694" fileposition="67" first="false" />
      </Entry>
      <Entry name="description" sort="description">
        <Content xmlns="urn:WebWorks-Document-Schema">
          <TextRun>
            <Text value="description" />
          </TextRun>
        </Content>
        <Link href="C:\Documents and Settings\hadfielj\My Documents\ePublisher Pro Projects\caArray Online Help\Output\WebWorks Help 5.0\caArray Online Help\Create &amp; Manage Experiments.5.17.html" anchor="1204204" fileposition="38" first="false" />
      </Entry>
      <Entry name="downloading data files" sort="downloading data files">
        <Content xmlns="urn:WebWorks-Document-Schema">
          <TextRun>
            <Text value="downloading data files" />
          </TextRun>
        </Content>
        <Link href="C:\Documents and Settings\hadfielj\My Documents\ePublisher Pro Projects\caArray Online Help\Output\WebWorks Help 5.0\caArray Online Help\Extracting data.8.2.html" anchor="1132728" fileposition="78" first="false" />
      </Entry>
      <Entry name="importing files" sort="importing files">
        <Content xmlns="urn:WebWorks-Document-Schema">
          <TextRun>
            <Text value="importing files" />
          </TextRun>
        </Content>
        <Link href="C:\Documents and Settings\hadfielj\My Documents\ePublisher Pro Projects\caArray Online Help\Output\WebWorks Help 5.0\caArray Online Help\Submitting Data to Exp.7.9.html" anchor="1154021" fileposition="71" first="false" />
      </Entry>
      <Entry name="Manage Data subtab" sort="Manage Data subtab">
        <Content xmlns="urn:WebWorks-Document-Schema">
          <TextRun>
            <Text value="Manage Data subtab" />
          </TextRun>
        </Content>
        <Link href="C:\Documents and Settings\hadfielj\My Documents\ePublisher Pro Projects\caArray Online Help\Output\WebWorks Help 5.0\caArray Online Help\Submitting Data to Exp.7.2.html" anchor="1163685" fileposition="64" first="false" />
      </Entry>
      <Entry name="Supplemental Files" sort="Supplemental Files">
        <Content xmlns="urn:WebWorks-Document-Schema">
          <TextRun>
            <Text value="Supplemental Files" />
          </TextRun>
        </Content>
        <Link href="C:\Documents and Settings\hadfielj\My Documents\ePublisher Pro Projects\caArray Online Help\Output\WebWorks Help 5.0\caArray Online Help\Submitting Data to Exp.7.12.html" anchor="1140756" fileposition="74" first="false" />
      </Entry>
      <Entry name="uploading data" sort="uploading data">
        <Content xmlns="urn:WebWorks-Document-Schema">
          <TextRun>
            <Text value="uploading data" />
          </TextRun>
        </Content>
        <Link href="C:\Documents and Settings\hadfielj\My Documents\ePublisher Pro Projects\caArray Online Help\Output\WebWorks Help 5.0\caArray Online Help\Submitting Data to Exp.7.3.html" anchor="1143572" fileposition="65" first="false" />
      </Entry>
      <Entry name="validating data" sort="validating data">
        <Content xmlns="urn:WebWorks-Document-Schema">
          <TextRun>
            <Text value="validating data" />
          </TextRun>
        </Content>
        <Link href="C:\Documents and Settings\hadfielj\My Documents\ePublisher Pro Projects\caArray Online Help\Output\WebWorks Help 5.0\caArray Online Help\Submitting Data to Exp.7.6.html" anchor="1136552" fileposition="68" first="false" />
      </Entry>
    </Entry>
    <Entry id="2_25" name="deleting" sort="deleting" sectionposition="2">
      <Content xmlns="urn:WebWorks-Document-Schema">
        <TextRun>
          <Text value="deleting" />
        </TextRun>
      </Content>
      <Entry name="data file" sort="data file">
        <Content xmlns="urn:WebWorks-Document-Schema">
          <TextRun>
            <Text value="data file" />
          </TextRun>
        </Content>
        <Link href="C:\Documents and Settings\hadfielj\My Documents\ePublisher Pro Projects\caArray Online Help\Output\WebWorks Help 5.0\caArray Online Help\Submitting Data to Exp.7.5.html" anchor="1136694" fileposition="67" first="false" />
      </Entry>
    </Entry>
    <Entry id="2_26" name="downloading data files" sort="downloading data files" sectionposition="2">
      <Content xmlns="urn:WebWorks-Document-Schema">
        <TextRun>
          <Text value="downloading data files" />
        </TextRun>
      </Content>
      <Link href="C:\Documents and Settings\hadfielj\My Documents\ePublisher Pro Projects\caArray Online Help\Output\WebWorks Help 5.0\caArray Online Help\Extracting data.8.2.html" anchor="1132728" fileposition="78" first="false" />
    </Entry>
    <Entry id="2_27" name="draft status, Experiment visiblity in" sort="draft status, Experiment visiblity in" sectionposition="2">
      <Content xmlns="urn:WebWorks-Document-Schema">
        <TextRun>
          <Text value="draft status, Experiment visiblity in" />
        </TextRun>
      </Content>
      <Link href="C:\Documents and Settings\hadfielj\My Documents\ePublisher Pro Projects\caArray Online Help\Output\WebWorks Help 5.0\caArray Online Help\Create &amp; Manage Experiments.5.24.html" anchor="1188277" fileposition="45" first="false" />
    </Entry>
    <Group id="2_28" name="E" sort="E" sectionposition="2" />
    <Entry id="2_29" name="editing" sort="editing" sectionposition="2">
      <Content xmlns="urn:WebWorks-Document-Schema">
        <TextRun>
          <Text value="editing" />
        </TextRun>
      </Content>
      <Entry name="Array Designs" sort="Array Designs">
        <Content xmlns="urn:WebWorks-Document-Schema">
          <TextRun>
            <Text value="Array Designs" />
          </TextRun>
        </Content>
        <Link href="C:\Documents and Settings\hadfielj\My Documents\ePublisher Pro Projects\caArray Online Help\Output\WebWorks Help 5.0\caArray Online Help\Curation Tools.6.6.html" anchor="1095750" fileposition="52" first="false" />
      </Entry>
      <Entry name="collaboration group" sort="collaboration group">
        <Content xmlns="urn:WebWorks-Document-Schema">
          <TextRun>
            <Text value="collaboration group" />
          </TextRun>
        </Content>
        <Link href="C:\Documents and Settings\hadfielj\My Documents\ePublisher Pro Projects\caArray Online Help\Output\WebWorks Help 5.0\caArray Online Help\User Account Mgt.9.7.html" anchor="1087125" fileposition="87" first="true" />
      </Entry>
      <Entry name="protocol" sort="protocol">
        <Content xmlns="urn:WebWorks-Document-Schema">
          <TextRun>
            <Text value="protocol" />
          </TextRun>
        </Content>
        <Link href="C:\Documents and Settings\hadfielj\My Documents\ePublisher Pro Projects\caArray Online Help\Output\WebWorks Help 5.0\caArray Online Help\Curation Tools.6.11.html" anchor="1091902" fileposition="57" first="false" />
      </Entry>
      <Entry name="vocabulary term" sort="vocabulary term">
        <Content xmlns="urn:WebWorks-Document-Schema">
          <TextRun>
            <Text value="vocabulary term" />
          </TextRun>
        </Content>
        <Link href="C:\Documents and Settings\hadfielj\My Documents\ePublisher Pro Projects\caArray Online Help\Output\WebWorks Help 5.0\caArray Online Help\Curation Tools.6.16.html" anchor="1100327" fileposition="62" first="false" />
      </Entry>
    </Entry>
    <Entry id="2_30" name="editing protocol typer" sort="editing protocol typer" sectionposition="2">
      <Content xmlns="urn:WebWorks-Document-Schema">
        <TextRun>
          <Text value="editing protocol typer" />
        </TextRun>
      </Content>
      <Link href="C:\Documents and Settings\hadfielj\My Documents\ePublisher Pro Projects\caArray Online Help\Output\WebWorks Help 5.0\caArray Online Help\Curation Tools.6.12.html" anchor="1091938" fileposition="58" first="true" />
    </Entry>
    <Entry id="2_31" name="experiment" sort="experiment" sectionposition="2">
      <Content xmlns="urn:WebWorks-Document-Schema">
        <TextRun>
          <Text value="experiment" />
        </TextRun>
      </Content>
      <Entry name="adding vocabulary" sort="adding vocabulary">
        <Content xmlns="urn:WebWorks-Document-Schema">
          <TextRun>
            <Text value="adding vocabulary" />
          </TextRun>
        </Content>
        <Link href="C:\Documents and Settings\hadfielj\My Documents\ePublisher Pro Projects\caArray Online Help\Output\WebWorks Help 5.0\caArray Online Help\Create &amp; Manage Experiments.5.16.html" anchor="1215651" fileposition="37" first="false" />
      </Entry>
      <Entry name="Annotation tab" sort="Annotation tab">
        <Content xmlns="urn:WebWorks-Document-Schema">
          <TextRun>
            <Text value="Annotation tab" />
          </TextRun>
        </Content>
        <Link href="C:\Documents and Settings\hadfielj\My Documents\ePublisher Pro Projects\caArray Online Help\Output\WebWorks Help 5.0\caArray Online Help\Create &amp; Manage Experiments.5.7.html" anchor="1138994" fileposition="28" first="false" />
      </Entry>
      <Entry name="Contact tab" sort="Contact tab">
        <Content xmlns="urn:WebWorks-Document-Schema">
          <TextRun>
            <Text value="Contact tab" />
          </TextRun>
        </Content>
        <Link href="C:\Documents and Settings\hadfielj\My Documents\ePublisher Pro Projects\caArray Online Help\Output\WebWorks Help 5.0\caArray Online Help\Create &amp; Manage Experiments.5.6.html" anchor="1138709" fileposition="27" first="false" />
      </Entry>
      <Entry name="creating" sort="creating">
        <Content xmlns="urn:WebWorks-Document-Schema">
          <TextRun>
            <Text value="creating" />
          </TextRun>
        </Content>
        <Link href="C:\Documents and Settings\hadfielj\My Documents\ePublisher Pro Projects\caArray Online Help\Output\WebWorks Help 5.0\caArray Online Help\Create &amp; Manage Experiments.5.4.html" anchor="1136437" fileposition="25" first="false" />
      </Entry>
      <Entry name="Data tab" sort="Data tab">
        <Content xmlns="urn:WebWorks-Document-Schema">
          <TextRun>
            <Text value="Data tab" />
          </TextRun>
        </Content>
        <Link href="C:\Documents and Settings\hadfielj\My Documents\ePublisher Pro Projects\caArray Online Help\Output\WebWorks Help 5.0\caArray Online Help\Submitting Data to Exp.7.2.html" anchor="1139918" fileposition="64" first="false" />
      </Entry>
      <Entry name="managing data submission" sort="managing data submission">
        <Content xmlns="urn:WebWorks-Document-Schema">
          <TextRun>
            <Text value="managing data submission" />
          </TextRun>
        </Content>
        <Link href="C:\Documents and Settings\hadfielj\My Documents\ePublisher Pro Projects\caArray Online Help\Output\WebWorks Help 5.0\caArray Online Help\Submitting Data to Exp.7.2.html" anchor="1163685" fileposition="64" first="false" />
      </Entry>
      <Entry name="Overview tab" sort="Overview tab">
        <Content xmlns="urn:WebWorks-Document-Schema">
          <TextRun>
            <Text value="Overview tab" />
          </TextRun>
        </Content>
        <Link href="C:\Documents and Settings\hadfielj\My Documents\ePublisher Pro Projects\caArray Online Help\Output\WebWorks Help 5.0\caArray Online Help\Create &amp; Manage Experiments.5.5.html" anchor="1149732" fileposition="26" first="false" />
      </Entry>
      <Entry name="Publications tab" sort="Publications tab">
        <Content xmlns="urn:WebWorks-Document-Schema">
          <TextRun>
            <Text value="Publications tab" />
          </TextRun>
        </Content>
        <Link href="C:\Documents and Settings\hadfielj\My Documents\ePublisher Pro Projects\caArray Online Help\Output\WebWorks Help 5.0\caArray Online Help\Create &amp; Manage Experiments.5.18.html" anchor="1152286" fileposition="39" first="false" />
      </Entry>
      <Entry name="status" sort="status">
        <Content xmlns="urn:WebWorks-Document-Schema">
          <TextRun>
            <Text value="status" />
          </TextRun>
        </Content>
        <Link href="C:\Documents and Settings\hadfielj\My Documents\ePublisher Pro Projects\caArray Online Help\Output\WebWorks Help 5.0\caArray Online Help\Create &amp; Manage Experiments.5.19.html" anchor="1191326" fileposition="40" first="false" />
      </Entry>
      <Entry name="submitting" sort="submitting">
        <Content xmlns="urn:WebWorks-Document-Schema">
          <TextRun>
            <Text value="submitting" />
          </TextRun>
        </Content>
        <Link href="C:\Documents and Settings\hadfielj\My Documents\ePublisher Pro Projects\caArray Online Help\Output\WebWorks Help 5.0\caArray Online Help\Create &amp; Manage Experiments.5.19.html" anchor="1191326" fileposition="40" first="false" />
      </Entry>
      <Entry name="updating" sort="updating">
        <Content xmlns="urn:WebWorks-Document-Schema">
          <TextRun>
            <Text value="updating" />
          </TextRun>
        </Content>
        <Link href="C:\Documents and Settings\hadfielj\My Documents\ePublisher Pro Projects\caArray Online Help\Output\WebWorks Help 5.0\caArray Online Help\Create &amp; Manage Experiments.5.20.html" anchor="1167599" fileposition="41" first="true" />
      </Entry>
      <Entry name="uploading data to" sort="uploading data to">
        <Content xmlns="urn:WebWorks-Document-Schema">
          <TextRun>
            <Text value="uploading data to" />
          </TextRun>
        </Content>
        <Link href="C:\Documents and Settings\hadfielj\My Documents\ePublisher Pro Projects\caArray Online Help\Output\WebWorks Help 5.0\caArray Online Help\Submitting Data to Exp.7.3.html" anchor="1143572" fileposition="65" first="false" />
      </Entry>
    </Entry>
    <Entry id="2_32" name="Experimental Factors tab" sort="Experimental Factors tab" sectionposition="2">
      <Content xmlns="urn:WebWorks-Document-Schema">
        <TextRun>
          <Text value="Experimental Factors tab" />
        </TextRun>
      </Content>
      <Link href="C:\Documents and Settings\hadfielj\My Documents\ePublisher Pro Projects\caArray Online Help\Output\WebWorks Help 5.0\caArray Online Help\Create &amp; Manage Experiments.5.9.html" anchor="1132408" fileposition="30" first="false" />
    </Entry>
    <Entry id="2_33" name="experiments, overview" sort="experiments, overview" sectionposition="2">
      <Content xmlns="urn:WebWorks-Document-Schema">
        <TextRun>
          <Text value="experiments, overview" />
        </TextRun>
      </Content>
      <Link href="C:\Documents and Settings\hadfielj\My Documents\ePublisher Pro Projects\caArray Online Help\Output\WebWorks Help 5.0\caArray Online Help\Create &amp; Manage Experiments.5.2.html" anchor="1148910" fileposition="23" first="false" />
    </Entry>
    <Entry id="2_34" name="extract" sort="extract" sectionposition="2">
      <Content xmlns="urn:WebWorks-Document-Schema">
        <TextRun>
          <Text value="extract" />
        </TextRun>
      </Content>
      <Entry name="adding new" sort="adding new">
        <Content xmlns="urn:WebWorks-Document-Schema">
          <TextRun>
            <Text value="adding new" />
          </TextRun>
        </Content>
        <Link href="C:\Documents and Settings\hadfielj\My Documents\ePublisher Pro Projects\caArray Online Help\Output\WebWorks Help 5.0\caArray Online Help\Create &amp; Manage Experiments.5.13.html" anchor="1141501" fileposition="34" first="false" />
      </Entry>
      <Entry name="description" sort="description">
        <Content xmlns="urn:WebWorks-Document-Schema">
          <TextRun>
            <Text value="description" />
          </TextRun>
        </Content>
        <Link href="C:\Documents and Settings\hadfielj\My Documents\ePublisher Pro Projects\caArray Online Help\Output\WebWorks Help 5.0\caArray Online Help\Create &amp; Manage Experiments.5.10.html" anchor="1154351" fileposition="31" first="false" />
      </Entry>
    </Entry>
    <Entry id="2_35" name="extracting" sort="extracting" sectionposition="2">
      <Content xmlns="urn:WebWorks-Document-Schema">
        <TextRun>
          <Text value="extracting" />
        </TextRun>
      </Content>
      <Entry name="caArray files" sort="caArray files">
        <Content xmlns="urn:WebWorks-Document-Schema">
          <TextRun>
            <Text value="caArray files" />
          </TextRun>
        </Content>
        <Link href="C:\Documents and Settings\hadfielj\My Documents\ePublisher Pro Projects\caArray Online Help\Output\WebWorks Help 5.0\caArray Online Help\Extracting data.8.2.html" anchor="1132728" fileposition="78" first="false" />
      </Entry>
      <Entry name="data programmatically" sort="data programmatically">
        <Content xmlns="urn:WebWorks-Document-Schema">
          <TextRun>
            <Text value="data programmatically" />
          </TextRun>
        </Content>
        <Link href="C:\Documents and Settings\hadfielj\My Documents\ePublisher Pro Projects\caArray Online Help\Output\WebWorks Help 5.0\caArray Online Help\Extracting data.8.4.html" anchor="1132676" fileposition="80" first="false" />
      </Entry>
    </Entry>
    <Entry id="2_36" name="Extracts tab" sort="Extracts tab" sectionposition="2">
      <Content xmlns="urn:WebWorks-Document-Schema">
        <TextRun>
          <Text value="Extracts tab" />
        </TextRun>
      </Content>
      <Link href="C:\Documents and Settings\hadfielj\My Documents\ePublisher Pro Projects\caArray Online Help\Output\WebWorks Help 5.0\caArray Online Help\Create &amp; Manage Experiments.5.13.html" anchor="1141501" fileposition="34" first="false" />
    </Entry>
    <Group id="2_37" name="F" sort="F" sectionposition="2" />
    <Entry id="2_38" name="file types, importable" sort="file types, importable" sectionposition="2">
      <Content xmlns="urn:WebWorks-Document-Schema">
        <TextRun>
          <Text value="file types, importable" />
        </TextRun>
      </Content>
      <Link href="C:\Documents and Settings\hadfielj\My Documents\ePublisher Pro Projects\caArray Online Help\Output\WebWorks Help 5.0\caArray Online Help\Submitting Data to Exp.7.10.html" anchor="1144166" fileposition="72" first="false" />
    </Entry>
    <Group id="2_39" name="G" sort="G" sectionposition="2" />
    <Entry id="2_40" name="Global Quick Links" sort="Global Quick Links" sectionposition="2">
      <Content xmlns="urn:WebWorks-Document-Schema">
        <TextRun>
          <Text value="Global Quick Links" />
        </TextRun>
      </Content>
      <Link href="C:\Documents and Settings\hadfielj\My Documents\ePublisher Pro Projects\caArray Online Help\Output\WebWorks Help 5.0\caArray Online Help\Getting Started caArray.3.11.html" anchor="1124248" fileposition="15" first="false" />
    </Entry>
    <Entry id="2_41" name="grid availability" sort="grid availability" sectionposition="2">
      <Content xmlns="urn:WebWorks-Document-Schema">
        <TextRun>
          <Text value="grid availability" />
        </TextRun>
      </Content>
      <Link href="C:\Documents and Settings\hadfielj\My Documents\ePublisher Pro Projects\caArray Online Help\Output\WebWorks Help 5.0\caArray Online Help\Extracting data.8.3.html" anchor="1134572" fileposition="79" first="false" />
    </Entry>
    <Entry id="2_42" name="group" sort="group" sectionposition="2">
      <Content xmlns="urn:WebWorks-Document-Schema">
        <TextRun>
          <Text value="group" />
        </TextRun>
      </Content>
      <Entry name="creating" sort="creating">
        <Content xmlns="urn:WebWorks-Document-Schema">
          <TextRun>
            <Text value="creating" />
          </TextRun>
        </Content>
        <Link href="C:\Documents and Settings\hadfielj\My Documents\ePublisher Pro Projects\caArray Online Help\Output\WebWorks Help 5.0\caArray Online Help\User Account Mgt.9.5.html" anchor="1139981" fileposition="85" first="false" />
      </Entry>
      <Entry name="viewing details page" sort="viewing details page">
        <Content xmlns="urn:WebWorks-Document-Schema">
          <TextRun>
            <Text value="viewing details page" />
          </TextRun>
        </Content>
        <Link href="C:\Documents and Settings\hadfielj\My Documents\ePublisher Pro Projects\caArray Online Help\Output\WebWorks Help 5.0\caArray Online Help\User Account Mgt.9.6.html" anchor="1077437" fileposition="86" first="true" />
      </Entry>
    </Entry>
    <Group id="2_43" name="H" sort="H" sectionposition="2" />
    <Entry id="2_44" name="help in caArray" sort="help in caArray" sectionposition="2">
      <Content xmlns="urn:WebWorks-Document-Schema">
        <TextRun>
          <Text value="help in caArray" />
        </TextRun>
      </Content>
      <Link href="C:\Documents and Settings\hadfielj\My Documents\ePublisher Pro Projects\caArray Online Help\Output\WebWorks Help 5.0\caArray Online Help\Getting Started caArray.3.8.html" anchor="1082564" fileposition="12" first="true" />
    </Entry>
    <Entry id="2_45" name="hybridization, adding new" sort="hybridization, adding new" sectionposition="2">
      <Content xmlns="urn:WebWorks-Document-Schema">
        <TextRun>
          <Text value="hybridization, adding new" />
        </TextRun>
      </Content>
      <Link href="C:\Documents and Settings\hadfielj\My Documents\ePublisher Pro Projects\caArray Online Help\Output\WebWorks Help 5.0\caArray Online Help\Create &amp; Manage Experiments.5.15.html" anchor="1190394" fileposition="36" first="false" />
    </Entry>
    <Entry id="2_46" name="Hybridizations tab" sort="Hybridizations tab" sectionposition="2">
      <Content xmlns="urn:WebWorks-Document-Schema">
        <TextRun>
          <Text value="Hybridizations tab" />
        </TextRun>
      </Content>
      <Link href="C:\Documents and Settings\hadfielj\My Documents\ePublisher Pro Projects\caArray Online Help\Output\WebWorks Help 5.0\caArray Online Help\Create &amp; Manage Experiments.5.15.html" anchor="1190394" fileposition="36" first="false" />
    </Entry>
    <Group id="2_47" name="I" sort="I" sectionposition="2" />
    <Entry id="2_48" name="importable data file types" sort="importable data file types" sectionposition="2">
      <Content xmlns="urn:WebWorks-Document-Schema">
        <TextRun>
          <Text value="importable data file types" />
        </TextRun>
      </Content>
      <Link href="C:\Documents and Settings\hadfielj\My Documents\ePublisher Pro Projects\caArray Online Help\Output\WebWorks Help 5.0\caArray Online Help\Submitting Data to Exp.7.10.html" anchor="1144166" fileposition="72" first="false" />
    </Entry>
    <Entry id="2_49" name="Importing" sort="Importing" sectionposition="2">
      <Content xmlns="urn:WebWorks-Document-Schema">
        <TextRun>
          <Text value="Importing" />
        </TextRun>
      </Content>
      <Entry name="MAGE-TAB data" sort="MAGE-TAB data">
        <Content xmlns="urn:WebWorks-Document-Schema">
          <TextRun>
            <Text value="MAGE-TAB data" />
          </TextRun>
        </Content>
        <Link href="C:\Documents and Settings\hadfielj\My Documents\ePublisher Pro Projects\caArray Online Help\Output\WebWorks Help 5.0\caArray Online Help\Submitting Data to Exp.7.13.html" anchor="1164199" fileposition="75" first="false" />
      </Entry>
    </Entry>
    <Entry id="2_50" name="importing data files" sort="importing data files" sectionposition="2">
      <Content xmlns="urn:WebWorks-Document-Schema">
        <TextRun>
          <Text value="importing data files" />
        </TextRun>
      </Content>
      <Link href="C:\Documents and Settings\hadfielj\My Documents\ePublisher Pro Projects\caArray Online Help\Output\WebWorks Help 5.0\caArray Online Help\Submitting Data to Exp.7.9.html" anchor="1154021" fileposition="71" first="false" />
    </Entry>
    <Group id="2_51" name="J" sort="J" sectionposition="2" />
    <Group id="2_52" name="K" sort="K" sectionposition="2" />
    <Group id="2_53" name="L" sort="L" sectionposition="2" />
    <Entry id="2_54" name="labeled extract" sort="labeled extract" sectionposition="2">
      <Content xmlns="urn:WebWorks-Document-Schema">
        <TextRun>
          <Text value="labeled extract" />
        </TextRun>
      </Content>
      <Entry name="adding new" sort="adding new">
        <Content xmlns="urn:WebWorks-Document-Schema">
          <TextRun>
            <Text value="adding new" />
          </TextRun>
        </Content>
        <Link href="C:\Documents and Settings\hadfielj\My Documents\ePublisher Pro Projects\caArray Online Help\Output\WebWorks Help 5.0\caArray Online Help\Create &amp; Manage Experiments.5.14.html" anchor="1151842" fileposition="35" first="false" />
      </Entry>
      <Entry name="description" sort="description">
        <Content xmlns="urn:WebWorks-Document-Schema">
          <TextRun>
            <Text value="description" />
          </TextRun>
        </Content>
        <Link href="C:\Documents and Settings\hadfielj\My Documents\ePublisher Pro Projects\caArray Online Help\Output\WebWorks Help 5.0\caArray Online Help\Create &amp; Manage Experiments.5.10.html" anchor="1150895" fileposition="31" first="false" />
      </Entry>
    </Entry>
    <Entry id="2_55" name="Labeled Extracts tab" sort="Labeled Extracts tab" sectionposition="2">
      <Content xmlns="urn:WebWorks-Document-Schema">
        <TextRun>
          <Text value="Labeled Extracts tab" />
        </TextRun>
      </Content>
      <Link href="C:\Documents and Settings\hadfielj\My Documents\ePublisher Pro Projects\caArray Online Help\Output\WebWorks Help 5.0\caArray Online Help\Create &amp; Manage Experiments.5.14.html" anchor="1151842" fileposition="35" first="false" />
    </Entry>
    <Entry id="2_56" name="launching caArray" sort="launching caArray" sectionposition="2">
      <Content xmlns="urn:WebWorks-Document-Schema">
        <TextRun>
          <Text value="launching caArray" />
        </TextRun>
      </Content>
      <Link href="C:\Documents and Settings\hadfielj\My Documents\ePublisher Pro Projects\caArray Online Help\Output\WebWorks Help 5.0\caArray Online Help\Getting Started caArray.3.2.html" anchor="1153777" fileposition="6" first="false" />
      <Link href="C:\Documents and Settings\hadfielj\My Documents\ePublisher Pro Projects\caArray Online Help\Output\WebWorks Help 5.0\caArray Online Help\Getting Started caArray.3.2.html" anchor="1102033" fileposition="6" first="false" />
    </Entry>
    <Entry id="2_57" name="login" sort="login" sectionposition="2">
      <Content xmlns="urn:WebWorks-Document-Schema">
        <TextRun>
          <Text value="login" />
        </TextRun>
      </Content>
      <Link href="C:\Documents and Settings\hadfielj\My Documents\ePublisher Pro Projects\caArray Online Help\Output\WebWorks Help 5.0\caArray Online Help\Getting Started caArray.3.6.html" anchor="1124018" fileposition="10" first="false" />
    </Entry>
    <Group id="2_58" name="M" sort="M" sectionposition="2" />
    <Entry id="2_59" name="MAGE-TAB data, importing" sort="MAGE-TAB data, importing" sectionposition="2">
      <Content xmlns="urn:WebWorks-Document-Schema">
        <TextRun>
          <Text value="MAGE-TAB data, importing" />
        </TextRun>
      </Content>
      <Link href="C:\Documents and Settings\hadfielj\My Documents\ePublisher Pro Projects\caArray Online Help\Output\WebWorks Help 5.0\caArray Online Help\Submitting Data to Exp.7.13.html" anchor="1164199" fileposition="75" first="false" />
    </Entry>
    <Entry id="2_60" name="managing" sort="managing" sectionposition="2">
      <Content xmlns="urn:WebWorks-Document-Schema">
        <TextRun>
          <Text value="managing" />
        </TextRun>
      </Content>
      <Entry name="array designs" sort="array designs">
        <Content xmlns="urn:WebWorks-Document-Schema">
          <TextRun>
            <Text value="array designs" />
          </TextRun>
        </Content>
        <Link href="C:\Documents and Settings\hadfielj\My Documents\ePublisher Pro Projects\caArray Online Help\Output\WebWorks Help 5.0\caArray Online Help\Curation Tools.6.3.html" anchor="1091472" fileposition="49" first="false" />
      </Entry>
      <Entry name="controlled vocabulary terms" sort="controlled vocabulary terms">
        <Content xmlns="urn:WebWorks-Document-Schema">
          <TextRun>
            <Text value="controlled vocabulary terms" />
          </TextRun>
        </Content>
        <Link href="C:\Documents and Settings\hadfielj\My Documents\ePublisher Pro Projects\caArray Online Help\Output\WebWorks Help 5.0\caArray Online Help\Create &amp; Manage Experiments.5.12.html" anchor="1168814" fileposition="33" first="true" />
      </Entry>
      <Entry name="data" sort="data">
        <Content xmlns="urn:WebWorks-Document-Schema">
          <TextRun>
            <Text value="data" />
          </TextRun>
        </Content>
        <Link href="C:\Documents and Settings\hadfielj\My Documents\ePublisher Pro Projects\caArray Online Help\Output\WebWorks Help 5.0\caArray Online Help\Submitting Data to Exp.7.2.html" anchor="1163685" fileposition="64" first="false" />
      </Entry>
      <Entry name="user accounts" sort="user accounts">
        <Content xmlns="urn:WebWorks-Document-Schema">
          <TextRun>
            <Text value="user accounts" />
          </TextRun>
        </Content>
        <Link href="C:\Documents and Settings\hadfielj\My Documents\ePublisher Pro Projects\caArray Online Help\Output\WebWorks Help 5.0\caArray Online Help\User Account Mgt.9.3.html" anchor="1125506" fileposition="83" first="false" />
      </Entry>
      <Entry name="user groups" sort="user groups">
        <Content xmlns="urn:WebWorks-Document-Schema">
          <TextRun>
            <Text value="user groups" />
          </TextRun>
        </Content>
        <Link href="C:\Documents and Settings\hadfielj\My Documents\ePublisher Pro Projects\caArray Online Help\Output\WebWorks Help 5.0\caArray Online Help\User Account Mgt.9.4.html" anchor="1138506" fileposition="84" first="false" />
      </Entry>
      <Entry name="vocabulary terms" sort="vocabulary terms">
        <Content xmlns="urn:WebWorks-Document-Schema">
          <TextRun>
            <Text value="vocabulary terms" />
          </TextRun>
        </Content>
        <Link href="C:\Documents and Settings\hadfielj\My Documents\ePublisher Pro Projects\caArray Online Help\Output\WebWorks Help 5.0\caArray Online Help\Curation Tools.6.13.html" anchor="1091975" fileposition="59" first="false" />
      </Entry>
    </Entry>
    <Entry id="2_61" name="My Experiment Workspace" sort="My Experiment Workspace" sectionposition="2">
      <Content xmlns="urn:WebWorks-Document-Schema">
        <TextRun>
          <Text value="My Experiment Workspace" />
        </TextRun>
      </Content>
      <Link href="C:\Documents and Settings\hadfielj\My Documents\ePublisher Pro Projects\caArray Online Help\Output\WebWorks Help 5.0\caArray Online Help\Getting Started caArray.3.13.html" anchor="1132747" fileposition="17" first="false" />
    </Entry>
    <Group id="2_62" name="N" sort="N" sectionposition="2" />
    <Entry id="2_63" name="NCICB Application Support" sort="NCICB Application Support" sectionposition="2">
      <Content xmlns="urn:WebWorks-Document-Schema">
        <TextRun>
          <Text value="NCICB Application Support" />
        </TextRun>
      </Content>
      <Link href="C:\Documents and Settings\hadfielj\My Documents\ePublisher Pro Projects\caArray Online Help\Output\WebWorks Help 5.0\caArray Online Help\Getting Started caArray.3.12.html" anchor="1141142" fileposition="16" first="false" />
      <Link href="C:\Documents and Settings\hadfielj\My Documents\ePublisher Pro Projects\caArray Online Help\Output\WebWorks Help 5.0\caArray Online Help\Application Support.11.1.html" anchor="1083452" fileposition="89" first="false" />
    </Entry>
    <Group id="2_64" name="O" sort="O" sectionposition="2" />
    <Entry id="2_65" name="online help" sort="online help" sectionposition="2">
      <Content xmlns="urn:WebWorks-Document-Schema">
        <TextRun>
          <Text value="online help" />
        </TextRun>
      </Content>
      <Entry name="icons" sort="icons">
        <Content xmlns="urn:WebWorks-Document-Schema">
          <TextRun>
            <Text value="icons" />
          </TextRun>
        </Content>
        <Link href="C:\Documents and Settings\hadfielj\My Documents\ePublisher Pro Projects\caArray Online Help\Output\WebWorks Help 5.0\caArray Online Help\Getting Started caArray.3.8.html" anchor="1082564" fileposition="12" first="true" />
      </Entry>
      <Entry name="using" sort="using">
        <Content xmlns="urn:WebWorks-Document-Schema">
          <TextRun>
            <Text value="using" />
          </TextRun>
        </Content>
        <Link href="C:\Documents and Settings\hadfielj\My Documents\ePublisher Pro Projects\caArray Online Help\Output\WebWorks Help 5.0\caArray Online Help\Getting Started caArray.3.8.html" anchor="1082564" fileposition="12" first="true" />
      </Entry>
    </Entry>
    <Entry id="2_66" name="Overview tab" sort="Overview tab" sectionposition="2">
      <Content xmlns="urn:WebWorks-Document-Schema">
        <TextRun>
          <Text value="Overview tab" />
        </TextRun>
      </Content>
      <Link href="C:\Documents and Settings\hadfielj\My Documents\ePublisher Pro Projects\caArray Online Help\Output\WebWorks Help 5.0\caArray Online Help\Create &amp; Manage Experiments.5.5.html" anchor="1149732" fileposition="26" first="false" />
    </Entry>
    <Group id="2_67" name="P" sort="P" sectionposition="2" />
    <Entry id="2_68" name="protocol" sort="protocol" sectionposition="2">
      <Content xmlns="urn:WebWorks-Document-Schema">
        <TextRun>
          <Text value="protocol" />
        </TextRun>
      </Content>
      <Entry name="creating" sort="creating">
        <Content xmlns="urn:WebWorks-Document-Schema">
          <TextRun>
            <Text value="creating" />
          </TextRun>
        </Content>
        <Link href="C:\Documents and Settings\hadfielj\My Documents\ePublisher Pro Projects\caArray Online Help\Output\WebWorks Help 5.0\caArray Online Help\Create &amp; Manage Experiments.5.12.html" anchor="1186123" fileposition="33" first="false" />
        <Link href="C:\Documents and Settings\hadfielj\My Documents\ePublisher Pro Projects\caArray Online Help\Output\WebWorks Help 5.0\caArray Online Help\Create &amp; Manage Experiments.5.13.html" anchor="1186452" fileposition="34" first="false" />
        <Link href="C:\Documents and Settings\hadfielj\My Documents\ePublisher Pro Projects\caArray Online Help\Output\WebWorks Help 5.0\caArray Online Help\Create &amp; Manage Experiments.5.14.html" anchor="1186678" fileposition="35" first="false" />
        <Link href="C:\Documents and Settings\hadfielj\My Documents\ePublisher Pro Projects\caArray Online Help\Output\WebWorks Help 5.0\caArray Online Help\Create &amp; Manage Experiments.5.15.html" anchor="1219653" fileposition="36" first="false" />
        <Link href="C:\Documents and Settings\hadfielj\My Documents\ePublisher Pro Projects\caArray Online Help\Output\WebWorks Help 5.0\caArray Online Help\Curation Tools.6.10.html" anchor="1091828" fileposition="56" first="false" />
      </Entry>
      <Entry name="editing" sort="editing">
        <Content xmlns="urn:WebWorks-Document-Schema">
          <TextRun>
            <Text value="editing" />
          </TextRun>
        </Content>
        <Link href="C:\Documents and Settings\hadfielj\My Documents\ePublisher Pro Projects\caArray Online Help\Output\WebWorks Help 5.0\caArray Online Help\Curation Tools.6.11.html" anchor="1091902" fileposition="57" first="false" />
      </Entry>
    </Entry>
    <Entry id="2_69" name="protocol types" sort="protocol types" sectionposition="2">
      <Content xmlns="urn:WebWorks-Document-Schema">
        <TextRun>
          <Text value="protocol types" />
        </TextRun>
      </Content>
      <Entry name="editing" sort="editing">
        <Content xmlns="urn:WebWorks-Document-Schema">
          <TextRun>
            <Text value="editing" />
          </TextRun>
        </Content>
        <Link href="C:\Documents and Settings\hadfielj\My Documents\ePublisher Pro Projects\caArray Online Help\Output\WebWorks Help 5.0\caArray Online Help\Curation Tools.6.12.html" anchor="1091938" fileposition="58" first="true" />
      </Entry>
      <Entry name="viewing" sort="viewing">
        <Content xmlns="urn:WebWorks-Document-Schema">
          <TextRun>
            <Text value="viewing" />
          </TextRun>
        </Content>
        <Link href="C:\Documents and Settings\hadfielj\My Documents\ePublisher Pro Projects\caArray Online Help\Output\WebWorks Help 5.0\caArray Online Help\Curation Tools.6.9.html" anchor="1091766" fileposition="55" first="false" />
      </Entry>
    </Entry>
    <Entry id="2_70" name="protocols" sort="protocols" sectionposition="2">
      <Content xmlns="urn:WebWorks-Document-Schema">
        <TextRun>
          <Text value="protocols" />
        </TextRun>
      </Content>
      <Entry name="description" sort="description">
        <Content xmlns="urn:WebWorks-Document-Schema">
          <TextRun>
            <Text value="description" />
          </TextRun>
        </Content>
        <Link href="C:\Documents and Settings\hadfielj\My Documents\ePublisher Pro Projects\caArray Online Help\Output\WebWorks Help 5.0\caArray Online Help\Curation Tools.6.7.html" anchor="1091664" fileposition="53" first="false" />
      </Entry>
      <Entry name="viewing" sort="viewing">
        <Content xmlns="urn:WebWorks-Document-Schema">
          <TextRun>
            <Text value="viewing" />
          </TextRun>
        </Content>
        <Link href="C:\Documents and Settings\hadfielj\My Documents\ePublisher Pro Projects\caArray Online Help\Output\WebWorks Help 5.0\caArray Online Help\Curation Tools.6.8.html" anchor="1091690" fileposition="54" first="false" />
      </Entry>
    </Entry>
    <Entry id="2_71" name="publication, adding" sort="publication, adding" sectionposition="2">
      <Content xmlns="urn:WebWorks-Document-Schema">
        <TextRun>
          <Text value="publication, adding" />
        </TextRun>
      </Content>
      <Link href="C:\Documents and Settings\hadfielj\My Documents\ePublisher Pro Projects\caArray Online Help\Output\WebWorks Help 5.0\caArray Online Help\Create &amp; Manage Experiments.5.18.html" anchor="1152286" fileposition="39" first="false" />
    </Entry>
    <Entry id="2_72" name="Publications tab" sort="Publications tab" sectionposition="2">
      <Content xmlns="urn:WebWorks-Document-Schema">
        <TextRun>
          <Text value="Publications tab" />
        </TextRun>
      </Content>
      <Link href="C:\Documents and Settings\hadfielj\My Documents\ePublisher Pro Projects\caArray Online Help\Output\WebWorks Help 5.0\caArray Online Help\Create &amp; Manage Experiments.5.18.html" anchor="1152286" fileposition="39" first="false" />
    </Entry>
    <Group id="2_73" name="Q" sort="Q" sectionposition="2" />
    <Group id="2_74" name="R" sort="R" sectionposition="2" />
    <Entry id="2_75" name="registering new user" sort="registering new user" sectionposition="2">
      <Content xmlns="urn:WebWorks-Document-Schema">
        <TextRun>
          <Text value="registering new user" />
        </TextRun>
      </Content>
      <Link href="C:\Documents and Settings\hadfielj\My Documents\ePublisher Pro Projects\caArray Online Help\Output\WebWorks Help 5.0\caArray Online Help\Getting Started caArray.3.7.html" anchor="1127125" fileposition="11" first="false" />
    </Entry>
    <Group id="2_76" name="S" sort="S" sectionposition="2" />
    <Entry id="2_77" name="sample" sort="sample" sectionposition="2">
      <Content xmlns="urn:WebWorks-Document-Schema">
        <TextRun>
          <Text value="sample" />
        </TextRun>
      </Content>
      <Entry name="adding new" sort="adding new">
        <Content xmlns="urn:WebWorks-Document-Schema">
          <TextRun>
            <Text value="adding new" />
          </TextRun>
        </Content>
        <Link href="C:\Documents and Settings\hadfielj\My Documents\ePublisher Pro Projects\caArray Online Help\Output\WebWorks Help 5.0\caArray Online Help\Create &amp; Manage Experiments.5.12.html" anchor="1141248" fileposition="33" first="false" />
      </Entry>
      <Entry name="description" sort="description">
        <Content xmlns="urn:WebWorks-Document-Schema">
          <TextRun>
            <Text value="description" />
          </TextRun>
        </Content>
        <Link href="C:\Documents and Settings\hadfielj\My Documents\ePublisher Pro Projects\caArray Online Help\Output\WebWorks Help 5.0\caArray Online Help\Create &amp; Manage Experiments.5.10.html" anchor="1154349" fileposition="31" first="false" />
      </Entry>
    </Entry>
    <Entry id="2_78" name="Samples tab" sort="Samples tab" sectionposition="2">
      <Content xmlns="urn:WebWorks-Document-Schema">
        <TextRun>
          <Text value="Samples tab" />
        </TextRun>
      </Content>
      <Link href="C:\Documents and Settings\hadfielj\My Documents\ePublisher Pro Projects\caArray Online Help\Output\WebWorks Help 5.0\caArray Online Help\Create &amp; Manage Experiments.5.12.html" anchor="1141248" fileposition="33" first="false" />
    </Entry>
    <Entry id="2_79" name="search results" sort="search results" sectionposition="2">
      <Content xmlns="urn:WebWorks-Document-Schema">
        <TextRun>
          <Text value="search results" />
        </TextRun>
      </Content>
      <Link href="C:\Documents and Settings\hadfielj\My Documents\ePublisher Pro Projects\caArray Online Help\Output\WebWorks Help 5.0\caArray Online Help\Searching caArray.4.4.html" anchor="1143038" fileposition="21" first="false" />
    </Entry>
    <Entry id="2_80" name="searching" sort="searching" sectionposition="2">
      <Content xmlns="urn:WebWorks-Document-Schema">
        <TextRun>
          <Text value="searching" />
        </TextRun>
      </Content>
      <Entry name="caArray repository" sort="caArray repository">
        <Content xmlns="urn:WebWorks-Document-Schema">
          <TextRun>
            <Text value="caArray repository" />
          </TextRun>
        </Content>
        <Link href="C:\Documents and Settings\hadfielj\My Documents\ePublisher Pro Projects\caArray Online Help\Output\WebWorks Help 5.0\caArray Online Help\Searching caArray.4.3.html" anchor="1137686" fileposition="20" first="false" />
      </Entry>
      <Entry name="from caArray login screen" sort="from caArray login screen">
        <Content xmlns="urn:WebWorks-Document-Schema">
          <TextRun>
            <Text value="from caArray login screen" />
          </TextRun>
        </Content>
        <Link href="C:\Documents and Settings\hadfielj\My Documents\ePublisher Pro Projects\caArray Online Help\Output\WebWorks Help 5.0\caArray Online Help\Getting Started caArray.3.4.html" anchor="1188386" fileposition="8" first="false" />
      </Entry>
    </Entry>
    <Entry id="2_81" name="source" sort="source" sectionposition="2">
      <Content xmlns="urn:WebWorks-Document-Schema">
        <TextRun>
          <Text value="source" />
        </TextRun>
      </Content>
      <Entry name="adding new" sort="adding new">
        <Content xmlns="urn:WebWorks-Document-Schema">
          <TextRun>
            <Text value="adding new" />
          </TextRun>
        </Content>
        <Link href="C:\Documents and Settings\hadfielj\My Documents\ePublisher Pro Projects\caArray Online Help\Output\WebWorks Help 5.0\caArray Online Help\Create &amp; Manage Experiments.5.11.html" anchor="1150568" fileposition="32" first="false" />
      </Entry>
      <Entry name="description" sort="description">
        <Content xmlns="urn:WebWorks-Document-Schema">
          <TextRun>
            <Text value="description" />
          </TextRun>
        </Content>
        <Link href="C:\Documents and Settings\hadfielj\My Documents\ePublisher Pro Projects\caArray Online Help\Output\WebWorks Help 5.0\caArray Online Help\Create &amp; Manage Experiments.5.10.html" anchor="1154426" fileposition="31" first="false" />
      </Entry>
    </Entry>
    <Entry id="2_82" name="source materials" sort="source materials" sectionposition="2">
      <Content xmlns="urn:WebWorks-Document-Schema">
        <TextRun>
          <Text value="source materials" />
        </TextRun>
      </Content>
      <Entry name="annotations for" sort="annotations for">
        <Content xmlns="urn:WebWorks-Document-Schema">
          <TextRun>
            <Text value="annotations for" />
          </TextRun>
        </Content>
        <Link href="C:\Documents and Settings\hadfielj\My Documents\ePublisher Pro Projects\caArray Online Help\Output\WebWorks Help 5.0\caArray Online Help\Create &amp; Manage Experiments.5.10.html" anchor="1150878" fileposition="31" first="false" />
      </Entry>
      <Entry name="characteristics" sort="characteristics">
        <Content xmlns="urn:WebWorks-Document-Schema">
          <TextRun>
            <Text value="characteristics" />
          </TextRun>
        </Content>
        <Link href="C:\Documents and Settings\hadfielj\My Documents\ePublisher Pro Projects\caArray Online Help\Output\WebWorks Help 5.0\caArray Online Help\Create &amp; Manage Experiments.5.10.html" anchor="1150878" fileposition="31" first="false" />
      </Entry>
      <Entry name="definition" sort="definition">
        <Content xmlns="urn:WebWorks-Document-Schema">
          <TextRun>
            <Text value="definition" />
          </TextRun>
        </Content>
        <Link href="C:\Documents and Settings\hadfielj\My Documents\ePublisher Pro Projects\caArray Online Help\Output\WebWorks Help 5.0\caArray Online Help\Create &amp; Manage Experiments.5.10.html" anchor="1150878" fileposition="31" first="false" />
      </Entry>
    </Entry>
    <Entry id="2_83" name="Sources tab" sort="Sources tab" sectionposition="2">
      <Content xmlns="urn:WebWorks-Document-Schema">
        <TextRun>
          <Text value="Sources tab" />
        </TextRun>
      </Content>
      <Link href="C:\Documents and Settings\hadfielj\My Documents\ePublisher Pro Projects\caArray Online Help\Output\WebWorks Help 5.0\caArray Online Help\Create &amp; Manage Experiments.5.10.html" anchor="1154426" fileposition="31" first="false" />
      <Link href="C:\Documents and Settings\hadfielj\My Documents\ePublisher Pro Projects\caArray Online Help\Output\WebWorks Help 5.0\caArray Online Help\Create &amp; Manage Experiments.5.11.html" anchor="1150568" fileposition="32" first="false" />
    </Entry>
    <Entry id="2_84" name="status of experiment" sort="status of experiment" sectionposition="2">
      <Content xmlns="urn:WebWorks-Document-Schema">
        <TextRun>
          <Text value="status of experiment" />
        </TextRun>
      </Content>
      <Link href="C:\Documents and Settings\hadfielj\My Documents\ePublisher Pro Projects\caArray Online Help\Output\WebWorks Help 5.0\caArray Online Help\Create &amp; Manage Experiments.5.19.html" anchor="1191326" fileposition="40" first="false" />
    </Entry>
    <Entry id="2_85" name="submitted status, visibility in" sort="submitted status, visibility in" sectionposition="2">
      <Content xmlns="urn:WebWorks-Document-Schema">
        <TextRun>
          <Text value="submitted status, visibility in" />
        </TextRun>
      </Content>
      <Link href="C:\Documents and Settings\hadfielj\My Documents\ePublisher Pro Projects\caArray Online Help\Output\WebWorks Help 5.0\caArray Online Help\Create &amp; Manage Experiments.5.24.html" anchor="1188308" fileposition="45" first="false" />
    </Entry>
    <Entry id="2_86" name="submitting experiment" sort="submitting experiment" sectionposition="2">
      <Content xmlns="urn:WebWorks-Document-Schema">
        <TextRun>
          <Text value="submitting experiment" />
        </TextRun>
      </Content>
      <Link href="C:\Documents and Settings\hadfielj\My Documents\ePublisher Pro Projects\caArray Online Help\Output\WebWorks Help 5.0\caArray Online Help\Create &amp; Manage Experiments.5.19.html" anchor="1191326" fileposition="40" first="false" />
    </Entry>
    <Entry id="2_87" name="supplemental fles" sort="supplemental fles" sectionposition="2">
      <Content xmlns="urn:WebWorks-Document-Schema">
        <TextRun>
          <Text value="supplemental fles" />
        </TextRun>
      </Content>
      <Link href="C:\Documents and Settings\hadfielj\My Documents\ePublisher Pro Projects\caArray Online Help\Output\WebWorks Help 5.0\caArray Online Help\Submitting Data to Exp.7.12.html" anchor="1140756" fileposition="74" first="false" />
    </Entry>
    <Group id="2_88" name="T" sort="T" sectionposition="2" />
    <Entry id="2_89" name="Technical Support" sort="Technical Support" sectionposition="2">
      <Content xmlns="urn:WebWorks-Document-Schema">
        <TextRun>
          <Text value="Technical Support" />
        </TextRun>
      </Content>
      <Link href="C:\Documents and Settings\hadfielj\My Documents\ePublisher Pro Projects\caArray Online Help\Output\WebWorks Help 5.0\caArray Online Help\Getting Started caArray.3.12.html" anchor="1141142" fileposition="16" first="false" />
    </Entry>
    <Group id="2_90" name="U" sort="U" sectionposition="2" />
    <Entry id="2_91" name="uploading data to experiment" sort="uploading data to experiment" sectionposition="2">
      <Content xmlns="urn:WebWorks-Document-Schema">
        <TextRun>
          <Text value="uploading data to experiment" />
        </TextRun>
      </Content>
      <Link href="C:\Documents and Settings\hadfielj\My Documents\ePublisher Pro Projects\caArray Online Help\Output\WebWorks Help 5.0\caArray Online Help\Submitting Data to Exp.7.3.html" anchor="1143572" fileposition="65" first="false" />
    </Entry>
    <Entry id="2_92" name="user account, login" sort="user account, login" sectionposition="2">
      <Content xmlns="urn:WebWorks-Document-Schema">
        <TextRun>
          <Text value="user account, login" />
        </TextRun>
      </Content>
      <Link href="C:\Documents and Settings\hadfielj\My Documents\ePublisher Pro Projects\caArray Online Help\Output\WebWorks Help 5.0\caArray Online Help\Getting Started caArray.3.6.html" anchor="1124018" fileposition="10" first="false" />
    </Entry>
    <Entry id="2_93" name="user account, new" sort="user account, new" sectionposition="2">
      <Content xmlns="urn:WebWorks-Document-Schema">
        <TextRun>
          <Text value="user account, new" />
        </TextRun>
      </Content>
      <Link href="C:\Documents and Settings\hadfielj\My Documents\ePublisher Pro Projects\caArray Online Help\Output\WebWorks Help 5.0\caArray Online Help\User Account Mgt.9.3.html" anchor="1125506" fileposition="83" first="false" />
    </Entry>
    <Entry id="2_94" name="user groups" sort="user groups" sectionposition="2">
      <Content xmlns="urn:WebWorks-Document-Schema">
        <TextRun>
          <Text value="user groups" />
        </TextRun>
      </Content>
      <Entry name="editing" sort="editing">
        <Content xmlns="urn:WebWorks-Document-Schema">
          <TextRun>
            <Text value="editing" />
          </TextRun>
        </Content>
        <Link href="C:\Documents and Settings\hadfielj\My Documents\ePublisher Pro Projects\caArray Online Help\Output\WebWorks Help 5.0\caArray Online Help\User Account Mgt.9.7.html" anchor="1087125" fileposition="87" first="true" />
      </Entry>
      <Entry name="managing" sort="managing">
        <Content xmlns="urn:WebWorks-Document-Schema">
          <TextRun>
            <Text value="managing" />
          </TextRun>
        </Content>
        <Link href="C:\Documents and Settings\hadfielj\My Documents\ePublisher Pro Projects\caArray Online Help\Output\WebWorks Help 5.0\caArray Online Help\User Account Mgt.9.4.html" anchor="1138506" fileposition="84" first="false" />
      </Entry>
    </Entry>
    <Group id="2_95" name="V" sort="V" sectionposition="2" />
    <Entry id="2_96" name="validating data file" sort="validating data file" sectionposition="2">
      <Content xmlns="urn:WebWorks-Document-Schema">
        <TextRun>
          <Text value="validating data file" />
        </TextRun>
      </Content>
      <Link href="C:\Documents and Settings\hadfielj\My Documents\ePublisher Pro Projects\caArray Online Help\Output\WebWorks Help 5.0\caArray Online Help\Submitting Data to Exp.7.6.html" anchor="1136552" fileposition="68" first="false" />
    </Entry>
    <Entry id="2_97" name="validation errors" sort="validation errors" sectionposition="2">
      <Content xmlns="urn:WebWorks-Document-Schema">
        <TextRun>
          <Text value="validation errors" />
        </TextRun>
      </Content>
      <Link href="C:\Documents and Settings\hadfielj\My Documents\ePublisher Pro Projects\caArray Online Help\Output\WebWorks Help 5.0\caArray Online Help\Submitting Data to Exp.7.8.html" anchor="1141256" fileposition="70" first="false" />
    </Entry>
    <Entry id="2_98" name="viewing" sort="viewing" sectionposition="2">
      <Content xmlns="urn:WebWorks-Document-Schema">
        <TextRun>
          <Text value="viewing" />
        </TextRun>
      </Content>
      <Entry name="array designs" sort="array designs">
        <Content xmlns="urn:WebWorks-Document-Schema">
          <TextRun>
            <Text value="array designs" />
          </TextRun>
        </Content>
        <Link href="C:\Documents and Settings\hadfielj\My Documents\ePublisher Pro Projects\caArray Online Help\Output\WebWorks Help 5.0\caArray Online Help\Curation Tools.6.4.html" anchor="1091490" fileposition="50" first="false" />
      </Entry>
      <Entry name="collaboration group details" sort="collaboration group details">
        <Content xmlns="urn:WebWorks-Document-Schema">
          <TextRun>
            <Text value="collaboration group details" />
          </TextRun>
        </Content>
        <Link href="C:\Documents and Settings\hadfielj\My Documents\ePublisher Pro Projects\caArray Online Help\Output\WebWorks Help 5.0\caArray Online Help\User Account Mgt.9.6.html" anchor="1077437" fileposition="86" first="true" />
      </Entry>
      <Entry name="protocol types" sort="protocol types">
        <Content xmlns="urn:WebWorks-Document-Schema">
          <TextRun>
            <Text value="protocol types" />
          </TextRun>
        </Content>
        <Link href="C:\Documents and Settings\hadfielj\My Documents\ePublisher Pro Projects\caArray Online Help\Output\WebWorks Help 5.0\caArray Online Help\Curation Tools.6.9.html" anchor="1091766" fileposition="55" first="false" />
      </Entry>
      <Entry name="protocols" sort="protocols">
        <Content xmlns="urn:WebWorks-Document-Schema">
          <TextRun>
            <Text value="protocols" />
          </TextRun>
        </Content>
        <Link href="C:\Documents and Settings\hadfielj\My Documents\ePublisher Pro Projects\caArray Online Help\Output\WebWorks Help 5.0\caArray Online Help\Curation Tools.6.8.html" anchor="1091690" fileposition="54" first="false" />
      </Entry>
      <Entry name="vocabulary" sort="vocabulary">
        <Content xmlns="urn:WebWorks-Document-Schema">
          <TextRun>
            <Text value="vocabulary" />
          </TextRun>
        </Content>
        <Link href="C:\Documents and Settings\hadfielj\My Documents\ePublisher Pro Projects\caArray Online Help\Output\WebWorks Help 5.0\caArray Online Help\Curation Tools.6.14.html" anchor="1099725" fileposition="60" first="false" />
      </Entry>
    </Entry>
    <Entry id="2_99" name="visibility" sort="visibility" sectionposition="2">
      <Content xmlns="urn:WebWorks-Document-Schema">
        <TextRun>
          <Text value="visibility" />
        </TextRun>
      </Content>
      <Entry name="collaboration groups, setting" sort="collaboration groups, setting">
        <Content xmlns="urn:WebWorks-Document-Schema">
          <TextRun>
            <Text value="collaboration groups, setting" />
          </TextRun>
        </Content>
        <Link href="C:\Documents and Settings\hadfielj\My Documents\ePublisher Pro Projects\caArray Online Help\Output\WebWorks Help 5.0\caArray Online Help\Create &amp; Manage Experiments.5.25.html" anchor="1188588" fileposition="46" first="false" />
      </Entry>
      <Entry name="Experiment in draft status" sort="Experiment in draft status">
        <Content xmlns="urn:WebWorks-Document-Schema">
          <TextRun>
            <Text value="Experiment in draft status" />
          </TextRun>
        </Content>
        <Link href="C:\Documents and Settings\hadfielj\My Documents\ePublisher Pro Projects\caArray Online Help\Output\WebWorks Help 5.0\caArray Online Help\Create &amp; Manage Experiments.5.24.html" anchor="1188277" fileposition="45" first="false" />
      </Entry>
      <Entry name="Experiment in submitted status" sort="Experiment in submitted status">
        <Content xmlns="urn:WebWorks-Document-Schema">
          <TextRun>
            <Text value="Experiment in submitted status" />
          </TextRun>
        </Content>
        <Link href="C:\Documents and Settings\hadfielj\My Documents\ePublisher Pro Projects\caArray Online Help\Output\WebWorks Help 5.0\caArray Online Help\Create &amp; Manage Experiments.5.24.html" anchor="1188308" fileposition="45" first="false" />
      </Entry>
    </Entry>
    <Entry id="2_100" name="vocabulary" sort="vocabulary" sectionposition="2">
      <Content xmlns="urn:WebWorks-Document-Schema">
        <TextRun>
          <Text value="vocabulary" />
        </TextRun>
      </Content>
      <Entry name="viewing" sort="viewing">
        <Content xmlns="urn:WebWorks-Document-Schema">
          <TextRun>
            <Text value="viewing" />
          </TextRun>
        </Content>
        <Link href="C:\Documents and Settings\hadfielj\My Documents\ePublisher Pro Projects\caArray Online Help\Output\WebWorks Help 5.0\caArray Online Help\Curation Tools.6.14.html" anchor="1099725" fileposition="60" first="false" />
      </Entry>
    </Entry>
    <Entry id="2_101" name="vocabulary term" sort="vocabulary term" sectionposition="2">
      <Content xmlns="urn:WebWorks-Document-Schema">
        <TextRun>
          <Text value="vocabulary term" />
        </TextRun>
      </Content>
      <Entry name="adding" sort="adding">
        <Content xmlns="urn:WebWorks-Document-Schema">
          <TextRun>
            <Text value="adding" />
          </TextRun>
        </Content>
        <Link href="C:\Documents and Settings\hadfielj\My Documents\ePublisher Pro Projects\caArray Online Help\Output\WebWorks Help 5.0\caArray Online Help\Create &amp; Manage Experiments.5.16.html" anchor="1215651" fileposition="37" first="false" />
        <Link href="C:\Documents and Settings\hadfielj\My Documents\ePublisher Pro Projects\caArray Online Help\Output\WebWorks Help 5.0\caArray Online Help\Curation Tools.6.15.html" anchor="1100496" fileposition="61" first="false" />
      </Entry>
      <Entry name="editing" sort="editing">
        <Content xmlns="urn:WebWorks-Document-Schema">
          <TextRun>
            <Text value="editing" />
          </TextRun>
        </Content>
        <Link href="C:\Documents and Settings\hadfielj\My Documents\ePublisher Pro Projects\caArray Online Help\Output\WebWorks Help 5.0\caArray Online Help\Curation Tools.6.16.html" anchor="1100327" fileposition="62" first="false" />
      </Entry>
    </Entry>
    <Entry id="2_102" name="vocabulary terms" sort="vocabulary terms" sectionposition="2">
      <Content xmlns="urn:WebWorks-Document-Schema">
        <TextRun>
          <Text value="vocabulary terms" />
        </TextRun>
      </Content>
      <Entry name="adding" sort="adding">
        <Content xmlns="urn:WebWorks-Document-Schema">
          <TextRun>
            <Text value="adding" />
          </TextRun>
        </Content>
        <Link href="C:\Documents and Settings\hadfielj\My Documents\ePublisher Pro Projects\caArray Online Help\Output\WebWorks Help 5.0\caArray Online Help\Create &amp; Manage Experiments.5.16.html" anchor="1208160" fileposition="37" first="false" />
      </Entry>
    </Entry>
    <Entry id="2_103" name="vocabulary terms, managing" sort="vocabulary terms, managing" sectionposition="2">
      <Content xmlns="urn:WebWorks-Document-Schema">
        <TextRun>
          <Text value="vocabulary terms, managing" />
        </TextRun>
      </Content>
      <Link href="C:\Documents and Settings\hadfielj\My Documents\ePublisher Pro Projects\caArray Online Help\Output\WebWorks Help 5.0\caArray Online Help\Curation Tools.6.13.html" anchor="1091975" fileposition="59" first="false" />
    </Entry>
    <Group id="2_104" name="W" sort="W" sectionposition="2" />
    <Group id="2_105" name="X" sort="X" sectionposition="2" />
    <Group id="2_106" name="Y" sort="Y" sectionposition="2" />
    <Group id="2_107" name="Z" sort="Z" sectionposition="2" />
  </Section>
</Index>