<?xml version="1.0" encoding="utf-8"?>
<Splits version="1.0" xmlns="urn:WebWorks-Engine-Splits-Schema">
  <Split groupID="5113D514563F1DB" documentID="664982D1F764D57B" id="1052621" position="1" documentstartposition="1" documentendposition="15" title="Welcome to caArray 2.0" path="C:\Documents and Settings\hadfielj\My Documents\ePublisher Pro Projects\caArray Online Help\Output\WebWorks Help 5.0\caArray Online Help\Welcome to caArray.1.1.html" stylename="" />
  <Split groupID="5113D514563F1DB" documentID="B1EA97CFCB2C36E6" id="1052621" position="1" documentstartposition="3" documentendposition="7" title="About caArray" path="C:\Documents and Settings\hadfielj\My Documents\ePublisher Pro Projects\caArray Online Help\Output\WebWorks Help 5.0\caArray Online Help\About caArray.2.1.html" stylename="" />
  <Split groupID="5113D514563F1DB" documentID="B1EA97CFCB2C36E6" id="1064573" position="2" documentstartposition="8" documentendposition="18" title="caArray Overview" path="C:\Documents and Settings\hadfielj\My Documents\ePublisher Pro Projects\caArray Online Help\Output\WebWorks Help 5.0\caArray Online Help\About caArray.2.2.html" stylename="" />
  <Split groupID="5113D514563F1DB" documentID="B1EA97CFCB2C36E6" id="1086789" position="3" documentstartposition="19" documentendposition="25" title="Relationship of caArray to caBIG™" path="C:\Documents and Settings\hadfielj\My Documents\ePublisher Pro Projects\caArray Online Help\Output\WebWorks Help 5.0\caArray Online Help\About caArray.2.3.html" stylename="" />
  <Split groupID="5113D514563F1DB" documentID="87DC185FF854A24" id="1052621" position="1" documentstartposition="3" documentendposition="9" title="Getting Started in caArray" path="C:\Documents and Settings\hadfielj\My Documents\ePublisher Pro Projects\caArray Online Help\Output\WebWorks Help 5.0\caArray Online Help\Getting Started caArray.3.1.html" stylename="" />
  <Split groupID="5113D514563F1DB" documentID="87DC185FF854A24" id="1070162" position="2" documentstartposition="10" documentendposition="18" title="caArray Fundamentals" path="C:\Documents and Settings\hadfielj\My Documents\ePublisher Pro Projects\caArray Online Help\Output\WebWorks Help 5.0\caArray Online Help\Getting Started caArray.3.2.html" stylename="" />
  <Split groupID="5113D514563F1DB" documentID="87DC185FF854A24" id="1124686" position="3" documentstartposition="19" documentendposition="21" title="Browsing and Searching caArray" path="C:\Documents and Settings\hadfielj\My Documents\ePublisher Pro Projects\caArray Online Help\Output\WebWorks Help 5.0\caArray Online Help\Getting Started caArray.3.3.html" stylename="" />
  <Split groupID="5113D514563F1DB" documentID="87DC185FF854A24" id="1153818" position="4" documentstartposition="22" documentendposition="32" title="Browsing and Searching Before Login" path="C:\Documents and Settings\hadfielj\My Documents\ePublisher Pro Projects\caArray Online Help\Output\WebWorks Help 5.0\caArray Online Help\Getting Started caArray.3.4.html" stylename="" />
  <Split groupID="5113D514563F1DB" documentID="87DC185FF854A24" id="1139937" position="5" documentstartposition="33" documentendposition="39" title="Browsing and Searching After Login" path="C:\Documents and Settings\hadfielj\My Documents\ePublisher Pro Projects\caArray Online Help\Output\WebWorks Help 5.0\caArray Online Help\Getting Started caArray.3.5.html" stylename="" />
  <Split groupID="5113D514563F1DB" documentID="87DC185FF854A24" id="1151148" position="6" documentstartposition="40" documentendposition="46" title="caArray New User Account and Login" path="C:\Documents and Settings\hadfielj\My Documents\ePublisher Pro Projects\caArray Online Help\Output\WebWorks Help 5.0\caArray Online Help\Getting Started caArray.3.6.html" stylename="" />
  <Split groupID="5113D514563F1DB" documentID="87DC185FF854A24" id="1125266" position="7" documentstartposition="47" documentendposition="79" title="Requesting a User Account" path="C:\Documents and Settings\hadfielj\My Documents\ePublisher Pro Projects\caArray Online Help\Output\WebWorks Help 5.0\caArray Online Help\Getting Started caArray.3.7.html" stylename="" />
  <Split groupID="5113D514563F1DB" documentID="87DC185FF854A24" id="1082564" position="8" documentstartposition="80" documentendposition="94" title="Using caArray Online Help" path="C:\Documents and Settings\hadfielj\My Documents\ePublisher Pro Projects\caArray Online Help\Output\WebWorks Help 5.0\caArray Online Help\Getting Started caArray.3.8.html" stylename="">
    <Frame groupID="5113D514563F1DB" documentID="87DC185FF854A24" id="1151708" stylename="Default" position="1" title="" path="C:\Documents and Settings\hadfielj\My Documents\ePublisher Pro Projects\caArray Online Help\Output\WebWorks Help 5.0\caArray Online Help\images\Getting Started caArray.3.8.1.jpg">
      <Thumbnail path="C:\Documents and Settings\hadfielj\My Documents\ePublisher Pro Projects\caArray Online Help\Output\WebWorks Help 5.0\caArray Online Help\images\Getting Started caArray.3.8.1_thumb.jpg" />
      <Wrapper groupID="5113D514563F1DB" documentID="87DC185FF854A24" stylename="" path="C:\Documents and Settings\hadfielj\My Documents\ePublisher Pro Projects\caArray Online Help\Output\WebWorks Help 5.0\caArray Online Help\images\Getting Started caArray.3.8.1.html" />
      <Description path="C:\Documents and Settings\hadfielj\My Documents\ePublisher Pro Projects\caArray Online Help\Output\WebWorks Help 5.0\caArray Online Help\images\Getting Started caArray.3.8.1.txt" />
    </Frame>
    <Frame groupID="5113D514563F1DB" documentID="87DC185FF854A24" id="1082588" stylename="Default" position="2" title="" path="C:\Documents and Settings\hadfielj\My Documents\ePublisher Pro Projects\caArray Online Help\Output\WebWorks Help 5.0\caArray Online Help\images\Getting Started caArray.3.8.2.jpg">
      <Thumbnail path="C:\Documents and Settings\hadfielj\My Documents\ePublisher Pro Projects\caArray Online Help\Output\WebWorks Help 5.0\caArray Online Help\images\Getting Started caArray.3.8.2_thumb.jpg" />
      <Wrapper groupID="5113D514563F1DB" documentID="87DC185FF854A24" stylename="" path="C:\Documents and Settings\hadfielj\My Documents\ePublisher Pro Projects\caArray Online Help\Output\WebWorks Help 5.0\caArray Online Help\images\Getting Started caArray.3.8.2.html" />
      <Description path="C:\Documents and Settings\hadfielj\My Documents\ePublisher Pro Projects\caArray Online Help\Output\WebWorks Help 5.0\caArray Online Help\images\Getting Started caArray.3.8.2.txt" />
    </Frame>
    <Frame groupID="5113D514563F1DB" documentID="87DC185FF854A24" id="1082593" stylename="Default" position="3" title="" path="C:\Documents and Settings\hadfielj\My Documents\ePublisher Pro Projects\caArray Online Help\Output\WebWorks Help 5.0\caArray Online Help\images\Getting Started caArray.3.8.3.jpg">
      <Thumbnail path="C:\Documents and Settings\hadfielj\My Documents\ePublisher Pro Projects\caArray Online Help\Output\WebWorks Help 5.0\caArray Online Help\images\Getting Started caArray.3.8.3_thumb.jpg" />
      <Wrapper groupID="5113D514563F1DB" documentID="87DC185FF854A24" stylename="" path="C:\Documents and Settings\hadfielj\My Documents\ePublisher Pro Projects\caArray Online Help\Output\WebWorks Help 5.0\caArray Online Help\images\Getting Started caArray.3.8.3.html" />
      <Description path="C:\Documents and Settings\hadfielj\My Documents\ePublisher Pro Projects\caArray Online Help\Output\WebWorks Help 5.0\caArray Online Help\images\Getting Started caArray.3.8.3.txt" />
    </Frame>
  </Split>
  <Split groupID="5113D514563F1DB" documentID="87DC185FF854A24" id="1124246" position="9" documentstartposition="95" documentendposition="100" title="Navigating the caArray User Interface" path="C:\Documents and Settings\hadfielj\My Documents\ePublisher Pro Projects\caArray Online Help\Output\WebWorks Help 5.0\caArray Online Help\Getting Started caArray.3.9.html" stylename="" />
  <Split groupID="5113D514563F1DB" documentID="87DC185FF854A24" id="1134559" position="10" documentstartposition="101" documentendposition="104" title="Elements in the caArray User Interface" path="C:\Documents and Settings\hadfielj\My Documents\ePublisher Pro Projects\caArray Online Help\Output\WebWorks Help 5.0\caArray Online Help\Getting Started caArray.3.10.html" stylename="" />
  <Split groupID="5113D514563F1DB" documentID="87DC185FF854A24" id="1132646" position="11" documentstartposition="105" documentendposition="128" title="caArray Welcome Page Navigation Menu" path="C:\Documents and Settings\hadfielj\My Documents\ePublisher Pro Projects\caArray Online Help\Output\WebWorks Help 5.0\caArray Online Help\Getting Started caArray.3.11.html" stylename="" />
  <Split groupID="5113D514563F1DB" documentID="87DC185FF854A24" id="1140686" position="12" documentstartposition="129" documentendposition="135" title="User Interface Footer" path="C:\Documents and Settings\hadfielj\My Documents\ePublisher Pro Projects\caArray Online Help\Output\WebWorks Help 5.0\caArray Online Help\Getting Started caArray.3.12.html" stylename="" />
  <Split groupID="5113D514563F1DB" documentID="87DC185FF854A24" id="1134471" position="13" documentstartposition="136" documentendposition="158" title="My Experiment Workspace" path="C:\Documents and Settings\hadfielj\My Documents\ePublisher Pro Projects\caArray Online Help\Output\WebWorks Help 5.0\caArray Online Help\Getting Started caArray.3.13.html" stylename="" />
  <Split groupID="5113D514563F1DB" documentID="856550B675AF93" id="1052621" position="1" documentstartposition="3" documentendposition="7" title="Navigating and Searching caArray " path="C:\Documents and Settings\hadfielj\My Documents\ePublisher Pro Projects\caArray Online Help\Output\WebWorks Help 5.0\caArray Online Help\Searching caArray.4.1.html" stylename="" />
  <Split groupID="5113D514563F1DB" documentID="856550B675AF93" id="1136037" position="2" documentstartposition="8" documentendposition="25" title="Browsing the caArray Repository" path="C:\Documents and Settings\hadfielj\My Documents\ePublisher Pro Projects\caArray Online Help\Output\WebWorks Help 5.0\caArray Online Help\Searching caArray.4.2.html" stylename="">
    <Frame groupID="5113D514563F1DB" documentID="856550B675AF93" id="1139525" stylename="Default" position="1" title="" path="C:\Documents and Settings\hadfielj\My Documents\ePublisher Pro Projects\caArray Online Help\Output\WebWorks Help 5.0\caArray Online Help\images\Searching caArray.4.2.1.jpg">
      <Thumbnail path="C:\Documents and Settings\hadfielj\My Documents\ePublisher Pro Projects\caArray Online Help\Output\WebWorks Help 5.0\caArray Online Help\images\Searching caArray.4.2.1_thumb.jpg" />
      <Wrapper groupID="5113D514563F1DB" documentID="856550B675AF93" stylename="" path="C:\Documents and Settings\hadfielj\My Documents\ePublisher Pro Projects\caArray Online Help\Output\WebWorks Help 5.0\caArray Online Help\images\Searching caArray.4.2.1.html" />
      <Description path="C:\Documents and Settings\hadfielj\My Documents\ePublisher Pro Projects\caArray Online Help\Output\WebWorks Help 5.0\caArray Online Help\images\Searching caArray.4.2.1.txt" />
    </Frame>
  </Split>
  <Split groupID="5113D514563F1DB" documentID="856550B675AF93" id="1133644" position="3" documentstartposition="26" documentendposition="37" title="Searching the caArray Repository" path="C:\Documents and Settings\hadfielj\My Documents\ePublisher Pro Projects\caArray Online Help\Output\WebWorks Help 5.0\caArray Online Help\Searching caArray.4.3.html" stylename="" />
  <Split groupID="5113D514563F1DB" documentID="856550B675AF93" id="1138789" position="4" documentstartposition="38" documentendposition="54" title="Experiment Search Results" path="C:\Documents and Settings\hadfielj\My Documents\ePublisher Pro Projects\caArray Online Help\Output\WebWorks Help 5.0\caArray Online Help\Searching caArray.4.4.html" stylename="">
    <Frame groupID="5113D514563F1DB" documentID="856550B675AF93" id="1139725" stylename="Default" position="1" title="" path="C:\Documents and Settings\hadfielj\My Documents\ePublisher Pro Projects\caArray Online Help\Output\WebWorks Help 5.0\caArray Online Help\images\Searching caArray.4.4.1.jpg">
      <Thumbnail path="C:\Documents and Settings\hadfielj\My Documents\ePublisher Pro Projects\caArray Online Help\Output\WebWorks Help 5.0\caArray Online Help\images\Searching caArray.4.4.1_thumb.jpg" />
      <Wrapper groupID="5113D514563F1DB" documentID="856550B675AF93" stylename="" path="C:\Documents and Settings\hadfielj\My Documents\ePublisher Pro Projects\caArray Online Help\Output\WebWorks Help 5.0\caArray Online Help\images\Searching caArray.4.4.1.html" />
      <Description path="C:\Documents and Settings\hadfielj\My Documents\ePublisher Pro Projects\caArray Online Help\Output\WebWorks Help 5.0\caArray Online Help\images\Searching caArray.4.4.1.txt" />
    </Frame>
  </Split>
  <Split groupID="5113D514563F1DB" documentID="50515C28C5987DE" id="1052621" position="1" documentstartposition="3" documentendposition="9" title="Creating and Managing Experiments" path="C:\Documents and Settings\hadfielj\My Documents\ePublisher Pro Projects\caArray Online Help\Output\WebWorks Help 5.0\caArray Online Help\Create &amp; Manage Experiments.5.1.html" stylename="" />
  <Split groupID="5113D514563F1DB" documentID="50515C28C5987DE" id="1143839" position="2" documentstartposition="10" documentendposition="23" title="Overview of an Experiment" path="C:\Documents and Settings\hadfielj\My Documents\ePublisher Pro Projects\caArray Online Help\Output\WebWorks Help 5.0\caArray Online Help\Create &amp; Manage Experiments.5.2.html" stylename="" />
  <Split groupID="5113D514563F1DB" documentID="50515C28C5987DE" id="1132394" position="3" documentstartposition="24" documentendposition="30" title="Creating an Experiment" path="C:\Documents and Settings\hadfielj\My Documents\ePublisher Pro Projects\caArray Online Help\Output\WebWorks Help 5.0\caArray Online Help\Create &amp; Manage Experiments.5.3.html" stylename="" />
  <Split groupID="5113D514563F1DB" documentID="50515C28C5987DE" id="1204575" position="4" documentstartposition="31" documentendposition="37" title="Steps for Creating an Experiment" path="C:\Documents and Settings\hadfielj\My Documents\ePublisher Pro Projects\caArray Online Help\Output\WebWorks Help 5.0\caArray Online Help\Create &amp; Manage Experiments.5.4.html" stylename="" />
  <Split groupID="5113D514563F1DB" documentID="50515C28C5987DE" id="1180612" position="5" documentstartposition="38" documentendposition="46" title="Overview Tab" path="C:\Documents and Settings\hadfielj\My Documents\ePublisher Pro Projects\caArray Online Help\Output\WebWorks Help 5.0\caArray Online Help\Create &amp; Manage Experiments.5.5.html" stylename="" />
  <Split groupID="5113D514563F1DB" documentID="50515C28C5987DE" id="1138656" position="6" documentstartposition="47" documentendposition="55" title="Contacts Tab" path="C:\Documents and Settings\hadfielj\My Documents\ePublisher Pro Projects\caArray Online Help\Output\WebWorks Help 5.0\caArray Online Help\Create &amp; Manage Experiments.5.6.html" stylename="" />
  <Split groupID="5113D514563F1DB" documentID="50515C28C5987DE" id="1138988" position="7" documentstartposition="56" documentendposition="65" title="Annotations Tab" path="C:\Documents and Settings\hadfielj\My Documents\ePublisher Pro Projects\caArray Online Help\Output\WebWorks Help 5.0\caArray Online Help\Create &amp; Manage Experiments.5.7.html" stylename="" />
  <Split groupID="5113D514563F1DB" documentID="50515C28C5987DE" id="1201717" position="8" documentstartposition="66" documentendposition="72" title="Experimental Design" path="C:\Documents and Settings\hadfielj\My Documents\ePublisher Pro Projects\caArray Online Help\Output\WebWorks Help 5.0\caArray Online Help\Create &amp; Manage Experiments.5.8.html" stylename="" />
  <Split groupID="5113D514563F1DB" documentID="50515C28C5987DE" id="1139575" position="9" documentstartposition="73" documentendposition="81" title="Experimental Factors" path="C:\Documents and Settings\hadfielj\My Documents\ePublisher Pro Projects\caArray Online Help\Output\WebWorks Help 5.0\caArray Online Help\Create &amp; Manage Experiments.5.9.html" stylename="" />
  <Split groupID="5113D514563F1DB" documentID="50515C28C5987DE" id="1140893" position="10" documentstartposition="82" documentendposition="95" title="Biological Source Material" path="C:\Documents and Settings\hadfielj\My Documents\ePublisher Pro Projects\caArray Online Help\Output\WebWorks Help 5.0\caArray Online Help\Create &amp; Manage Experiments.5.10.html" stylename="">
    <Frame groupID="5113D514563F1DB" documentID="50515C28C5987DE" id="1150897" stylename="Default" position="1" title="" path="C:\Documents and Settings\hadfielj\My Documents\ePublisher Pro Projects\caArray Online Help\Output\WebWorks Help 5.0\caArray Online Help\images\Create &amp; Manage Experiments.5.10.1.jpg">
      <Thumbnail path="C:\Documents and Settings\hadfielj\My Documents\ePublisher Pro Projects\caArray Online Help\Output\WebWorks Help 5.0\caArray Online Help\images\Create &amp; Manage Experiments.5.10.1_thumb.jpg" />
      <Wrapper groupID="5113D514563F1DB" documentID="50515C28C5987DE" stylename="" path="C:\Documents and Settings\hadfielj\My Documents\ePublisher Pro Projects\caArray Online Help\Output\WebWorks Help 5.0\caArray Online Help\images\Create &amp; Manage Experiments.5.10.1.html" />
      <Description path="C:\Documents and Settings\hadfielj\My Documents\ePublisher Pro Projects\caArray Online Help\Output\WebWorks Help 5.0\caArray Online Help\images\Create &amp; Manage Experiments.5.10.1.txt" />
    </Frame>
  </Split>
  <Split groupID="5113D514563F1DB" documentID="50515C28C5987DE" id="1157154" position="11" documentstartposition="96" documentendposition="112" title="Sources Tab " path="C:\Documents and Settings\hadfielj\My Documents\ePublisher Pro Projects\caArray Online Help\Output\WebWorks Help 5.0\caArray Online Help\Create &amp; Manage Experiments.5.11.html" stylename="">
    <Frame groupID="5113D514563F1DB" documentID="50515C28C5987DE" id="1165658" stylename="Default" position="1" title="" path="C:\Documents and Settings\hadfielj\My Documents\ePublisher Pro Projects\caArray Online Help\Output\WebWorks Help 5.0\caArray Online Help\images\Create &amp; Manage Experiments.5.11.1.jpg">
      <Thumbnail path="C:\Documents and Settings\hadfielj\My Documents\ePublisher Pro Projects\caArray Online Help\Output\WebWorks Help 5.0\caArray Online Help\images\Create &amp; Manage Experiments.5.11.1_thumb.jpg" />
      <Wrapper groupID="5113D514563F1DB" documentID="50515C28C5987DE" stylename="" path="C:\Documents and Settings\hadfielj\My Documents\ePublisher Pro Projects\caArray Online Help\Output\WebWorks Help 5.0\caArray Online Help\images\Create &amp; Manage Experiments.5.11.1.html" />
      <Description path="C:\Documents and Settings\hadfielj\My Documents\ePublisher Pro Projects\caArray Online Help\Output\WebWorks Help 5.0\caArray Online Help\images\Create &amp; Manage Experiments.5.11.1.txt" />
    </Frame>
    <Frame groupID="5113D514563F1DB" documentID="50515C28C5987DE" id="1167060" stylename="Default" position="2" title="" path="C:\Documents and Settings\hadfielj\My Documents\ePublisher Pro Projects\caArray Online Help\Output\WebWorks Help 5.0\caArray Online Help\images\Create &amp; Manage Experiments.5.11.2.jpg">
      <Thumbnail path="C:\Documents and Settings\hadfielj\My Documents\ePublisher Pro Projects\caArray Online Help\Output\WebWorks Help 5.0\caArray Online Help\images\Create &amp; Manage Experiments.5.11.2_thumb.jpg" />
      <Wrapper groupID="5113D514563F1DB" documentID="50515C28C5987DE" stylename="" path="C:\Documents and Settings\hadfielj\My Documents\ePublisher Pro Projects\caArray Online Help\Output\WebWorks Help 5.0\caArray Online Help\images\Create &amp; Manage Experiments.5.11.2.html" />
      <Description path="C:\Documents and Settings\hadfielj\My Documents\ePublisher Pro Projects\caArray Online Help\Output\WebWorks Help 5.0\caArray Online Help\images\Create &amp; Manage Experiments.5.11.2.txt" />
    </Frame>
    <Frame groupID="5113D514563F1DB" documentID="50515C28C5987DE" id="1157544" stylename="Default" position="3" title="" path="C:\Documents and Settings\hadfielj\My Documents\ePublisher Pro Projects\caArray Online Help\Output\WebWorks Help 5.0\caArray Online Help\images\Create &amp; Manage Experiments.5.11.3.jpg">
      <Thumbnail path="C:\Documents and Settings\hadfielj\My Documents\ePublisher Pro Projects\caArray Online Help\Output\WebWorks Help 5.0\caArray Online Help\images\Create &amp; Manage Experiments.5.11.3_thumb.jpg" />
      <Wrapper groupID="5113D514563F1DB" documentID="50515C28C5987DE" stylename="" path="C:\Documents and Settings\hadfielj\My Documents\ePublisher Pro Projects\caArray Online Help\Output\WebWorks Help 5.0\caArray Online Help\images\Create &amp; Manage Experiments.5.11.3.html" />
      <Description path="C:\Documents and Settings\hadfielj\My Documents\ePublisher Pro Projects\caArray Online Help\Output\WebWorks Help 5.0\caArray Online Help\images\Create &amp; Manage Experiments.5.11.3.txt" />
    </Frame>
  </Split>
  <Split groupID="5113D514563F1DB" documentID="50515C28C5987DE" id="1168814" position="12" documentstartposition="113" documentendposition="129" title="Samples Tab" path="C:\Documents and Settings\hadfielj\My Documents\ePublisher Pro Projects\caArray Online Help\Output\WebWorks Help 5.0\caArray Online Help\Create &amp; Manage Experiments.5.12.html" stylename="">
    <Frame groupID="5113D514563F1DB" documentID="50515C28C5987DE" id="1190452" stylename="Default" position="1" title="" path="C:\Documents and Settings\hadfielj\My Documents\ePublisher Pro Projects\caArray Online Help\Output\WebWorks Help 5.0\caArray Online Help\images\Create &amp; Manage Experiments.5.12.1.jpg">
      <Thumbnail path="C:\Documents and Settings\hadfielj\My Documents\ePublisher Pro Projects\caArray Online Help\Output\WebWorks Help 5.0\caArray Online Help\images\Create &amp; Manage Experiments.5.12.1_thumb.jpg" />
      <Wrapper groupID="5113D514563F1DB" documentID="50515C28C5987DE" stylename="" path="C:\Documents and Settings\hadfielj\My Documents\ePublisher Pro Projects\caArray Online Help\Output\WebWorks Help 5.0\caArray Online Help\images\Create &amp; Manage Experiments.5.12.1.html" />
      <Description path="C:\Documents and Settings\hadfielj\My Documents\ePublisher Pro Projects\caArray Online Help\Output\WebWorks Help 5.0\caArray Online Help\images\Create &amp; Manage Experiments.5.12.1.txt" />
    </Frame>
    <Frame groupID="5113D514563F1DB" documentID="50515C28C5987DE" id="1166996" stylename="Default" position="2" title="" path="C:\Documents and Settings\hadfielj\My Documents\ePublisher Pro Projects\caArray Online Help\Output\WebWorks Help 5.0\caArray Online Help\images\Create &amp; Manage Experiments.5.12.2.jpg">
      <Thumbnail path="C:\Documents and Settings\hadfielj\My Documents\ePublisher Pro Projects\caArray Online Help\Output\WebWorks Help 5.0\caArray Online Help\images\Create &amp; Manage Experiments.5.12.2_thumb.jpg" />
      <Wrapper groupID="5113D514563F1DB" documentID="50515C28C5987DE" stylename="" path="C:\Documents and Settings\hadfielj\My Documents\ePublisher Pro Projects\caArray Online Help\Output\WebWorks Help 5.0\caArray Online Help\images\Create &amp; Manage Experiments.5.12.2.html" />
      <Description path="C:\Documents and Settings\hadfielj\My Documents\ePublisher Pro Projects\caArray Online Help\Output\WebWorks Help 5.0\caArray Online Help\images\Create &amp; Manage Experiments.5.12.2.txt" />
    </Frame>
    <Frame groupID="5113D514563F1DB" documentID="50515C28C5987DE" id="1157631" stylename="Default" position="3" title="" path="C:\Documents and Settings\hadfielj\My Documents\ePublisher Pro Projects\caArray Online Help\Output\WebWorks Help 5.0\caArray Online Help\images\Create &amp; Manage Experiments.5.12.3.jpg">
      <Thumbnail path="C:\Documents and Settings\hadfielj\My Documents\ePublisher Pro Projects\caArray Online Help\Output\WebWorks Help 5.0\caArray Online Help\images\Create &amp; Manage Experiments.5.12.3_thumb.jpg" />
      <Wrapper groupID="5113D514563F1DB" documentID="50515C28C5987DE" stylename="" path="C:\Documents and Settings\hadfielj\My Documents\ePublisher Pro Projects\caArray Online Help\Output\WebWorks Help 5.0\caArray Online Help\images\Create &amp; Manage Experiments.5.12.3.html" />
      <Description path="C:\Documents and Settings\hadfielj\My Documents\ePublisher Pro Projects\caArray Online Help\Output\WebWorks Help 5.0\caArray Online Help\images\Create &amp; Manage Experiments.5.12.3.txt" />
    </Frame>
    <Frame groupID="5113D514563F1DB" documentID="50515C28C5987DE" id="1190444" stylename="Default" position="4" title="" path="C:\Documents and Settings\hadfielj\My Documents\ePublisher Pro Projects\caArray Online Help\Output\WebWorks Help 5.0\caArray Online Help\images\Create &amp; Manage Experiments.5.12.4.jpg">
      <Thumbnail path="C:\Documents and Settings\hadfielj\My Documents\ePublisher Pro Projects\caArray Online Help\Output\WebWorks Help 5.0\caArray Online Help\images\Create &amp; Manage Experiments.5.12.4_thumb.jpg" />
      <Wrapper groupID="5113D514563F1DB" documentID="50515C28C5987DE" stylename="" path="C:\Documents and Settings\hadfielj\My Documents\ePublisher Pro Projects\caArray Online Help\Output\WebWorks Help 5.0\caArray Online Help\images\Create &amp; Manage Experiments.5.12.4.html" />
      <Description path="C:\Documents and Settings\hadfielj\My Documents\ePublisher Pro Projects\caArray Online Help\Output\WebWorks Help 5.0\caArray Online Help\images\Create &amp; Manage Experiments.5.12.4.txt" />
    </Frame>
  </Split>
  <Split groupID="5113D514563F1DB" documentID="50515C28C5987DE" id="1141491" position="13" documentstartposition="130" documentendposition="145" title="Extracts Tab" path="C:\Documents and Settings\hadfielj\My Documents\ePublisher Pro Projects\caArray Online Help\Output\WebWorks Help 5.0\caArray Online Help\Create &amp; Manage Experiments.5.13.html" stylename="">
    <Frame groupID="5113D514563F1DB" documentID="50515C28C5987DE" id="1157758" stylename="Default" position="1" title="" path="C:\Documents and Settings\hadfielj\My Documents\ePublisher Pro Projects\caArray Online Help\Output\WebWorks Help 5.0\caArray Online Help\images\Create &amp; Manage Experiments.5.13.1.jpg">
      <Thumbnail path="C:\Documents and Settings\hadfielj\My Documents\ePublisher Pro Projects\caArray Online Help\Output\WebWorks Help 5.0\caArray Online Help\images\Create &amp; Manage Experiments.5.13.1_thumb.jpg" />
      <Wrapper groupID="5113D514563F1DB" documentID="50515C28C5987DE" stylename="" path="C:\Documents and Settings\hadfielj\My Documents\ePublisher Pro Projects\caArray Online Help\Output\WebWorks Help 5.0\caArray Online Help\images\Create &amp; Manage Experiments.5.13.1.html" />
      <Description path="C:\Documents and Settings\hadfielj\My Documents\ePublisher Pro Projects\caArray Online Help\Output\WebWorks Help 5.0\caArray Online Help\images\Create &amp; Manage Experiments.5.13.1.txt" />
    </Frame>
    <Frame groupID="5113D514563F1DB" documentID="50515C28C5987DE" id="1165615" stylename="Default" position="2" title="" path="C:\Documents and Settings\hadfielj\My Documents\ePublisher Pro Projects\caArray Online Help\Output\WebWorks Help 5.0\caArray Online Help\images\Create &amp; Manage Experiments.5.13.2.jpg">
      <Thumbnail path="C:\Documents and Settings\hadfielj\My Documents\ePublisher Pro Projects\caArray Online Help\Output\WebWorks Help 5.0\caArray Online Help\images\Create &amp; Manage Experiments.5.13.2_thumb.jpg" />
      <Wrapper groupID="5113D514563F1DB" documentID="50515C28C5987DE" stylename="" path="C:\Documents and Settings\hadfielj\My Documents\ePublisher Pro Projects\caArray Online Help\Output\WebWorks Help 5.0\caArray Online Help\images\Create &amp; Manage Experiments.5.13.2.html" />
      <Description path="C:\Documents and Settings\hadfielj\My Documents\ePublisher Pro Projects\caArray Online Help\Output\WebWorks Help 5.0\caArray Online Help\images\Create &amp; Manage Experiments.5.13.2.txt" />
    </Frame>
    <Frame groupID="5113D514563F1DB" documentID="50515C28C5987DE" id="1157765" stylename="Default" position="3" title="" path="C:\Documents and Settings\hadfielj\My Documents\ePublisher Pro Projects\caArray Online Help\Output\WebWorks Help 5.0\caArray Online Help\images\Create &amp; Manage Experiments.5.13.3.jpg">
      <Thumbnail path="C:\Documents and Settings\hadfielj\My Documents\ePublisher Pro Projects\caArray Online Help\Output\WebWorks Help 5.0\caArray Online Help\images\Create &amp; Manage Experiments.5.13.3_thumb.jpg" />
      <Wrapper groupID="5113D514563F1DB" documentID="50515C28C5987DE" stylename="" path="C:\Documents and Settings\hadfielj\My Documents\ePublisher Pro Projects\caArray Online Help\Output\WebWorks Help 5.0\caArray Online Help\images\Create &amp; Manage Experiments.5.13.3.html" />
      <Description path="C:\Documents and Settings\hadfielj\My Documents\ePublisher Pro Projects\caArray Online Help\Output\WebWorks Help 5.0\caArray Online Help\images\Create &amp; Manage Experiments.5.13.3.txt" />
    </Frame>
  </Split>
  <Split groupID="5113D514563F1DB" documentID="50515C28C5987DE" id="1151841" position="14" documentstartposition="146" documentendposition="162" title="Labeled Extracts Tab" path="C:\Documents and Settings\hadfielj\My Documents\ePublisher Pro Projects\caArray Online Help\Output\WebWorks Help 5.0\caArray Online Help\Create &amp; Manage Experiments.5.14.html" stylename="">
    <Frame groupID="5113D514563F1DB" documentID="50515C28C5987DE" id="1158053" stylename="Default" position="1" title="" path="C:\Documents and Settings\hadfielj\My Documents\ePublisher Pro Projects\caArray Online Help\Output\WebWorks Help 5.0\caArray Online Help\images\Create &amp; Manage Experiments.5.14.1.jpg">
      <Thumbnail path="C:\Documents and Settings\hadfielj\My Documents\ePublisher Pro Projects\caArray Online Help\Output\WebWorks Help 5.0\caArray Online Help\images\Create &amp; Manage Experiments.5.14.1_thumb.jpg" />
      <Wrapper groupID="5113D514563F1DB" documentID="50515C28C5987DE" stylename="" path="C:\Documents and Settings\hadfielj\My Documents\ePublisher Pro Projects\caArray Online Help\Output\WebWorks Help 5.0\caArray Online Help\images\Create &amp; Manage Experiments.5.14.1.html" />
      <Description path="C:\Documents and Settings\hadfielj\My Documents\ePublisher Pro Projects\caArray Online Help\Output\WebWorks Help 5.0\caArray Online Help\images\Create &amp; Manage Experiments.5.14.1.txt" />
    </Frame>
    <Frame groupID="5113D514563F1DB" documentID="50515C28C5987DE" id="1165511" stylename="Default" position="2" title="" path="C:\Documents and Settings\hadfielj\My Documents\ePublisher Pro Projects\caArray Online Help\Output\WebWorks Help 5.0\caArray Online Help\images\Create &amp; Manage Experiments.5.14.2.jpg">
      <Thumbnail path="C:\Documents and Settings\hadfielj\My Documents\ePublisher Pro Projects\caArray Online Help\Output\WebWorks Help 5.0\caArray Online Help\images\Create &amp; Manage Experiments.5.14.2_thumb.jpg" />
      <Wrapper groupID="5113D514563F1DB" documentID="50515C28C5987DE" stylename="" path="C:\Documents and Settings\hadfielj\My Documents\ePublisher Pro Projects\caArray Online Help\Output\WebWorks Help 5.0\caArray Online Help\images\Create &amp; Manage Experiments.5.14.2.html" />
      <Description path="C:\Documents and Settings\hadfielj\My Documents\ePublisher Pro Projects\caArray Online Help\Output\WebWorks Help 5.0\caArray Online Help\images\Create &amp; Manage Experiments.5.14.2.txt" />
    </Frame>
    <Frame groupID="5113D514563F1DB" documentID="50515C28C5987DE" id="1158060" stylename="Default" position="3" title="" path="C:\Documents and Settings\hadfielj\My Documents\ePublisher Pro Projects\caArray Online Help\Output\WebWorks Help 5.0\caArray Online Help\images\Create &amp; Manage Experiments.5.14.3.jpg">
      <Thumbnail path="C:\Documents and Settings\hadfielj\My Documents\ePublisher Pro Projects\caArray Online Help\Output\WebWorks Help 5.0\caArray Online Help\images\Create &amp; Manage Experiments.5.14.3_thumb.jpg" />
      <Wrapper groupID="5113D514563F1DB" documentID="50515C28C5987DE" stylename="" path="C:\Documents and Settings\hadfielj\My Documents\ePublisher Pro Projects\caArray Online Help\Output\WebWorks Help 5.0\caArray Online Help\images\Create &amp; Manage Experiments.5.14.3.html" />
      <Description path="C:\Documents and Settings\hadfielj\My Documents\ePublisher Pro Projects\caArray Online Help\Output\WebWorks Help 5.0\caArray Online Help\images\Create &amp; Manage Experiments.5.14.3.txt" />
    </Frame>
  </Split>
  <Split groupID="5113D514563F1DB" documentID="50515C28C5987DE" id="1141559" position="15" documentstartposition="163" documentendposition="180" title="Hybridizations Tab" path="C:\Documents and Settings\hadfielj\My Documents\ePublisher Pro Projects\caArray Online Help\Output\WebWorks Help 5.0\caArray Online Help\Create &amp; Manage Experiments.5.15.html" stylename="">
    <Frame groupID="5113D514563F1DB" documentID="50515C28C5987DE" id="1165158" stylename="Default" position="1" title="" path="C:\Documents and Settings\hadfielj\My Documents\ePublisher Pro Projects\caArray Online Help\Output\WebWorks Help 5.0\caArray Online Help\images\Create &amp; Manage Experiments.5.15.1.jpg">
      <Thumbnail path="C:\Documents and Settings\hadfielj\My Documents\ePublisher Pro Projects\caArray Online Help\Output\WebWorks Help 5.0\caArray Online Help\images\Create &amp; Manage Experiments.5.15.1_thumb.jpg" />
      <Wrapper groupID="5113D514563F1DB" documentID="50515C28C5987DE" stylename="" path="C:\Documents and Settings\hadfielj\My Documents\ePublisher Pro Projects\caArray Online Help\Output\WebWorks Help 5.0\caArray Online Help\images\Create &amp; Manage Experiments.5.15.1.html" />
      <Description path="C:\Documents and Settings\hadfielj\My Documents\ePublisher Pro Projects\caArray Online Help\Output\WebWorks Help 5.0\caArray Online Help\images\Create &amp; Manage Experiments.5.15.1.txt" />
    </Frame>
    <Frame groupID="5113D514563F1DB" documentID="50515C28C5987DE" id="1165161" stylename="Default" position="2" title="" path="C:\Documents and Settings\hadfielj\My Documents\ePublisher Pro Projects\caArray Online Help\Output\WebWorks Help 5.0\caArray Online Help\images\Create &amp; Manage Experiments.5.15.2.jpg">
      <Thumbnail path="C:\Documents and Settings\hadfielj\My Documents\ePublisher Pro Projects\caArray Online Help\Output\WebWorks Help 5.0\caArray Online Help\images\Create &amp; Manage Experiments.5.15.2_thumb.jpg" />
      <Wrapper groupID="5113D514563F1DB" documentID="50515C28C5987DE" stylename="" path="C:\Documents and Settings\hadfielj\My Documents\ePublisher Pro Projects\caArray Online Help\Output\WebWorks Help 5.0\caArray Online Help\images\Create &amp; Manage Experiments.5.15.2.html" />
      <Description path="C:\Documents and Settings\hadfielj\My Documents\ePublisher Pro Projects\caArray Online Help\Output\WebWorks Help 5.0\caArray Online Help\images\Create &amp; Manage Experiments.5.15.2.txt" />
    </Frame>
  </Split>
  <Split groupID="5113D514563F1DB" documentID="50515C28C5987DE" id="1141807" position="16" documentstartposition="181" documentendposition="186" title="Data Tab" path="C:\Documents and Settings\hadfielj\My Documents\ePublisher Pro Projects\caArray Online Help\Output\WebWorks Help 5.0\caArray Online Help\Create &amp; Manage Experiments.5.16.html" stylename="" />
  <Split groupID="5113D514563F1DB" documentID="50515C28C5987DE" id="1152285" position="17" documentstartposition="187" documentendposition="196" title="Publications Tab" path="C:\Documents and Settings\hadfielj\My Documents\ePublisher Pro Projects\caArray Online Help\Output\WebWorks Help 5.0\caArray Online Help\Create &amp; Manage Experiments.5.17.html" stylename="" />
  <Split groupID="5113D514563F1DB" documentID="50515C28C5987DE" id="1191323" position="18" documentstartposition="197" documentendposition="208" title="Submitting an Experiment" path="C:\Documents and Settings\hadfielj\My Documents\ePublisher Pro Projects\caArray Online Help\Output\WebWorks Help 5.0\caArray Online Help\Create &amp; Manage Experiments.5.18.html" stylename="" />
  <Split groupID="5113D514563F1DB" documentID="50515C28C5987DE" id="1167599" position="19" documentstartposition="209" documentendposition="212" title="Updating An Experiment Proposal" path="C:\Documents and Settings\hadfielj\My Documents\ePublisher Pro Projects\caArray Online Help\Output\WebWorks Help 5.0\caArray Online Help\Create &amp; Manage Experiments.5.19.html" stylename="" />
  <Split groupID="5113D514563F1DB" documentID="50515C28C5987DE" id="1158637" position="20" documentstartposition="213" documentendposition="221" title="Editing an Experiment" path="C:\Documents and Settings\hadfielj\My Documents\ePublisher Pro Projects\caArray Online Help\Output\WebWorks Help 5.0\caArray Online Help\Create &amp; Manage Experiments.5.20.html" stylename="">
    <Frame groupID="5113D514563F1DB" documentID="50515C28C5987DE" id="1181833" stylename="Default" position="1" title="" path="C:\Documents and Settings\hadfielj\My Documents\ePublisher Pro Projects\caArray Online Help\Output\WebWorks Help 5.0\caArray Online Help\images\Create &amp; Manage Experiments.5.20.1.jpg">
      <Thumbnail path="C:\Documents and Settings\hadfielj\My Documents\ePublisher Pro Projects\caArray Online Help\Output\WebWorks Help 5.0\caArray Online Help\images\Create &amp; Manage Experiments.5.20.1_thumb.jpg" />
      <Wrapper groupID="5113D514563F1DB" documentID="50515C28C5987DE" stylename="" path="C:\Documents and Settings\hadfielj\My Documents\ePublisher Pro Projects\caArray Online Help\Output\WebWorks Help 5.0\caArray Online Help\images\Create &amp; Manage Experiments.5.20.1.html" />
      <Description path="C:\Documents and Settings\hadfielj\My Documents\ePublisher Pro Projects\caArray Online Help\Output\WebWorks Help 5.0\caArray Online Help\images\Create &amp; Manage Experiments.5.20.1.txt" />
    </Frame>
  </Split>
  <Split groupID="5113D514563F1DB" documentID="50515C28C5987DE" id="1168225" position="21" documentstartposition="222" documentendposition="231" title="Editing Experiment Annotations" path="C:\Documents and Settings\hadfielj\My Documents\ePublisher Pro Projects\caArray Online Help\Output\WebWorks Help 5.0\caArray Online Help\Create &amp; Manage Experiments.5.21.html" stylename="">
    <Frame groupID="5113D514563F1DB" documentID="50515C28C5987DE" id="1191981" stylename="Default" position="1" title="" path="C:\Documents and Settings\hadfielj\My Documents\ePublisher Pro Projects\caArray Online Help\Output\WebWorks Help 5.0\caArray Online Help\images\Create &amp; Manage Experiments.5.21.1.jpg">
      <Thumbnail path="C:\Documents and Settings\hadfielj\My Documents\ePublisher Pro Projects\caArray Online Help\Output\WebWorks Help 5.0\caArray Online Help\images\Create &amp; Manage Experiments.5.21.1_thumb.jpg" />
      <Wrapper groupID="5113D514563F1DB" documentID="50515C28C5987DE" stylename="" path="C:\Documents and Settings\hadfielj\My Documents\ePublisher Pro Projects\caArray Online Help\Output\WebWorks Help 5.0\caArray Online Help\images\Create &amp; Manage Experiments.5.21.1.html" />
      <Description path="C:\Documents and Settings\hadfielj\My Documents\ePublisher Pro Projects\caArray Online Help\Output\WebWorks Help 5.0\caArray Online Help\images\Create &amp; Manage Experiments.5.21.1.txt" />
    </Frame>
  </Split>
  <Split groupID="5113D514563F1DB" documentID="50515C28C5987DE" id="1168494" position="22" documentstartposition="232" documentendposition="235" title="Managing Experiment Visiblity" path="C:\Documents and Settings\hadfielj\My Documents\ePublisher Pro Projects\caArray Online Help\Output\WebWorks Help 5.0\caArray Online Help\Create &amp; Manage Experiments.5.22.html" stylename="" />
  <Split groupID="5113D514563F1DB" documentID="50515C28C5987DE" id="1188821" position="23" documentstartposition="236" documentendposition="272" title="Setting Public Visibility" path="C:\Documents and Settings\hadfielj\My Documents\ePublisher Pro Projects\caArray Online Help\Output\WebWorks Help 5.0\caArray Online Help\Create &amp; Manage Experiments.5.23.html" stylename="">
    <Frame groupID="5113D514563F1DB" documentID="50515C28C5987DE" id="1188853" stylename="Default" position="1" title="" path="C:\Documents and Settings\hadfielj\My Documents\ePublisher Pro Projects\caArray Online Help\Output\WebWorks Help 5.0\caArray Online Help\images\Create &amp; Manage Experiments.5.23.1.jpg">
      <Thumbnail path="C:\Documents and Settings\hadfielj\My Documents\ePublisher Pro Projects\caArray Online Help\Output\WebWorks Help 5.0\caArray Online Help\images\Create &amp; Manage Experiments.5.23.1_thumb.jpg" />
      <Wrapper groupID="5113D514563F1DB" documentID="50515C28C5987DE" stylename="" path="C:\Documents and Settings\hadfielj\My Documents\ePublisher Pro Projects\caArray Online Help\Output\WebWorks Help 5.0\caArray Online Help\images\Create &amp; Manage Experiments.5.23.1.html" />
      <Description path="C:\Documents and Settings\hadfielj\My Documents\ePublisher Pro Projects\caArray Online Help\Output\WebWorks Help 5.0\caArray Online Help\images\Create &amp; Manage Experiments.5.23.1.txt" />
    </Frame>
  </Split>
  <Split groupID="5113D514563F1DB" documentID="50515C28C5987DE" id="1188613" position="24" documentstartposition="273" documentendposition="291" title="Setting Collaboration Group Visibility" path="C:\Documents and Settings\hadfielj\My Documents\ePublisher Pro Projects\caArray Online Help\Output\WebWorks Help 5.0\caArray Online Help\Create &amp; Manage Experiments.5.24.html" stylename="">
    <Frame groupID="5113D514563F1DB" documentID="50515C28C5987DE" id="1188644" stylename="Default" position="1" title="" path="C:\Documents and Settings\hadfielj\My Documents\ePublisher Pro Projects\caArray Online Help\Output\WebWorks Help 5.0\caArray Online Help\images\Create &amp; Manage Experiments.5.24.1.jpg">
      <Thumbnail path="C:\Documents and Settings\hadfielj\My Documents\ePublisher Pro Projects\caArray Online Help\Output\WebWorks Help 5.0\caArray Online Help\images\Create &amp; Manage Experiments.5.24.1_thumb.jpg" />
      <Wrapper groupID="5113D514563F1DB" documentID="50515C28C5987DE" stylename="" path="C:\Documents and Settings\hadfielj\My Documents\ePublisher Pro Projects\caArray Online Help\Output\WebWorks Help 5.0\caArray Online Help\images\Create &amp; Manage Experiments.5.24.1.html" />
      <Description path="C:\Documents and Settings\hadfielj\My Documents\ePublisher Pro Projects\caArray Online Help\Output\WebWorks Help 5.0\caArray Online Help\images\Create &amp; Manage Experiments.5.24.1.txt" />
    </Frame>
    <Frame groupID="5113D514563F1DB" documentID="50515C28C5987DE" id="1188763" stylename="Default" position="2" title="" path="C:\Documents and Settings\hadfielj\My Documents\ePublisher Pro Projects\caArray Online Help\Output\WebWorks Help 5.0\caArray Online Help\images\Create &amp; Manage Experiments.5.24.2.jpg">
      <Thumbnail path="C:\Documents and Settings\hadfielj\My Documents\ePublisher Pro Projects\caArray Online Help\Output\WebWorks Help 5.0\caArray Online Help\images\Create &amp; Manage Experiments.5.24.2_thumb.jpg" />
      <Wrapper groupID="5113D514563F1DB" documentID="50515C28C5987DE" stylename="" path="C:\Documents and Settings\hadfielj\My Documents\ePublisher Pro Projects\caArray Online Help\Output\WebWorks Help 5.0\caArray Online Help\images\Create &amp; Manage Experiments.5.24.2.html" />
      <Description path="C:\Documents and Settings\hadfielj\My Documents\ePublisher Pro Projects\caArray Online Help\Output\WebWorks Help 5.0\caArray Online Help\images\Create &amp; Manage Experiments.5.24.2.txt" />
    </Frame>
    <Frame groupID="5113D514563F1DB" documentID="50515C28C5987DE" id="1204432" stylename="Default" position="3" title="" path="C:\Documents and Settings\hadfielj\My Documents\ePublisher Pro Projects\caArray Online Help\Output\WebWorks Help 5.0\caArray Online Help\images\Create &amp; Manage Experiments.5.24.3.jpg">
      <Thumbnail path="C:\Documents and Settings\hadfielj\My Documents\ePublisher Pro Projects\caArray Online Help\Output\WebWorks Help 5.0\caArray Online Help\images\Create &amp; Manage Experiments.5.24.3_thumb.jpg" />
      <Wrapper groupID="5113D514563F1DB" documentID="50515C28C5987DE" stylename="" path="C:\Documents and Settings\hadfielj\My Documents\ePublisher Pro Projects\caArray Online Help\Output\WebWorks Help 5.0\caArray Online Help\images\Create &amp; Manage Experiments.5.24.3.html" />
      <Description path="C:\Documents and Settings\hadfielj\My Documents\ePublisher Pro Projects\caArray Online Help\Output\WebWorks Help 5.0\caArray Online Help\images\Create &amp; Manage Experiments.5.24.3.txt" />
    </Frame>
  </Split>
  <Split groupID="5113D514563F1DB" documentID="F68D70CA7DAB02A" id="1052621" position="1" documentstartposition="3" documentendposition="8" title="Curation Tools" path="C:\Documents and Settings\hadfielj\My Documents\ePublisher Pro Projects\caArray Online Help\Output\WebWorks Help 5.0\caArray Online Help\Curation Tools.6.1.html" stylename="" />
  <Split groupID="5113D514563F1DB" documentID="F68D70CA7DAB02A" id="1091444" position="2" documentstartposition="9" documentendposition="14" title="Curation Tasks" path="C:\Documents and Settings\hadfielj\My Documents\ePublisher Pro Projects\caArray Online Help\Output\WebWorks Help 5.0\caArray Online Help\Curation Tools.6.2.html" stylename="" />
  <Split groupID="5113D514563F1DB" documentID="F68D70CA7DAB02A" id="1091470" position="3" documentstartposition="15" documentendposition="21" title="Managing Array Designs" path="C:\Documents and Settings\hadfielj\My Documents\ePublisher Pro Projects\caArray Online Help\Output\WebWorks Help 5.0\caArray Online Help\Curation Tools.6.3.html" stylename="" />
  <Split groupID="5113D514563F1DB" documentID="F68D70CA7DAB02A" id="1091488" position="4" documentstartposition="22" documentendposition="30" title="Viewing Array Designs" path="C:\Documents and Settings\hadfielj\My Documents\ePublisher Pro Projects\caArray Online Help\Output\WebWorks Help 5.0\caArray Online Help\Curation Tools.6.4.html" stylename="">
    <Frame groupID="5113D514563F1DB" documentID="F68D70CA7DAB02A" id="1091539" stylename="Default" position="1" title="" path="C:\Documents and Settings\hadfielj\My Documents\ePublisher Pro Projects\caArray Online Help\Output\WebWorks Help 5.0\caArray Online Help\images\Curation Tools.6.4.1.jpg">
      <Thumbnail path="C:\Documents and Settings\hadfielj\My Documents\ePublisher Pro Projects\caArray Online Help\Output\WebWorks Help 5.0\caArray Online Help\images\Curation Tools.6.4.1_thumb.jpg" />
      <Wrapper groupID="5113D514563F1DB" documentID="F68D70CA7DAB02A" stylename="" path="C:\Documents and Settings\hadfielj\My Documents\ePublisher Pro Projects\caArray Online Help\Output\WebWorks Help 5.0\caArray Online Help\images\Curation Tools.6.4.1.html" />
      <Description path="C:\Documents and Settings\hadfielj\My Documents\ePublisher Pro Projects\caArray Online Help\Output\WebWorks Help 5.0\caArray Online Help\images\Curation Tools.6.4.1.txt" />
    </Frame>
  </Split>
  <Split groupID="5113D514563F1DB" documentID="F68D70CA7DAB02A" id="1091564" position="5" documentstartposition="31" documentendposition="44" title="Adding an Array Design" path="C:\Documents and Settings\hadfielj\My Documents\ePublisher Pro Projects\caArray Online Help\Output\WebWorks Help 5.0\caArray Online Help\Curation Tools.6.5.html" stylename="" />
  <Split groupID="5113D514563F1DB" documentID="F68D70CA7DAB02A" id="1091635" position="6" documentstartposition="45" documentendposition="56" title=" Editing an Array Design" path="C:\Documents and Settings\hadfielj\My Documents\ePublisher Pro Projects\caArray Online Help\Output\WebWorks Help 5.0\caArray Online Help\Curation Tools.6.6.html" stylename="">
    <Frame groupID="5113D514563F1DB" documentID="F68D70CA7DAB02A" id="1095752" stylename="Default" position="1" title="" path="C:\Documents and Settings\hadfielj\My Documents\ePublisher Pro Projects\caArray Online Help\Output\WebWorks Help 5.0\caArray Online Help\images\Curation Tools.6.6.1.jpg">
      <Thumbnail path="C:\Documents and Settings\hadfielj\My Documents\ePublisher Pro Projects\caArray Online Help\Output\WebWorks Help 5.0\caArray Online Help\images\Curation Tools.6.6.1_thumb.jpg" />
      <Wrapper groupID="5113D514563F1DB" documentID="F68D70CA7DAB02A" stylename="" path="C:\Documents and Settings\hadfielj\My Documents\ePublisher Pro Projects\caArray Online Help\Output\WebWorks Help 5.0\caArray Online Help\images\Curation Tools.6.6.1.html" />
      <Description path="C:\Documents and Settings\hadfielj\My Documents\ePublisher Pro Projects\caArray Online Help\Output\WebWorks Help 5.0\caArray Online Help\images\Curation Tools.6.6.1.txt" />
    </Frame>
    <Frame groupID="5113D514563F1DB" documentID="F68D70CA7DAB02A" id="1091645" stylename="Default" position="2" title="" path="C:\Documents and Settings\hadfielj\My Documents\ePublisher Pro Projects\caArray Online Help\Output\WebWorks Help 5.0\caArray Online Help\images\Curation Tools.6.6.2.jpg">
      <Thumbnail path="C:\Documents and Settings\hadfielj\My Documents\ePublisher Pro Projects\caArray Online Help\Output\WebWorks Help 5.0\caArray Online Help\images\Curation Tools.6.6.2_thumb.jpg" />
      <Wrapper groupID="5113D514563F1DB" documentID="F68D70CA7DAB02A" stylename="" path="C:\Documents and Settings\hadfielj\My Documents\ePublisher Pro Projects\caArray Online Help\Output\WebWorks Help 5.0\caArray Online Help\images\Curation Tools.6.6.2.html" />
      <Description path="C:\Documents and Settings\hadfielj\My Documents\ePublisher Pro Projects\caArray Online Help\Output\WebWorks Help 5.0\caArray Online Help\images\Curation Tools.6.6.2.txt" />
    </Frame>
  </Split>
  <Split groupID="5113D514563F1DB" documentID="F68D70CA7DAB02A" id="1091663" position="7" documentstartposition="57" documentendposition="64" title=" Managing Protocols" path="C:\Documents and Settings\hadfielj\My Documents\ePublisher Pro Projects\caArray Online Help\Output\WebWorks Help 5.0\caArray Online Help\Curation Tools.6.7.html" stylename="" />
  <Split groupID="5113D514563F1DB" documentID="F68D70CA7DAB02A" id="1091688" position="8" documentstartposition="65" documentendposition="77" title="Viewing Protocols" path="C:\Documents and Settings\hadfielj\My Documents\ePublisher Pro Projects\caArray Online Help\Output\WebWorks Help 5.0\caArray Online Help\Curation Tools.6.8.html" stylename="">
    <Frame groupID="5113D514563F1DB" documentID="F68D70CA7DAB02A" id="1095817" stylename="Default" position="1" title="" path="C:\Documents and Settings\hadfielj\My Documents\ePublisher Pro Projects\caArray Online Help\Output\WebWorks Help 5.0\caArray Online Help\images\Curation Tools.6.8.1.jpg">
      <Thumbnail path="C:\Documents and Settings\hadfielj\My Documents\ePublisher Pro Projects\caArray Online Help\Output\WebWorks Help 5.0\caArray Online Help\images\Curation Tools.6.8.1_thumb.jpg" />
      <Wrapper groupID="5113D514563F1DB" documentID="F68D70CA7DAB02A" stylename="" path="C:\Documents and Settings\hadfielj\My Documents\ePublisher Pro Projects\caArray Online Help\Output\WebWorks Help 5.0\caArray Online Help\images\Curation Tools.6.8.1.html" />
      <Description path="C:\Documents and Settings\hadfielj\My Documents\ePublisher Pro Projects\caArray Online Help\Output\WebWorks Help 5.0\caArray Online Help\images\Curation Tools.6.8.1.txt" />
    </Frame>
  </Split>
  <Split groupID="5113D514563F1DB" documentID="F68D70CA7DAB02A" id="1091760" position="9" documentstartposition="78" documentendposition="89" title="Viewing Protocol Types" path="C:\Documents and Settings\hadfielj\My Documents\ePublisher Pro Projects\caArray Online Help\Output\WebWorks Help 5.0\caArray Online Help\Curation Tools.6.9.html" stylename="">
    <Frame groupID="5113D514563F1DB" documentID="F68D70CA7DAB02A" id="1091794" stylename="Default" position="1" title="" path="C:\Documents and Settings\hadfielj\My Documents\ePublisher Pro Projects\caArray Online Help\Output\WebWorks Help 5.0\caArray Online Help\images\Curation Tools.6.9.1.jpg">
      <Thumbnail path="C:\Documents and Settings\hadfielj\My Documents\ePublisher Pro Projects\caArray Online Help\Output\WebWorks Help 5.0\caArray Online Help\images\Curation Tools.6.9.1_thumb.jpg" />
      <Wrapper groupID="5113D514563F1DB" documentID="F68D70CA7DAB02A" stylename="" path="C:\Documents and Settings\hadfielj\My Documents\ePublisher Pro Projects\caArray Online Help\Output\WebWorks Help 5.0\caArray Online Help\images\Curation Tools.6.9.1.html" />
      <Description path="C:\Documents and Settings\hadfielj\My Documents\ePublisher Pro Projects\caArray Online Help\Output\WebWorks Help 5.0\caArray Online Help\images\Curation Tools.6.9.1.txt" />
    </Frame>
  </Split>
  <Split groupID="5113D514563F1DB" documentID="F68D70CA7DAB02A" id="1091826" position="10" documentstartposition="90" documentendposition="102" title="Creating a Protocol" path="C:\Documents and Settings\hadfielj\My Documents\ePublisher Pro Projects\caArray Online Help\Output\WebWorks Help 5.0\caArray Online Help\Curation Tools.6.10.html" stylename="" />
  <Split groupID="5113D514563F1DB" documentID="F68D70CA7DAB02A" id="1091900" position="11" documentstartposition="103" documentendposition="116" title="Editing a Protocol" path="C:\Documents and Settings\hadfielj\My Documents\ePublisher Pro Projects\caArray Online Help\Output\WebWorks Help 5.0\caArray Online Help\Curation Tools.6.11.html" stylename="">
    <Frame groupID="5113D514563F1DB" documentID="F68D70CA7DAB02A" id="1091906" stylename="Default" position="1" title="" path="C:\Documents and Settings\hadfielj\My Documents\ePublisher Pro Projects\caArray Online Help\Output\WebWorks Help 5.0\caArray Online Help\images\Curation Tools.6.11.1.jpg">
      <Thumbnail path="C:\Documents and Settings\hadfielj\My Documents\ePublisher Pro Projects\caArray Online Help\Output\WebWorks Help 5.0\caArray Online Help\images\Curation Tools.6.11.1_thumb.jpg" />
      <Wrapper groupID="5113D514563F1DB" documentID="F68D70CA7DAB02A" stylename="" path="C:\Documents and Settings\hadfielj\My Documents\ePublisher Pro Projects\caArray Online Help\Output\WebWorks Help 5.0\caArray Online Help\images\Curation Tools.6.11.1.html" />
      <Description path="C:\Documents and Settings\hadfielj\My Documents\ePublisher Pro Projects\caArray Online Help\Output\WebWorks Help 5.0\caArray Online Help\images\Curation Tools.6.11.1.txt" />
    </Frame>
    <Frame groupID="5113D514563F1DB" documentID="F68D70CA7DAB02A" id="1091911" stylename="Default" position="2" title="" path="C:\Documents and Settings\hadfielj\My Documents\ePublisher Pro Projects\caArray Online Help\Output\WebWorks Help 5.0\caArray Online Help\images\Curation Tools.6.11.2.jpg">
      <Thumbnail path="C:\Documents and Settings\hadfielj\My Documents\ePublisher Pro Projects\caArray Online Help\Output\WebWorks Help 5.0\caArray Online Help\images\Curation Tools.6.11.2_thumb.jpg" />
      <Wrapper groupID="5113D514563F1DB" documentID="F68D70CA7DAB02A" stylename="" path="C:\Documents and Settings\hadfielj\My Documents\ePublisher Pro Projects\caArray Online Help\Output\WebWorks Help 5.0\caArray Online Help\images\Curation Tools.6.11.2.html" />
      <Description path="C:\Documents and Settings\hadfielj\My Documents\ePublisher Pro Projects\caArray Online Help\Output\WebWorks Help 5.0\caArray Online Help\images\Curation Tools.6.11.2.txt" />
    </Frame>
  </Split>
  <Split groupID="5113D514563F1DB" documentID="F68D70CA7DAB02A" id="1091938" position="12" documentstartposition="117" documentendposition="129" title="Editing a Protocol Type" path="C:\Documents and Settings\hadfielj\My Documents\ePublisher Pro Projects\caArray Online Help\Output\WebWorks Help 5.0\caArray Online Help\Curation Tools.6.12.html" stylename="">
    <Frame groupID="5113D514563F1DB" documentID="F68D70CA7DAB02A" id="1091942" stylename="Default" position="1" title="" path="C:\Documents and Settings\hadfielj\My Documents\ePublisher Pro Projects\caArray Online Help\Output\WebWorks Help 5.0\caArray Online Help\images\Curation Tools.6.12.1.jpg">
      <Thumbnail path="C:\Documents and Settings\hadfielj\My Documents\ePublisher Pro Projects\caArray Online Help\Output\WebWorks Help 5.0\caArray Online Help\images\Curation Tools.6.12.1_thumb.jpg" />
      <Wrapper groupID="5113D514563F1DB" documentID="F68D70CA7DAB02A" stylename="" path="C:\Documents and Settings\hadfielj\My Documents\ePublisher Pro Projects\caArray Online Help\Output\WebWorks Help 5.0\caArray Online Help\images\Curation Tools.6.12.1.html" />
      <Description path="C:\Documents and Settings\hadfielj\My Documents\ePublisher Pro Projects\caArray Online Help\Output\WebWorks Help 5.0\caArray Online Help\images\Curation Tools.6.12.1.txt" />
    </Frame>
    <Frame groupID="5113D514563F1DB" documentID="F68D70CA7DAB02A" id="1091948" stylename="Default" position="2" title="" path="C:\Documents and Settings\hadfielj\My Documents\ePublisher Pro Projects\caArray Online Help\Output\WebWorks Help 5.0\caArray Online Help\images\Curation Tools.6.12.2.jpg">
      <Thumbnail path="C:\Documents and Settings\hadfielj\My Documents\ePublisher Pro Projects\caArray Online Help\Output\WebWorks Help 5.0\caArray Online Help\images\Curation Tools.6.12.2_thumb.jpg" />
      <Wrapper groupID="5113D514563F1DB" documentID="F68D70CA7DAB02A" stylename="" path="C:\Documents and Settings\hadfielj\My Documents\ePublisher Pro Projects\caArray Online Help\Output\WebWorks Help 5.0\caArray Online Help\images\Curation Tools.6.12.2.html" />
      <Description path="C:\Documents and Settings\hadfielj\My Documents\ePublisher Pro Projects\caArray Online Help\Output\WebWorks Help 5.0\caArray Online Help\images\Curation Tools.6.12.2.txt" />
    </Frame>
  </Split>
  <Split groupID="5113D514563F1DB" documentID="F68D70CA7DAB02A" id="1091973" position="13" documentstartposition="130" documentendposition="142" title="Managing [Controlled] Vocabulary [Terms]" path="C:\Documents and Settings\hadfielj\My Documents\ePublisher Pro Projects\caArray Online Help\Output\WebWorks Help 5.0\caArray Online Help\Curation Tools.6.13.html" stylename="">
    <Frame groupID="5113D514563F1DB" documentID="F68D70CA7DAB02A" id="1091983" stylename="Default" position="1" title="" path="C:\Documents and Settings\hadfielj\My Documents\ePublisher Pro Projects\caArray Online Help\Output\WebWorks Help 5.0\caArray Online Help\images\Curation Tools.6.13.1.jpg">
      <Thumbnail path="C:\Documents and Settings\hadfielj\My Documents\ePublisher Pro Projects\caArray Online Help\Output\WebWorks Help 5.0\caArray Online Help\images\Curation Tools.6.13.1_thumb.jpg" />
      <Wrapper groupID="5113D514563F1DB" documentID="F68D70CA7DAB02A" stylename="" path="C:\Documents and Settings\hadfielj\My Documents\ePublisher Pro Projects\caArray Online Help\Output\WebWorks Help 5.0\caArray Online Help\images\Curation Tools.6.13.1.html" />
      <Description path="C:\Documents and Settings\hadfielj\My Documents\ePublisher Pro Projects\caArray Online Help\Output\WebWorks Help 5.0\caArray Online Help\images\Curation Tools.6.13.1.txt" />
    </Frame>
    <Frame groupID="5113D514563F1DB" documentID="F68D70CA7DAB02A" id="1091988" stylename="Default" position="2" title="" path="C:\Documents and Settings\hadfielj\My Documents\ePublisher Pro Projects\caArray Online Help\Output\WebWorks Help 5.0\caArray Online Help\images\Curation Tools.6.13.2.jpg">
      <Thumbnail path="C:\Documents and Settings\hadfielj\My Documents\ePublisher Pro Projects\caArray Online Help\Output\WebWorks Help 5.0\caArray Online Help\images\Curation Tools.6.13.2_thumb.jpg" />
      <Wrapper groupID="5113D514563F1DB" documentID="F68D70CA7DAB02A" stylename="" path="C:\Documents and Settings\hadfielj\My Documents\ePublisher Pro Projects\caArray Online Help\Output\WebWorks Help 5.0\caArray Online Help\images\Curation Tools.6.13.2.html" />
      <Description path="C:\Documents and Settings\hadfielj\My Documents\ePublisher Pro Projects\caArray Online Help\Output\WebWorks Help 5.0\caArray Online Help\images\Curation Tools.6.13.2.txt" />
    </Frame>
  </Split>
  <Split groupID="5113D514563F1DB" documentID="A22F364D829BAAA" id="1136155" position="1" documentstartposition="3" documentendposition="11" title="Submitting Data to an Experiment" path="C:\Documents and Settings\hadfielj\My Documents\ePublisher Pro Projects\caArray Online Help\Output\WebWorks Help 5.0\caArray Online Help\Submitting Data to Exp.7.1.html" stylename="" />
  <Split groupID="5113D514563F1DB" documentID="A22F364D829BAAA" id="1143355" position="2" documentstartposition="12" documentendposition="30" title="Managing Data" path="C:\Documents and Settings\hadfielj\My Documents\ePublisher Pro Projects\caArray Online Help\Output\WebWorks Help 5.0\caArray Online Help\Submitting Data to Exp.7.2.html" stylename="" />
  <Split groupID="5113D514563F1DB" documentID="A22F364D829BAAA" id="1139724" position="3" documentstartposition="31" documentendposition="40" title="Uploading Data Files" path="C:\Documents and Settings\hadfielj\My Documents\ePublisher Pro Projects\caArray Online Help\Output\WebWorks Help 5.0\caArray Online Help\Submitting Data to Exp.7.3.html" stylename="" />
  <Split groupID="5113D514563F1DB" documentID="A22F364D829BAAA" id="1143573" position="4" documentstartposition="41" documentendposition="59" title="Steps for Uploading Data" path="C:\Documents and Settings\hadfielj\My Documents\ePublisher Pro Projects\caArray Online Help\Output\WebWorks Help 5.0\caArray Online Help\Submitting Data to Exp.7.4.html" stylename="">
    <Frame groupID="5113D514563F1DB" documentID="A22F364D829BAAA" id="1141757" stylename="Default" position="1" title="" path="C:\Documents and Settings\hadfielj\My Documents\ePublisher Pro Projects\caArray Online Help\Output\WebWorks Help 5.0\caArray Online Help\images\Submitting Data to Exp.7.4.1.jpg">
      <Thumbnail path="C:\Documents and Settings\hadfielj\My Documents\ePublisher Pro Projects\caArray Online Help\Output\WebWorks Help 5.0\caArray Online Help\images\Submitting Data to Exp.7.4.1_thumb.jpg" />
      <Wrapper groupID="5113D514563F1DB" documentID="A22F364D829BAAA" stylename="" path="C:\Documents and Settings\hadfielj\My Documents\ePublisher Pro Projects\caArray Online Help\Output\WebWorks Help 5.0\caArray Online Help\images\Submitting Data to Exp.7.4.1.html" />
      <Description path="C:\Documents and Settings\hadfielj\My Documents\ePublisher Pro Projects\caArray Online Help\Output\WebWorks Help 5.0\caArray Online Help\images\Submitting Data to Exp.7.4.1.txt" />
    </Frame>
  </Split>
  <Split groupID="5113D514563F1DB" documentID="A22F364D829BAAA" id="1140454" position="5" documentstartposition="60" documentendposition="66" title="Deleting a File" path="C:\Documents and Settings\hadfielj\My Documents\ePublisher Pro Projects\caArray Online Help\Output\WebWorks Help 5.0\caArray Online Help\Submitting Data to Exp.7.5.html" stylename="" />
  <Split groupID="5113D514563F1DB" documentID="A22F364D829BAAA" id="1136551" position="6" documentstartposition="67" documentendposition="85" title="Validating Data Files" path="C:\Documents and Settings\hadfielj\My Documents\ePublisher Pro Projects\caArray Online Help\Output\WebWorks Help 5.0\caArray Online Help\Submitting Data to Exp.7.6.html" stylename="" />
  <Split groupID="5113D514563F1DB" documentID="A22F364D829BAAA" id="1141111" position="7" documentstartposition="86" documentendposition="99" title="Steps for Validating Data" path="C:\Documents and Settings\hadfielj\My Documents\ePublisher Pro Projects\caArray Online Help\Output\WebWorks Help 5.0\caArray Online Help\Submitting Data to Exp.7.7.html" stylename="">
    <Frame groupID="5113D514563F1DB" documentID="A22F364D829BAAA" id="1141777" stylename="Default" position="1" title="" path="C:\Documents and Settings\hadfielj\My Documents\ePublisher Pro Projects\caArray Online Help\Output\WebWorks Help 5.0\caArray Online Help\images\Submitting Data to Exp.7.7.1.jpg">
      <Thumbnail path="C:\Documents and Settings\hadfielj\My Documents\ePublisher Pro Projects\caArray Online Help\Output\WebWorks Help 5.0\caArray Online Help\images\Submitting Data to Exp.7.7.1_thumb.jpg" />
      <Wrapper groupID="5113D514563F1DB" documentID="A22F364D829BAAA" stylename="" path="C:\Documents and Settings\hadfielj\My Documents\ePublisher Pro Projects\caArray Online Help\Output\WebWorks Help 5.0\caArray Online Help\images\Submitting Data to Exp.7.7.1.html" />
      <Description path="C:\Documents and Settings\hadfielj\My Documents\ePublisher Pro Projects\caArray Online Help\Output\WebWorks Help 5.0\caArray Online Help\images\Submitting Data to Exp.7.7.1.txt" />
    </Frame>
  </Split>
  <Split groupID="5113D514563F1DB" documentID="A22F364D829BAAA" id="1140660" position="8" documentstartposition="100" documentendposition="113" title="Validation Errors  " path="C:\Documents and Settings\hadfielj\My Documents\ePublisher Pro Projects\caArray Online Help\Output\WebWorks Help 5.0\caArray Online Help\Submitting Data to Exp.7.8.html" stylename="" />
  <Split groupID="5113D514563F1DB" documentID="A22F364D829BAAA" id="1154019" position="9" documentstartposition="114" documentendposition="121" title="Importing Data" path="C:\Documents and Settings\hadfielj\My Documents\ePublisher Pro Projects\caArray Online Help\Output\WebWorks Help 5.0\caArray Online Help\Submitting Data to Exp.7.9.html" stylename="" />
  <Split groupID="5113D514563F1DB" documentID="A22F364D829BAAA" id="1144121" position="10" documentstartposition="122" documentendposition="129" title="Files Types that can be Imported into caArray" path="C:\Documents and Settings\hadfielj\My Documents\ePublisher Pro Projects\caArray Online Help\Output\WebWorks Help 5.0\caArray Online Help\Submitting Data to Exp.7.10.html" stylename="" />
  <Split groupID="5113D514563F1DB" documentID="A22F364D829BAAA" id="1144185" position="11" documentstartposition="130" documentendposition="145" title="Steps for Importing Data" path="C:\Documents and Settings\hadfielj\My Documents\ePublisher Pro Projects\caArray Online Help\Output\WebWorks Help 5.0\caArray Online Help\Submitting Data to Exp.7.11.html" stylename="">
    <Frame groupID="5113D514563F1DB" documentID="A22F364D829BAAA" id="1144674" stylename="Default" position="1" title="" path="C:\Documents and Settings\hadfielj\My Documents\ePublisher Pro Projects\caArray Online Help\Output\WebWorks Help 5.0\caArray Online Help\images\Submitting Data to Exp.7.11.1.jpg">
      <Thumbnail path="C:\Documents and Settings\hadfielj\My Documents\ePublisher Pro Projects\caArray Online Help\Output\WebWorks Help 5.0\caArray Online Help\images\Submitting Data to Exp.7.11.1_thumb.jpg" />
      <Wrapper groupID="5113D514563F1DB" documentID="A22F364D829BAAA" stylename="" path="C:\Documents and Settings\hadfielj\My Documents\ePublisher Pro Projects\caArray Online Help\Output\WebWorks Help 5.0\caArray Online Help\images\Submitting Data to Exp.7.11.1.html" />
      <Description path="C:\Documents and Settings\hadfielj\My Documents\ePublisher Pro Projects\caArray Online Help\Output\WebWorks Help 5.0\caArray Online Help\images\Submitting Data to Exp.7.11.1.txt" />
    </Frame>
  </Split>
  <Split groupID="5113D514563F1DB" documentID="A22F364D829BAAA" id="1140744" position="12" documentstartposition="146" documentendposition="160" title="Supplemental Files" path="C:\Documents and Settings\hadfielj\My Documents\ePublisher Pro Projects\caArray Online Help\Output\WebWorks Help 5.0\caArray Online Help\Submitting Data to Exp.7.12.html" stylename="" />
  <Split groupID="5113D514563F1DB" documentID="A22F364D829BAAA" id="1109608" position="13" documentstartposition="161" documentendposition="162" title="Downloading Files" path="C:\Documents and Settings\hadfielj\My Documents\ePublisher Pro Projects\caArray Online Help\Output\WebWorks Help 5.0\caArray Online Help\Submitting Data to Exp.7.13.html" stylename="" />
  <Split groupID="5113D514563F1DB" documentID="18FB95FED82A45B" id="1052621" position="1" documentstartposition="3" documentendposition="7" title="Extracting Data from caArray " path="C:\Documents and Settings\hadfielj\My Documents\ePublisher Pro Projects\caArray Online Help\Output\WebWorks Help 5.0\caArray Online Help\Extracting data.8.1.html" stylename="" />
  <Split groupID="5113D514563F1DB" documentID="18FB95FED82A45B" id="1134560" position="2" documentstartposition="8" documentendposition="23" title="Downloading Data from caArray" path="C:\Documents and Settings\hadfielj\My Documents\ePublisher Pro Projects\caArray Online Help\Output\WebWorks Help 5.0\caArray Online Help\Extracting data.8.2.html" stylename="">
    <Frame groupID="5113D514563F1DB" documentID="18FB95FED82A45B" id="1135094" stylename="Default" position="1" title="" path="C:\Documents and Settings\hadfielj\My Documents\ePublisher Pro Projects\caArray Online Help\Output\WebWorks Help 5.0\caArray Online Help\images\Extracting data.8.2.1.jpg">
      <Thumbnail path="C:\Documents and Settings\hadfielj\My Documents\ePublisher Pro Projects\caArray Online Help\Output\WebWorks Help 5.0\caArray Online Help\images\Extracting data.8.2.1_thumb.jpg" />
      <Wrapper groupID="5113D514563F1DB" documentID="18FB95FED82A45B" stylename="" path="C:\Documents and Settings\hadfielj\My Documents\ePublisher Pro Projects\caArray Online Help\Output\WebWorks Help 5.0\caArray Online Help\images\Extracting data.8.2.1.html" />
      <Description path="C:\Documents and Settings\hadfielj\My Documents\ePublisher Pro Projects\caArray Online Help\Output\WebWorks Help 5.0\caArray Online Help\images\Extracting data.8.2.1.txt" />
    </Frame>
    <Frame groupID="5113D514563F1DB" documentID="18FB95FED82A45B" id="1135355" stylename="Default" position="2" title="" path="C:\Documents and Settings\hadfielj\My Documents\ePublisher Pro Projects\caArray Online Help\Output\WebWorks Help 5.0\caArray Online Help\images\Extracting data.8.2.2.jpg">
      <Thumbnail path="C:\Documents and Settings\hadfielj\My Documents\ePublisher Pro Projects\caArray Online Help\Output\WebWorks Help 5.0\caArray Online Help\images\Extracting data.8.2.2_thumb.jpg" />
      <Wrapper groupID="5113D514563F1DB" documentID="18FB95FED82A45B" stylename="" path="C:\Documents and Settings\hadfielj\My Documents\ePublisher Pro Projects\caArray Online Help\Output\WebWorks Help 5.0\caArray Online Help\images\Extracting data.8.2.2.html" />
      <Description path="C:\Documents and Settings\hadfielj\My Documents\ePublisher Pro Projects\caArray Online Help\Output\WebWorks Help 5.0\caArray Online Help\images\Extracting data.8.2.2.txt" />
    </Frame>
  </Split>
  <Split groupID="5113D514563F1DB" documentID="18FB95FED82A45B" id="1134571" position="3" documentstartposition="24" documentendposition="28" title="Grid availability" path="C:\Documents and Settings\hadfielj\My Documents\ePublisher Pro Projects\caArray Online Help\Output\WebWorks Help 5.0\caArray Online Help\Extracting data.8.3.html" stylename="" />
  <Split groupID="5113D514563F1DB" documentID="18FB95FED82A45B" id="1132707" position="4" documentstartposition="29" documentendposition="38" title="Extracting Data Programmatically by API" path="C:\Documents and Settings\hadfielj\My Documents\ePublisher Pro Projects\caArray Online Help\Output\WebWorks Help 5.0\caArray Online Help\Extracting data.8.4.html" stylename="" />
  <Split groupID="5113D514563F1DB" documentID="FA166F664264B21A" id="1071413" position="1" documentstartposition="3" documentendposition="9" title="User Account Management" path="C:\Documents and Settings\hadfielj\My Documents\ePublisher Pro Projects\caArray Online Help\Output\WebWorks Help 5.0\caArray Online Help\User Account Mgt.9.1.html" stylename="" />
  <Split groupID="5113D514563F1DB" documentID="FA166F664264B21A" id="1139283" position="2" documentstartposition="10" documentendposition="13" title="Roles in caArray" path="C:\Documents and Settings\hadfielj\My Documents\ePublisher Pro Projects\caArray Online Help\Output\WebWorks Help 5.0\caArray Online Help\User Account Mgt.9.2.html" stylename="" />
  <Split groupID="5113D514563F1DB" documentID="FA166F664264B21A" id="1148966" position="3" documentstartposition="14" documentendposition="16" title="Managing User Accounts" path="C:\Documents and Settings\hadfielj\My Documents\ePublisher Pro Projects\caArray Online Help\Output\WebWorks Help 5.0\caArray Online Help\User Account Mgt.9.3.html" stylename="" />
  <Split groupID="5113D514563F1DB" documentID="FA166F664264B21A" id="1134347" position="4" documentstartposition="17" documentendposition="21" title="Managing Collaboration Groups" path="C:\Documents and Settings\hadfielj\My Documents\ePublisher Pro Projects\caArray Online Help\Output\WebWorks Help 5.0\caArray Online Help\User Account Mgt.9.4.html" stylename="" />
  <Split groupID="5113D514563F1DB" documentID="FA166F664264B21A" id="1139979" position="5" documentstartposition="22" documentendposition="39" title="Creating a Collaboration Group" path="C:\Documents and Settings\hadfielj\My Documents\ePublisher Pro Projects\caArray Online Help\Output\WebWorks Help 5.0\caArray Online Help\User Account Mgt.9.5.html" stylename="">
    <Frame groupID="5113D514563F1DB" documentID="FA166F664264B21A" id="1139990" stylename="Default" position="1" title="" path="C:\Documents and Settings\hadfielj\My Documents\ePublisher Pro Projects\caArray Online Help\Output\WebWorks Help 5.0\caArray Online Help\images\User Account Mgt.9.5.1.jpg">
      <Thumbnail path="C:\Documents and Settings\hadfielj\My Documents\ePublisher Pro Projects\caArray Online Help\Output\WebWorks Help 5.0\caArray Online Help\images\User Account Mgt.9.5.1_thumb.jpg" />
      <Wrapper groupID="5113D514563F1DB" documentID="FA166F664264B21A" stylename="" path="C:\Documents and Settings\hadfielj\My Documents\ePublisher Pro Projects\caArray Online Help\Output\WebWorks Help 5.0\caArray Online Help\images\User Account Mgt.9.5.1.html" />
      <Description path="C:\Documents and Settings\hadfielj\My Documents\ePublisher Pro Projects\caArray Online Help\Output\WebWorks Help 5.0\caArray Online Help\images\User Account Mgt.9.5.1.txt" />
    </Frame>
    <Frame groupID="5113D514563F1DB" documentID="FA166F664264B21A" id="1148406" stylename="Default" position="2" title="" path="C:\Documents and Settings\hadfielj\My Documents\ePublisher Pro Projects\caArray Online Help\Output\WebWorks Help 5.0\caArray Online Help\images\User Account Mgt.9.5.2.jpg">
      <Thumbnail path="C:\Documents and Settings\hadfielj\My Documents\ePublisher Pro Projects\caArray Online Help\Output\WebWorks Help 5.0\caArray Online Help\images\User Account Mgt.9.5.2_thumb.jpg" />
      <Wrapper groupID="5113D514563F1DB" documentID="FA166F664264B21A" stylename="" path="C:\Documents and Settings\hadfielj\My Documents\ePublisher Pro Projects\caArray Online Help\Output\WebWorks Help 5.0\caArray Online Help\images\User Account Mgt.9.5.2.html" />
      <Description path="C:\Documents and Settings\hadfielj\My Documents\ePublisher Pro Projects\caArray Online Help\Output\WebWorks Help 5.0\caArray Online Help\images\User Account Mgt.9.5.2.txt" />
    </Frame>
    <Frame groupID="5113D514563F1DB" documentID="FA166F664264B21A" id="1148514" stylename="Default" position="3" title="" path="C:\Documents and Settings\hadfielj\My Documents\ePublisher Pro Projects\caArray Online Help\Output\WebWorks Help 5.0\caArray Online Help\images\User Account Mgt.9.5.3.jpg">
      <Thumbnail path="C:\Documents and Settings\hadfielj\My Documents\ePublisher Pro Projects\caArray Online Help\Output\WebWorks Help 5.0\caArray Online Help\images\User Account Mgt.9.5.3_thumb.jpg" />
      <Wrapper groupID="5113D514563F1DB" documentID="FA166F664264B21A" stylename="" path="C:\Documents and Settings\hadfielj\My Documents\ePublisher Pro Projects\caArray Online Help\Output\WebWorks Help 5.0\caArray Online Help\images\User Account Mgt.9.5.3.html" />
      <Description path="C:\Documents and Settings\hadfielj\My Documents\ePublisher Pro Projects\caArray Online Help\Output\WebWorks Help 5.0\caArray Online Help\images\User Account Mgt.9.5.3.txt" />
    </Frame>
    <Frame groupID="5113D514563F1DB" documentID="FA166F664264B21A" id="1148796" stylename="Default" position="4" title="" path="C:\Documents and Settings\hadfielj\My Documents\ePublisher Pro Projects\caArray Online Help\Output\WebWorks Help 5.0\caArray Online Help\images\User Account Mgt.9.5.4.jpg">
      <Thumbnail path="C:\Documents and Settings\hadfielj\My Documents\ePublisher Pro Projects\caArray Online Help\Output\WebWorks Help 5.0\caArray Online Help\images\User Account Mgt.9.5.4_thumb.jpg" />
      <Wrapper groupID="5113D514563F1DB" documentID="FA166F664264B21A" stylename="" path="C:\Documents and Settings\hadfielj\My Documents\ePublisher Pro Projects\caArray Online Help\Output\WebWorks Help 5.0\caArray Online Help\images\User Account Mgt.9.5.4.html" />
      <Description path="C:\Documents and Settings\hadfielj\My Documents\ePublisher Pro Projects\caArray Online Help\Output\WebWorks Help 5.0\caArray Online Help\images\User Account Mgt.9.5.4.txt" />
    </Frame>
    <Frame groupID="5113D514563F1DB" documentID="FA166F664264B21A" id="1148551" stylename="Default" position="5" title="" path="C:\Documents and Settings\hadfielj\My Documents\ePublisher Pro Projects\caArray Online Help\Output\WebWorks Help 5.0\caArray Online Help\images\User Account Mgt.9.5.5.jpg">
      <Thumbnail path="C:\Documents and Settings\hadfielj\My Documents\ePublisher Pro Projects\caArray Online Help\Output\WebWorks Help 5.0\caArray Online Help\images\User Account Mgt.9.5.5_thumb.jpg" />
      <Wrapper groupID="5113D514563F1DB" documentID="FA166F664264B21A" stylename="" path="C:\Documents and Settings\hadfielj\My Documents\ePublisher Pro Projects\caArray Online Help\Output\WebWorks Help 5.0\caArray Online Help\images\User Account Mgt.9.5.5.html" />
      <Description path="C:\Documents and Settings\hadfielj\My Documents\ePublisher Pro Projects\caArray Online Help\Output\WebWorks Help 5.0\caArray Online Help\images\User Account Mgt.9.5.5.txt" />
    </Frame>
  </Split>
  <Split groupID="5113D514563F1DB" documentID="FA166F664264B21A" id="1077437" position="6" documentstartposition="40" documentendposition="44" title="Viewing Group Details" path="C:\Documents and Settings\hadfielj\My Documents\ePublisher Pro Projects\caArray Online Help\Output\WebWorks Help 5.0\caArray Online Help\User Account Mgt.9.6.html" stylename="" />
  <Split groupID="5113D514563F1DB" documentID="FA166F664264B21A" id="1087125" position="7" documentstartposition="45" documentendposition="58" title="Editing Collaboration Group Details" path="C:\Documents and Settings\hadfielj\My Documents\ePublisher Pro Projects\caArray Online Help\Output\WebWorks Help 5.0\caArray Online Help\User Account Mgt.9.7.html" stylename="">
    <Frame groupID="5113D514563F1DB" documentID="FA166F664264B21A" id="1148578" stylename="Default" position="1" title="" path="C:\Documents and Settings\hadfielj\My Documents\ePublisher Pro Projects\caArray Online Help\Output\WebWorks Help 5.0\caArray Online Help\images\User Account Mgt.9.7.1.jpg">
      <Thumbnail path="C:\Documents and Settings\hadfielj\My Documents\ePublisher Pro Projects\caArray Online Help\Output\WebWorks Help 5.0\caArray Online Help\images\User Account Mgt.9.7.1_thumb.jpg" />
      <Wrapper groupID="5113D514563F1DB" documentID="FA166F664264B21A" stylename="" path="C:\Documents and Settings\hadfielj\My Documents\ePublisher Pro Projects\caArray Online Help\Output\WebWorks Help 5.0\caArray Online Help\images\User Account Mgt.9.7.1.html" />
      <Description path="C:\Documents and Settings\hadfielj\My Documents\ePublisher Pro Projects\caArray Online Help\Output\WebWorks Help 5.0\caArray Online Help\images\User Account Mgt.9.7.1.txt" />
    </Frame>
    <Frame groupID="5113D514563F1DB" documentID="FA166F664264B21A" id="1136444" stylename="Default" position="2" title="" path="C:\Documents and Settings\hadfielj\My Documents\ePublisher Pro Projects\caArray Online Help\Output\WebWorks Help 5.0\caArray Online Help\images\User Account Mgt.9.7.2.jpg">
      <Thumbnail path="C:\Documents and Settings\hadfielj\My Documents\ePublisher Pro Projects\caArray Online Help\Output\WebWorks Help 5.0\caArray Online Help\images\User Account Mgt.9.7.2_thumb.jpg" />
      <Wrapper groupID="5113D514563F1DB" documentID="FA166F664264B21A" stylename="" path="C:\Documents and Settings\hadfielj\My Documents\ePublisher Pro Projects\caArray Online Help\Output\WebWorks Help 5.0\caArray Online Help\images\User Account Mgt.9.7.2.html" />
      <Description path="C:\Documents and Settings\hadfielj\My Documents\ePublisher Pro Projects\caArray Online Help\Output\WebWorks Help 5.0\caArray Online Help\images\User Account Mgt.9.7.2.txt" />
    </Frame>
    <Frame groupID="5113D514563F1DB" documentID="FA166F664264B21A" id="1136513" stylename="Default" position="3" title="" path="C:\Documents and Settings\hadfielj\My Documents\ePublisher Pro Projects\caArray Online Help\Output\WebWorks Help 5.0\caArray Online Help\images\User Account Mgt.9.7.3.jpg">
      <Thumbnail path="C:\Documents and Settings\hadfielj\My Documents\ePublisher Pro Projects\caArray Online Help\Output\WebWorks Help 5.0\caArray Online Help\images\User Account Mgt.9.7.3_thumb.jpg" />
      <Wrapper groupID="5113D514563F1DB" documentID="FA166F664264B21A" stylename="" path="C:\Documents and Settings\hadfielj\My Documents\ePublisher Pro Projects\caArray Online Help\Output\WebWorks Help 5.0\caArray Online Help\images\User Account Mgt.9.7.3.html" />
      <Description path="C:\Documents and Settings\hadfielj\My Documents\ePublisher Pro Projects\caArray Online Help\Output\WebWorks Help 5.0\caArray Online Help\images\User Account Mgt.9.7.3.txt" />
    </Frame>
  </Split>
  <Split groupID="5113D514563F1DB" documentID="EB2366643B327151" id="1056643" position="1" documentstartposition="3" documentendposition="8" title="caArray References" path="C:\Documents and Settings\hadfielj\My Documents\ePublisher Pro Projects\caArray Online Help\Output\WebWorks Help 5.0\caArray Online Help\appdix references.10.1.html" stylename="" />
  <Split groupID="5113D514563F1DB" documentID="B895C6704FF843CF" id="1069426" position="1" documentstartposition="1" documentendposition="4" title="NCICB Application Support" path="C:\Documents and Settings\hadfielj\My Documents\ePublisher Pro Projects\caArray Online Help\Output\WebWorks Help 5.0\caArray Online Help\Application Support.11.1.html" stylename="" />
</Splits>