<?xml version="1.0" encoding="utf-8"?>
<TableOfContents version="1.0" xmlns="urn:WebWorks-Engine-TOC-Schema">
 <Entry id="1052621" documentID="664982D1F764D57B" level="1" documentposition="1">
 </Entry>
 <Entry id="1052621" documentID="B1EA97CFCB2C36E6" level="1" documentposition="3">
  <Entry id="1064573" documentID="B1EA97CFCB2C36E6" level="2" documentposition="8">
  </Entry>
  <Entry id="1086789" documentID="B1EA97CFCB2C36E6" level="2" documentposition="19">
  </Entry>
 </Entry>
 <Entry id="1052621" documentID="87DC185FF854A24" level="1" documentposition="3">
  <Entry id="1070162" documentID="87DC185FF854A24" level="2" documentposition="10">
   <Entry id="1124686" documentID="87DC185FF854A24" level="3" documentposition="19">
    <Entry id="1153818" documentID="87DC185FF854A24" level="4" documentposition="22">
    </Entry>
    <Entry id="1139937" documentID="87DC185FF854A24" level="4" documentposition="33">
    </Entry>
   </Entry>
   <Entry id="1151148" documentID="87DC185FF854A24" level="3" documentposition="40">
   </Entry>
  </Entry>
  <Entry id="1125266" documentID="87DC185FF854A24" level="2" documentposition="47">
  </Entry>
  <Entry id="1082564" documentID="87DC185FF854A24" level="2" documentposition="80">
  </Entry>
  <Entry id="1124246" documentID="87DC185FF854A24" level="2" documentposition="95">
   <Entry id="1134559" documentID="87DC185FF854A24" level="3" documentposition="101">
   </Entry>
   <Entry id="1132646" documentID="87DC185FF854A24" level="3" documentposition="105">
   </Entry>
   <Entry id="1140686" documentID="87DC185FF854A24" level="3" documentposition="129">
   </Entry>
   <Entry id="1134471" documentID="87DC185FF854A24" level="3" documentposition="136">
   </Entry>
  </Entry>
 </Entry>
 <Entry id="1052621" documentID="856550B675AF93" level="1" documentposition="3">
  <Entry id="1136037" documentID="856550B675AF93" level="2" documentposition="8">
  </Entry>
  <Entry id="1133644" documentID="856550B675AF93" level="2" documentposition="26">
   <Entry id="1138789" documentID="856550B675AF93" level="3" documentposition="38">
   </Entry>
  </Entry>
 </Entry>
 <Entry id="1052621" documentID="50515C28C5987DE" level="1" documentposition="3">
  <Entry id="1143839" documentID="50515C28C5987DE" level="2" documentposition="10">
  </Entry>
  <Entry id="1132394" documentID="50515C28C5987DE" level="2" documentposition="24">
   <Entry id="1204575" documentID="50515C28C5987DE" level="3" documentposition="31">
   </Entry>
   <Entry id="1180612" documentID="50515C28C5987DE" level="3" documentposition="38">
   </Entry>
   <Entry id="1138656" documentID="50515C28C5987DE" level="3" documentposition="47">
   </Entry>
   <Entry id="1138988" documentID="50515C28C5987DE" level="3" documentposition="56">
    <Entry id="1201717" documentID="50515C28C5987DE" level="4" documentposition="66">
    </Entry>
    <Entry id="1139575" documentID="50515C28C5987DE" level="4" documentposition="73">
    </Entry>
    <Entry id="1140893" documentID="50515C28C5987DE" level="4" documentposition="82">
    </Entry>
    <Entry id="1157154" documentID="50515C28C5987DE" level="4" documentposition="96">
    </Entry>
    <Entry id="1168814" documentID="50515C28C5987DE" level="4" documentposition="113">
    </Entry>
    <Entry id="1141491" documentID="50515C28C5987DE" level="4" documentposition="130">
    </Entry>
    <Entry id="1151841" documentID="50515C28C5987DE" level="4" documentposition="146">
    </Entry>
    <Entry id="1141559" documentID="50515C28C5987DE" level="4" documentposition="163">
    </Entry>
   </Entry>
   <Entry id="1141807" documentID="50515C28C5987DE" level="3" documentposition="181">
   </Entry>
   <Entry id="1152285" documentID="50515C28C5987DE" level="3" documentposition="187">
   </Entry>
   <Entry id="1191323" documentID="50515C28C5987DE" level="3" documentposition="197">
   </Entry>
  </Entry>
  <Entry id="1167599" documentID="50515C28C5987DE" level="2" documentposition="209">
   <Entry id="1158637" documentID="50515C28C5987DE" level="3" documentposition="213">
   </Entry>
   <Entry id="1168225" documentID="50515C28C5987DE" level="3" documentposition="222">
   </Entry>
  </Entry>
  <Entry id="1168494" documentID="50515C28C5987DE" level="2" documentposition="232">
   <Entry id="1188821" documentID="50515C28C5987DE" level="3" documentposition="236">
   </Entry>
   <Entry id="1188613" documentID="50515C28C5987DE" level="3" documentposition="273">
   </Entry>
  </Entry>
 </Entry>
 <Entry id="1052621" documentID="F68D70CA7DAB02A" level="1" documentposition="3">
  <Entry id="1091444" documentID="F68D70CA7DAB02A" level="2" documentposition="9">
   <Entry id="1091470" documentID="F68D70CA7DAB02A" level="3" documentposition="15">
    <Entry id="1091488" documentID="F68D70CA7DAB02A" level="4" documentposition="22">
    </Entry>
    <Entry id="1091564" documentID="F68D70CA7DAB02A" level="4" documentposition="31">
    </Entry>
    <Entry id="1091635" documentID="F68D70CA7DAB02A" level="4" documentposition="45">
    </Entry>
   </Entry>
   <Entry id="1091663" documentID="F68D70CA7DAB02A" level="3" documentposition="57">
    <Entry id="1091688" documentID="F68D70CA7DAB02A" level="4" documentposition="65">
    </Entry>
    <Entry id="1091760" documentID="F68D70CA7DAB02A" level="4" documentposition="78">
    </Entry>
    <Entry id="1091826" documentID="F68D70CA7DAB02A" level="4" documentposition="90">
    </Entry>
    <Entry id="1091900" documentID="F68D70CA7DAB02A" level="4" documentposition="103">
    </Entry>
    <Entry id="1091938" documentID="F68D70CA7DAB02A" level="4" documentposition="117">
    </Entry>
   </Entry>
   <Entry id="1091973" documentID="F68D70CA7DAB02A" level="3" documentposition="130">
   </Entry>
  </Entry>
 </Entry>
 <Entry id="1136155" documentID="A22F364D829BAAA" level="1" documentposition="3">
  <Entry id="1143355" documentID="A22F364D829BAAA" level="2" documentposition="12">
   <Entry id="1139724" documentID="A22F364D829BAAA" level="3" documentposition="31">
    <Entry id="1143573" documentID="A22F364D829BAAA" level="4" documentposition="41">
    </Entry>
    <Entry id="1140454" documentID="A22F364D829BAAA" level="4" documentposition="60">
    </Entry>
   </Entry>
   <Entry id="1136551" documentID="A22F364D829BAAA" level="3" documentposition="67">
    <Entry id="1141111" documentID="A22F364D829BAAA" level="4" documentposition="86">
    </Entry>
    <Entry id="1140660" documentID="A22F364D829BAAA" level="4" documentposition="100">
    </Entry>
   </Entry>
   <Entry id="1154019" documentID="A22F364D829BAAA" level="3" documentposition="114">
    <Entry id="1144121" documentID="A22F364D829BAAA" level="4" documentposition="122">
    </Entry>
    <Entry id="1144185" documentID="A22F364D829BAAA" level="4" documentposition="130">
    </Entry>
   </Entry>
   <Entry id="1140744" documentID="A22F364D829BAAA" level="3" documentposition="146">
   </Entry>
  </Entry>
  <Entry id="1109608" documentID="A22F364D829BAAA" level="2" documentposition="161">
  </Entry>
 </Entry>
 <Entry id="1052621" documentID="18FB95FED82A45B" level="1" documentposition="3">
  <Entry id="1134560" documentID="18FB95FED82A45B" level="2" documentposition="8">
   <Entry id="1134571" documentID="18FB95FED82A45B" level="3" documentposition="24">
   </Entry>
  </Entry>
  <Entry id="1132707" documentID="18FB95FED82A45B" level="2" documentposition="29">
  </Entry>
 </Entry>
 <Entry id="1071413" documentID="FA166F664264B21A" level="1" documentposition="3">
  <Entry id="1139283" documentID="FA166F664264B21A" level="2" documentposition="10">
  </Entry>
  <Entry id="1148966" documentID="FA166F664264B21A" level="2" documentposition="14">
  </Entry>
  <Entry id="1134347" documentID="FA166F664264B21A" level="2" documentposition="17">
   <Entry id="1139979" documentID="FA166F664264B21A" level="3" documentposition="22">
   </Entry>
   <Entry id="1077437" documentID="FA166F664264B21A" level="3" documentposition="40">
   </Entry>
   <Entry id="1087125" documentID="FA166F664264B21A" level="3" documentposition="45">
   </Entry>
  </Entry>
 </Entry>
 <Entry id="1056643" documentID="EB2366643B327151" level="1" documentposition="3">
 </Entry>
 <Entry id="1069426" documentID="B895C6704FF843CF" level="1" documentposition="1">
 </Entry>
</TableOfContents>