<?xml version="1.0" encoding="utf-8"?>
<Splits version="1.0" xmlns="urn:WebWorks-Engine-Splits-Schema">
  <Split id="1052621" documentposition="3" />
  <Split id="1143839" documentposition="10" />
  <Split id="1132394" documentposition="23" />
  <Split id="1418646" documentposition="30" />
  <Split id="1180612" documentposition="37" />
  <Split id="1138656" documentposition="46" />
  <Split id="1138988" documentposition="57" />
  <Split id="1201717" documentposition="67" />
  <Split id="1139575" documentposition="74" />
  <Split id="1140893" documentposition="85" />
  <Split id="1157154" documentposition="100" />
  <Split id="1168814" documentposition="117" />
  <Split id="1141491" documentposition="133" />
  <Split id="1151841" documentposition="147" />
  <Split id="1313009" documentposition="162" />
  <Split id="1270011" documentposition="179" />
  <Split id="1310234" documentposition="191" />
  <Split id="1270108" documentposition="198" />
  <Split id="1260987" documentposition="211" />
  <Split id="1316382" documentposition="218" />
  <Split id="1261006" documentposition="225" />
  <Split id="1208140" documentposition="240" />
  <Split id="1141807" documentposition="255" />
  <Split id="1152285" documentposition="262" />
  <Split id="1191323" documentposition="272" />
  <Split id="1167599" documentposition="277" />
  <Split id="1158637" documentposition="282" />
  <Split id="1237445" documentposition="292" />
  <Split id="1168494" documentposition="296" />
  <Split id="1286112" documentposition="301" />
  <Split id="1310919" documentposition="315" />
  <Split id="1188613" documentposition="332" />
</Splits>