<?xml version="1.0" encoding="utf-8"?>
<SplitPriorities version="1.0" xmlns="urn:WebWorks-Engine-Splits-Schema">
  <SplitPriority id="1052621" documentposition="3" splitpriority="1" outputposition="1" />
  <SplitPriority id="1143839" documentposition="10" splitpriority="2" outputposition="8" />
  <SplitPriority id="1132394" documentposition="23" splitpriority="2" outputposition="21" />
  <SplitPriority id="1384044" documentposition="30" splitpriority="3" outputposition="28" />
  <SplitPriority id="1180612" documentposition="37" splitpriority="3" outputposition="34" />
  <SplitPriority id="1138656" documentposition="46" splitpriority="3" outputposition="42" />
  <SplitPriority id="1138988" documentposition="57" splitpriority="3" outputposition="52" />
  <SplitPriority id="1201717" documentposition="67" splitpriority="4" outputposition="61" />
  <SplitPriority id="1139575" documentposition="74" splitpriority="4" outputposition="68" />
  <SplitPriority id="1140893" documentposition="85" splitpriority="4" outputposition="79" />
  <SplitPriority id="1157154" documentposition="100" splitpriority="4" outputposition="93" />
  <SplitPriority id="1168814" documentposition="117" splitpriority="4" outputposition="109" />
  <SplitPriority id="1141491" documentposition="133" splitpriority="4" outputposition="124" />
  <SplitPriority id="1151841" documentposition="147" splitpriority="4" outputposition="138" />
  <SplitPriority id="1313009" documentposition="162" splitpriority="4" outputposition="153" />
  <SplitPriority id="1270011" documentposition="179" splitpriority="4" outputposition="169" />
  <SplitPriority id="1310234" documentposition="191" splitpriority="4" outputposition="179" />
  <SplitPriority id="1270108" documentposition="198" splitpriority="5" outputposition="186" />
  <SplitPriority id="1260987" documentposition="211" splitpriority="5" outputposition="199" />
  <SplitPriority id="1316382" documentposition="218" splitpriority="5" outputposition="205" />
  <SplitPriority id="1261006" documentposition="225" splitpriority="5" outputposition="212" />
  <SplitPriority id="1208140" documentposition="240" splitpriority="5" outputposition="227" />
  <SplitPriority id="1141807" documentposition="255" splitpriority="3" outputposition="242" />
  <SplitPriority id="1152285" documentposition="262" splitpriority="3" outputposition="248" />
  <SplitPriority id="1191323" documentposition="272" splitpriority="3" outputposition="258" />
  <SplitPriority id="1167599" documentposition="277" splitpriority="2" outputposition="263" />
  <SplitPriority id="1158637" documentposition="282" splitpriority="3" outputposition="268" />
  <SplitPriority id="1237445" documentposition="292" splitpriority="3" outputposition="278" />
  <SplitPriority id="1168494" documentposition="296" splitpriority="2" outputposition="282" />
  <SplitPriority id="1286112" documentposition="301" splitpriority="3" outputposition="287" />
  <SplitPriority id="1310919" documentposition="315" splitpriority="4" outputposition="300" />
  <SplitPriority id="1188613" documentposition="332" splitpriority="3" outputposition="315" />
</SplitPriorities>