<?xml version="1.0" encoding="utf-8"?>
<Splits version="1.0" xmlns="urn:WebWorks-Engine-Splits-Schema">
  <Split groupID="5113D514563F1DB" documentID="A22F364D829BAAA" id="1136155" position="1" documentstartposition="3" documentendposition="13" title="Submitting Data to an Experiment">
    <Group name="caArray Online Help" id="5113D514563F1DB" position="1" />
    <Document path="C:\Documents and Settings\hadfielj\My Documents\CBIIT Projects\caArray\caArray documentation\caArray 2.0\caArray 2.0 users guide and online help FM\Submitting Data to Exp.fm" id="A22F364D829BAAA" position="6" />
    <PageStyle value="" />
    <Frames />
    <Popups />
  </Split>
  <Split groupID="5113D514563F1DB" documentID="A22F364D829BAAA" id="1139588" position="2" documentstartposition="14" documentendposition="22" title="Managing Data">
    <Group name="caArray Online Help" id="5113D514563F1DB" position="1" />
    <Document path="C:\Documents and Settings\hadfielj\My Documents\CBIIT Projects\caArray\caArray documentation\caArray 2.0\caArray 2.0 users guide and online help FM\Submitting Data to Exp.fm" id="A22F364D829BAAA" position="6" />
    <PageStyle value="" />
    <Frames />
    <Popups />
  </Split>
  <Split groupID="5113D514563F1DB" documentID="A22F364D829BAAA" id="1139724" position="3" documentstartposition="23" documentendposition="38" title="Uploading Data Files">
    <Group name="caArray Online Help" id="5113D514563F1DB" position="1" />
    <Document path="C:\Documents and Settings\hadfielj\My Documents\CBIIT Projects\caArray\caArray documentation\caArray 2.0\caArray 2.0 users guide and online help FM\Submitting Data to Exp.fm" id="A22F364D829BAAA" position="6" />
    <PageStyle value="" />
    <Frames>
      <Frame position="1" title="">
        <Frame id="1141757" stylename="Default" xmlns="urn:WebWorks-Document-Schema">
          <Attribute name="display" value="inline" />
          <Attribute name="float" value="none" />
          <Attribute name="text-align" value="left" />
          <Attribute name="left" value="0.0" />
          <Attribute name="top" value="0.0" />
          <Attribute name="width" value="47.21976" />
          <Attribute name="height" value="21.75624" />
          <Facets>
            <Facet type="document">
              <Attribute name="adapter" value="Adobe FrameMaker" />
              <Attribute name="path" value="C:\Documents and Settings\hadfielj\My Documents\ePublisher Pro Projects\caArray Online Help\Data\61DD7DDB65736B3\5113D514563F1DB\A22F364D829BAAA\Submitting Data to Exp.fmwif" />
              <Attribute name="id" value="1141757" />
            </Facet>
          </Facets>
          <Content />
        </Frame>
      </Frame>
    </Frames>
    <Popups />
  </Split>
  <Split groupID="5113D514563F1DB" documentID="A22F364D829BAAA" id="1140454" position="4" documentstartposition="39" documentendposition="40" title="Deleting a File">
    <Group name="caArray Online Help" id="5113D514563F1DB" position="1" />
    <Document path="C:\Documents and Settings\hadfielj\My Documents\CBIIT Projects\caArray\caArray documentation\caArray 2.0\caArray 2.0 users guide and online help FM\Submitting Data to Exp.fm" id="A22F364D829BAAA" position="6" />
    <PageStyle value="" />
    <Frames />
    <Popups />
  </Split>
  <Split groupID="5113D514563F1DB" documentID="A22F364D829BAAA" id="1136551" position="5" documentstartposition="41" documentendposition="65" title="Validating Data Files">
    <Group name="caArray Online Help" id="5113D514563F1DB" position="1" />
    <Document path="C:\Documents and Settings\hadfielj\My Documents\CBIIT Projects\caArray\caArray documentation\caArray 2.0\caArray 2.0 users guide and online help FM\Submitting Data to Exp.fm" id="A22F364D829BAAA" position="6" />
    <PageStyle value="" />
    <Frames>
      <Frame position="1" title="">
        <Frame id="1141777" stylename="Default" xmlns="urn:WebWorks-Document-Schema">
          <Attribute name="display" value="inline" />
          <Attribute name="float" value="none" />
          <Attribute name="text-align" value="left" />
          <Attribute name="left" value="0.0" />
          <Attribute name="top" value="0.0" />
          <Attribute name="width" value="47.21976" />
          <Attribute name="height" value="21.75624" />
          <Facets>
            <Facet type="document">
              <Attribute name="adapter" value="Adobe FrameMaker" />
              <Attribute name="path" value="C:\Documents and Settings\hadfielj\My Documents\ePublisher Pro Projects\caArray Online Help\Data\61DD7DDB65736B3\5113D514563F1DB\A22F364D829BAAA\Submitting Data to Exp.fmwif" />
              <Attribute name="id" value="1141777" />
            </Facet>
          </Facets>
          <Content />
        </Frame>
      </Frame>
    </Frames>
    <Popups />
  </Split>
  <Split groupID="5113D514563F1DB" documentID="A22F364D829BAAA" id="1140660" position="6" documentstartposition="66" documentendposition="75" title="Validation Errors  ">
    <Group name="caArray Online Help" id="5113D514563F1DB" position="1" />
    <Document path="C:\Documents and Settings\hadfielj\My Documents\CBIIT Projects\caArray\caArray documentation\caArray 2.0\caArray 2.0 users guide and online help FM\Submitting Data to Exp.fm" id="A22F364D829BAAA" position="6" />
    <PageStyle value="" />
    <Frames />
    <Popups />
  </Split>
  <Split groupID="5113D514563F1DB" documentID="A22F364D829BAAA" id="1141462" position="7" documentstartposition="76" documentendposition="78" title="Importing Data">
    <Group name="caArray Online Help" id="5113D514563F1DB" position="1" />
    <Document path="C:\Documents and Settings\hadfielj\My Documents\CBIIT Projects\caArray\caArray documentation\caArray 2.0\caArray 2.0 users guide and online help FM\Submitting Data to Exp.fm" id="A22F364D829BAAA" position="6" />
    <PageStyle value="" />
    <Frames />
    <Popups />
  </Split>
  <Split groupID="5113D514563F1DB" documentID="A22F364D829BAAA" id="1137332" position="8" documentstartposition="79" documentendposition="81" title="Files Types that can be Imported into caArray">
    <Group name="caArray Online Help" id="5113D514563F1DB" position="1" />
    <Document path="C:\Documents and Settings\hadfielj\My Documents\CBIIT Projects\caArray\caArray documentation\caArray 2.0\caArray 2.0 users guide and online help FM\Submitting Data to Exp.fm" id="A22F364D829BAAA" position="6" />
    <PageStyle value="" />
    <Frames />
    <Popups />
  </Split>
  <Split groupID="5113D514563F1DB" documentID="A22F364D829BAAA" id="1136958" position="9" documentstartposition="82" documentendposition="93" title="Steps for Importing Data">
    <Group name="caArray Online Help" id="5113D514563F1DB" position="1" />
    <Document path="C:\Documents and Settings\hadfielj\My Documents\CBIIT Projects\caArray\caArray documentation\caArray 2.0\caArray 2.0 users guide and online help FM\Submitting Data to Exp.fm" id="A22F364D829BAAA" position="6" />
    <PageStyle value="" />
    <Frames>
      <Frame position="1" title="">
        <Frame id="1141787" stylename="Default" xmlns="urn:WebWorks-Document-Schema">
          <Attribute name="display" value="inline" />
          <Attribute name="float" value="none" />
          <Attribute name="text-align" value="left" />
          <Attribute name="left" value="0.0" />
          <Attribute name="top" value="0.0" />
          <Attribute name="width" value="47.21976" />
          <Attribute name="height" value="21.75624" />
          <Facets>
            <Facet type="document">
              <Attribute name="adapter" value="Adobe FrameMaker" />
              <Attribute name="path" value="C:\Documents and Settings\hadfielj\My Documents\ePublisher Pro Projects\caArray Online Help\Data\61DD7DDB65736B3\5113D514563F1DB\A22F364D829BAAA\Submitting Data to Exp.fmwif" />
              <Attribute name="id" value="1141787" />
            </Facet>
          </Facets>
          <Content />
        </Frame>
      </Frame>
    </Frames>
    <Popups />
  </Split>
  <Split groupID="5113D514563F1DB" documentID="A22F364D829BAAA" id="1140744" position="10" documentstartposition="94" documentendposition="105" title="Supplemental Files">
    <Group name="caArray Online Help" id="5113D514563F1DB" position="1" />
    <Document path="C:\Documents and Settings\hadfielj\My Documents\CBIIT Projects\caArray\caArray documentation\caArray 2.0\caArray 2.0 users guide and online help FM\Submitting Data to Exp.fm" id="A22F364D829BAAA" position="6" />
    <PageStyle value="" />
    <Frames />
    <Popups />
  </Split>
  <Split groupID="5113D514563F1DB" documentID="A22F364D829BAAA" id="1109608" position="11" documentstartposition="106" documentendposition="107" title="Downloading Files">
    <Group name="caArray Online Help" id="5113D514563F1DB" position="1" />
    <Document path="C:\Documents and Settings\hadfielj\My Documents\CBIIT Projects\caArray\caArray documentation\caArray 2.0\caArray 2.0 users guide and online help FM\Submitting Data to Exp.fm" id="A22F364D829BAAA" position="6" />
    <PageStyle value="" />
    <Frames />
    <Popups />
  </Split>
</Splits>