<?xml version="1.0" encoding="utf-8"?>
<Splits version="1.0" xmlns="urn:WebWorks-Engine-Splits-Schema">
  <Split id="1136155" documentposition="3" />
  <Split id="1139588" documentposition="14" />
  <Split id="1139724" documentposition="23" />
  <Split id="1140454" documentposition="39" />
  <Split id="1136551" documentposition="41" />
  <Split id="1140660" documentposition="66" />
  <Split id="1141462" documentposition="76" />
  <Split id="1137332" documentposition="79" />
  <Split id="1136958" documentposition="82" />
  <Split id="1140744" documentposition="94" />
  <Split id="1109608" documentposition="106" />
</Splits>