<?xml version="1.0" encoding="utf-8"?>
<Report version="1.0" xmlns="urn:WebWorks-Reports-Schema">
  <Entry context="styles" type="overrides-exist" severity="warning">
    <Description>Character style overrides exist for 'Emphasis'.</Description>
    <Navigation context="source">
      <Link protocol="adapter">
        <Data key="Path" value="C:\Documents and Settings\hadfielj\My Documents\CBIIT Projects\caArray\caArray documentation\caArray 2.0\caArray 2.0 users guide and online help FM\User Account Mgt.fm" />
        <Data key="DocumentID" value="FA166F664264B21A" />
        <Data key="ID" value="1078015" />
      </Link>
    </Navigation>
    <Navigation context="output">
      <wwreport:Link protocol="uri" xmlns:wwreport="urn:WebWorks-Reports-Schema">
        <wwreport:Data key="URI" value="file:///C:/Documents%20and%20Settings/hadfielj/My%20Documents/ePublisher%20Pro%20Projects/caArray%20Online%20Help/Output/WebWorks%20Help%205.0/caArray%20Online%20Help/User%20Account%20Mgt.9.1.html#1078015" />
      </wwreport:Link>
    </Navigation>
    <Navigation context="details">
      <Link protocol="wwh5api">
        <Data key="BaseURI" value="file:///C:/Program%20Files/WebWorks/ePublisher%20Pro/Help/en" />
        <Data key="Context" value="reports" />
        <Data key="Topic" value="style_overrides" />
      </Link>
    </Navigation>
  </Entry>
  <Entry context="styles" type="overrides-exist" severity="warning">
    <Description>Character style overrides exist for 'Emphasis'.</Description>
    <Navigation context="source">
      <Link protocol="adapter">
        <Data key="Path" value="C:\Documents and Settings\hadfielj\My Documents\CBIIT Projects\caArray\caArray documentation\caArray 2.0\caArray 2.0 users guide and online help FM\User Account Mgt.fm" />
        <Data key="DocumentID" value="FA166F664264B21A" />
        <Data key="ID" value="1078023" />
      </Link>
    </Navigation>
    <Navigation context="output">
      <wwreport:Link protocol="uri" xmlns:wwreport="urn:WebWorks-Reports-Schema">
        <wwreport:Data key="URI" value="file:///C:/Documents%20and%20Settings/hadfielj/My%20Documents/ePublisher%20Pro%20Projects/caArray%20Online%20Help/Output/WebWorks%20Help%205.0/caArray%20Online%20Help/User%20Account%20Mgt.9.1.html#1078023" />
      </wwreport:Link>
    </Navigation>
    <Navigation context="details">
      <Link protocol="wwh5api">
        <Data key="BaseURI" value="file:///C:/Program%20Files/WebWorks/ePublisher%20Pro/Help/en" />
        <Data key="Context" value="reports" />
        <Data key="Topic" value="style_overrides" />
      </Link>
    </Navigation>
  </Entry>
  <Entry context="styles" type="overrides-exist" severity="warning">
    <Description>Character style overrides exist for 'Emphasis'.</Description>
    <Navigation context="source">
      <Link protocol="adapter">
        <Data key="Path" value="C:\Documents and Settings\hadfielj\My Documents\CBIIT Projects\caArray\caArray documentation\caArray 2.0\caArray 2.0 users guide and online help FM\User Account Mgt.fm" />
        <Data key="DocumentID" value="FA166F664264B21A" />
        <Data key="ID" value="1077951" />
      </Link>
    </Navigation>
    <Navigation context="output">
      <wwreport:Link protocol="uri" xmlns:wwreport="urn:WebWorks-Reports-Schema">
        <wwreport:Data key="URI" value="file:///C:/Documents%20and%20Settings/hadfielj/My%20Documents/ePublisher%20Pro%20Projects/caArray%20Online%20Help/Output/WebWorks%20Help%205.0/caArray%20Online%20Help/User%20Account%20Mgt.9.1.html#1077951" />
      </wwreport:Link>
    </Navigation>
    <Navigation context="details">
      <Link protocol="wwh5api">
        <Data key="BaseURI" value="file:///C:/Program%20Files/WebWorks/ePublisher%20Pro/Help/en" />
        <Data key="Context" value="reports" />
        <Data key="Topic" value="style_overrides" />
      </Link>
    </Navigation>
  </Entry>
  <Entry context="styles" type="overrides-exist" severity="warning">
    <Description>Unnamed Character style overrides exist.</Description>
    <Navigation context="source">
      <Link protocol="adapter">
        <Data key="Path" value="C:\Documents and Settings\hadfielj\My Documents\CBIIT Projects\caArray\caArray documentation\caArray 2.0\caArray 2.0 users guide and online help FM\User Account Mgt.fm" />
        <Data key="DocumentID" value="FA166F664264B21A" />
        <Data key="ID" value="1131771" />
      </Link>
    </Navigation>
    <Navigation context="output">
      <wwreport:Link protocol="uri" xmlns:wwreport="urn:WebWorks-Reports-Schema">
        <wwreport:Data key="URI" value="file:///C:/Documents%20and%20Settings/hadfielj/My%20Documents/ePublisher%20Pro%20Projects/caArray%20Online%20Help/Output/WebWorks%20Help%205.0/caArray%20Online%20Help/User%20Account%20Mgt.9.2.html#1131771" />
      </wwreport:Link>
    </Navigation>
    <Navigation context="details">
      <Link protocol="wwh5api">
        <Data key="BaseURI" value="file:///C:/Program%20Files/WebWorks/ePublisher%20Pro/Help/en" />
        <Data key="Context" value="reports" />
        <Data key="Topic" value="style_overrides" />
      </Link>
    </Navigation>
  </Entry>
  <Entry context="styles" type="overrides-exist" severity="warning">
    <Description>Paragraph style overrides exist for 'Table Header'.</Description>
    <Navigation context="source">
      <Link protocol="adapter">
        <Data key="Path" value="C:\Documents and Settings\hadfielj\My Documents\CBIIT Projects\caArray\caArray documentation\caArray 2.0\caArray 2.0 users guide and online help FM\User Account Mgt.fm" />
        <Data key="DocumentID" value="FA166F664264B21A" />
        <Data key="ID" value="1143791" />
      </Link>
    </Navigation>
    <Navigation context="output">
      <wwreport:Link protocol="uri" xmlns:wwreport="urn:WebWorks-Reports-Schema">
        <wwreport:Data key="URI" value="file:///C:/Documents%20and%20Settings/hadfielj/My%20Documents/ePublisher%20Pro%20Projects/caArray%20Online%20Help/Output/WebWorks%20Help%205.0/caArray%20Online%20Help/User%20Account%20Mgt.9.2.html#1143791" />
      </wwreport:Link>
    </Navigation>
    <Navigation context="details">
      <Link protocol="wwh5api">
        <Data key="BaseURI" value="file:///C:/Program%20Files/WebWorks/ePublisher%20Pro/Help/en" />
        <Data key="Context" value="reports" />
        <Data key="Topic" value="style_overrides" />
      </Link>
    </Navigation>
  </Entry>
  <Entry context="styles" type="overrides-exist" severity="warning">
    <Description>Paragraph style overrides exist for 'Table Header'.</Description>
    <Navigation context="source">
      <Link protocol="adapter">
        <Data key="Path" value="C:\Documents and Settings\hadfielj\My Documents\CBIIT Projects\caArray\caArray documentation\caArray 2.0\caArray 2.0 users guide and online help FM\User Account Mgt.fm" />
        <Data key="DocumentID" value="FA166F664264B21A" />
        <Data key="ID" value="1143793" />
      </Link>
    </Navigation>
    <Navigation context="output">
      <wwreport:Link protocol="uri" xmlns:wwreport="urn:WebWorks-Reports-Schema">
        <wwreport:Data key="URI" value="file:///C:/Documents%20and%20Settings/hadfielj/My%20Documents/ePublisher%20Pro%20Projects/caArray%20Online%20Help/Output/WebWorks%20Help%205.0/caArray%20Online%20Help/User%20Account%20Mgt.9.2.html#1143793" />
      </wwreport:Link>
    </Navigation>
    <Navigation context="details">
      <Link protocol="wwh5api">
        <Data key="BaseURI" value="file:///C:/Program%20Files/WebWorks/ePublisher%20Pro/Help/en" />
        <Data key="Context" value="reports" />
        <Data key="Topic" value="style_overrides" />
      </Link>
    </Navigation>
  </Entry>
  <Entry context="styles" type="overrides-exist" severity="warning">
    <Description>Paragraph style overrides exist for 'Table Header'.</Description>
    <Navigation context="source">
      <Link protocol="adapter">
        <Data key="Path" value="C:\Documents and Settings\hadfielj\My Documents\CBIIT Projects\caArray\caArray documentation\caArray 2.0\caArray 2.0 users guide and online help FM\User Account Mgt.fm" />
        <Data key="DocumentID" value="FA166F664264B21A" />
        <Data key="ID" value="1143795" />
      </Link>
    </Navigation>
    <Navigation context="output">
      <wwreport:Link protocol="uri" xmlns:wwreport="urn:WebWorks-Reports-Schema">
        <wwreport:Data key="URI" value="file:///C:/Documents%20and%20Settings/hadfielj/My%20Documents/ePublisher%20Pro%20Projects/caArray%20Online%20Help/Output/WebWorks%20Help%205.0/caArray%20Online%20Help/User%20Account%20Mgt.9.2.html#1143795" />
      </wwreport:Link>
    </Navigation>
    <Navigation context="details">
      <Link protocol="wwh5api">
        <Data key="BaseURI" value="file:///C:/Program%20Files/WebWorks/ePublisher%20Pro/Help/en" />
        <Data key="Context" value="reports" />
        <Data key="Topic" value="style_overrides" />
      </Link>
    </Navigation>
  </Entry>
  <Entry context="styles" type="overrides-exist" severity="warning">
    <Description>Paragraph style overrides exist for 'Table Text'.</Description>
    <Navigation context="source">
      <Link protocol="adapter">
        <Data key="Path" value="C:\Documents and Settings\hadfielj\My Documents\CBIIT Projects\caArray\caArray documentation\caArray 2.0\caArray 2.0 users guide and online help FM\User Account Mgt.fm" />
        <Data key="DocumentID" value="FA166F664264B21A" />
        <Data key="ID" value="1143797" />
      </Link>
    </Navigation>
    <Navigation context="output">
      <wwreport:Link protocol="uri" xmlns:wwreport="urn:WebWorks-Reports-Schema">
        <wwreport:Data key="URI" value="file:///C:/Documents%20and%20Settings/hadfielj/My%20Documents/ePublisher%20Pro%20Projects/caArray%20Online%20Help/Output/WebWorks%20Help%205.0/caArray%20Online%20Help/User%20Account%20Mgt.9.2.html#1143797" />
      </wwreport:Link>
    </Navigation>
    <Navigation context="details">
      <Link protocol="wwh5api">
        <Data key="BaseURI" value="file:///C:/Program%20Files/WebWorks/ePublisher%20Pro/Help/en" />
        <Data key="Context" value="reports" />
        <Data key="Topic" value="style_overrides" />
      </Link>
    </Navigation>
  </Entry>
  <Entry context="styles" type="overrides-exist" severity="warning">
    <Description>Paragraph style overrides exist for 'Table Text'.</Description>
    <Navigation context="source">
      <Link protocol="adapter">
        <Data key="Path" value="C:\Documents and Settings\hadfielj\My Documents\CBIIT Projects\caArray\caArray documentation\caArray 2.0\caArray 2.0 users guide and online help FM\User Account Mgt.fm" />
        <Data key="DocumentID" value="FA166F664264B21A" />
        <Data key="ID" value="1143800" />
      </Link>
    </Navigation>
    <Navigation context="output">
      <wwreport:Link protocol="uri" xmlns:wwreport="urn:WebWorks-Reports-Schema">
        <wwreport:Data key="URI" value="file:///C:/Documents%20and%20Settings/hadfielj/My%20Documents/ePublisher%20Pro%20Projects/caArray%20Online%20Help/Output/WebWorks%20Help%205.0/caArray%20Online%20Help/User%20Account%20Mgt.9.2.html#1143800" />
      </wwreport:Link>
    </Navigation>
    <Navigation context="details">
      <Link protocol="wwh5api">
        <Data key="BaseURI" value="file:///C:/Program%20Files/WebWorks/ePublisher%20Pro/Help/en" />
        <Data key="Context" value="reports" />
        <Data key="Topic" value="style_overrides" />
      </Link>
    </Navigation>
  </Entry>
  <Entry context="styles" type="overrides-exist" severity="warning">
    <Description>Unnamed Character style overrides exist.</Description>
    <Navigation context="source">
      <Link protocol="adapter">
        <Data key="Path" value="C:\Documents and Settings\hadfielj\My Documents\CBIIT Projects\caArray\caArray documentation\caArray 2.0\caArray 2.0 users guide and online help FM\User Account Mgt.fm" />
        <Data key="DocumentID" value="FA166F664264B21A" />
        <Data key="ID" value="1148605" />
      </Link>
    </Navigation>
    <Navigation context="output">
      <wwreport:Link protocol="uri" xmlns:wwreport="urn:WebWorks-Reports-Schema">
        <wwreport:Data key="URI" value="file:///C:/Documents%20and%20Settings/hadfielj/My%20Documents/ePublisher%20Pro%20Projects/caArray%20Online%20Help/Output/WebWorks%20Help%205.0/caArray%20Online%20Help/User%20Account%20Mgt.9.2.html#1148605" />
      </wwreport:Link>
    </Navigation>
    <Navigation context="details">
      <Link protocol="wwh5api">
        <Data key="BaseURI" value="file:///C:/Program%20Files/WebWorks/ePublisher%20Pro/Help/en" />
        <Data key="Context" value="reports" />
        <Data key="Topic" value="style_overrides" />
      </Link>
    </Navigation>
  </Entry>
  <Entry context="styles" type="overrides-exist" severity="warning">
    <Description>Paragraph style overrides exist for 'Table Text'.</Description>
    <Navigation context="source">
      <Link protocol="adapter">
        <Data key="Path" value="C:\Documents and Settings\hadfielj\My Documents\CBIIT Projects\caArray\caArray documentation\caArray 2.0\caArray 2.0 users guide and online help FM\User Account Mgt.fm" />
        <Data key="DocumentID" value="FA166F664264B21A" />
        <Data key="ID" value="1143802" />
      </Link>
    </Navigation>
    <Navigation context="output">
      <wwreport:Link protocol="uri" xmlns:wwreport="urn:WebWorks-Reports-Schema">
        <wwreport:Data key="URI" value="file:///C:/Documents%20and%20Settings/hadfielj/My%20Documents/ePublisher%20Pro%20Projects/caArray%20Online%20Help/Output/WebWorks%20Help%205.0/caArray%20Online%20Help/User%20Account%20Mgt.9.2.html#1143802" />
      </wwreport:Link>
    </Navigation>
    <Navigation context="details">
      <Link protocol="wwh5api">
        <Data key="BaseURI" value="file:///C:/Program%20Files/WebWorks/ePublisher%20Pro/Help/en" />
        <Data key="Context" value="reports" />
        <Data key="Topic" value="style_overrides" />
      </Link>
    </Navigation>
  </Entry>
  <Entry context="styles" type="overrides-exist" severity="warning">
    <Description>Paragraph style overrides exist for 'Table Text'.</Description>
    <Navigation context="source">
      <Link protocol="adapter">
        <Data key="Path" value="C:\Documents and Settings\hadfielj\My Documents\CBIIT Projects\caArray\caArray documentation\caArray 2.0\caArray 2.0 users guide and online help FM\User Account Mgt.fm" />
        <Data key="DocumentID" value="FA166F664264B21A" />
        <Data key="ID" value="1143804" />
      </Link>
    </Navigation>
    <Navigation context="output">
      <wwreport:Link protocol="uri" xmlns:wwreport="urn:WebWorks-Reports-Schema">
        <wwreport:Data key="URI" value="file:///C:/Documents%20and%20Settings/hadfielj/My%20Documents/ePublisher%20Pro%20Projects/caArray%20Online%20Help/Output/WebWorks%20Help%205.0/caArray%20Online%20Help/User%20Account%20Mgt.9.2.html#1143804" />
      </wwreport:Link>
    </Navigation>
    <Navigation context="details">
      <Link protocol="wwh5api">
        <Data key="BaseURI" value="file:///C:/Program%20Files/WebWorks/ePublisher%20Pro/Help/en" />
        <Data key="Context" value="reports" />
        <Data key="Topic" value="style_overrides" />
      </Link>
    </Navigation>
  </Entry>
  <Entry context="styles" type="overrides-exist" severity="warning">
    <Description>Paragraph style overrides exist for 'Table Text'.</Description>
    <Navigation context="source">
      <Link protocol="adapter">
        <Data key="Path" value="C:\Documents and Settings\hadfielj\My Documents\CBIIT Projects\caArray\caArray documentation\caArray 2.0\caArray 2.0 users guide and online help FM\User Account Mgt.fm" />
        <Data key="DocumentID" value="FA166F664264B21A" />
        <Data key="ID" value="1143806" />
      </Link>
    </Navigation>
    <Navigation context="output">
      <wwreport:Link protocol="uri" xmlns:wwreport="urn:WebWorks-Reports-Schema">
        <wwreport:Data key="URI" value="file:///C:/Documents%20and%20Settings/hadfielj/My%20Documents/ePublisher%20Pro%20Projects/caArray%20Online%20Help/Output/WebWorks%20Help%205.0/caArray%20Online%20Help/User%20Account%20Mgt.9.2.html#1143806" />
      </wwreport:Link>
    </Navigation>
    <Navigation context="details">
      <Link protocol="wwh5api">
        <Data key="BaseURI" value="file:///C:/Program%20Files/WebWorks/ePublisher%20Pro/Help/en" />
        <Data key="Context" value="reports" />
        <Data key="Topic" value="style_overrides" />
      </Link>
    </Navigation>
  </Entry>
  <Entry context="styles" type="overrides-exist" severity="warning">
    <Description>Paragraph style overrides exist for 'Table Text'.</Description>
    <Navigation context="source">
      <Link protocol="adapter">
        <Data key="Path" value="C:\Documents and Settings\hadfielj\My Documents\CBIIT Projects\caArray\caArray documentation\caArray 2.0\caArray 2.0 users guide and online help FM\User Account Mgt.fm" />
        <Data key="DocumentID" value="FA166F664264B21A" />
        <Data key="ID" value="1143808" />
      </Link>
    </Navigation>
    <Navigation context="output">
      <wwreport:Link protocol="uri" xmlns:wwreport="urn:WebWorks-Reports-Schema">
        <wwreport:Data key="URI" value="file:///C:/Documents%20and%20Settings/hadfielj/My%20Documents/ePublisher%20Pro%20Projects/caArray%20Online%20Help/Output/WebWorks%20Help%205.0/caArray%20Online%20Help/User%20Account%20Mgt.9.2.html#1143808" />
      </wwreport:Link>
    </Navigation>
    <Navigation context="details">
      <Link protocol="wwh5api">
        <Data key="BaseURI" value="file:///C:/Program%20Files/WebWorks/ePublisher%20Pro/Help/en" />
        <Data key="Context" value="reports" />
        <Data key="Topic" value="style_overrides" />
      </Link>
    </Navigation>
  </Entry>
  <Entry context="styles" type="overrides-exist" severity="warning">
    <Description>Paragraph style overrides exist for 'Table Text'.</Description>
    <Navigation context="source">
      <Link protocol="adapter">
        <Data key="Path" value="C:\Documents and Settings\hadfielj\My Documents\CBIIT Projects\caArray\caArray documentation\caArray 2.0\caArray 2.0 users guide and online help FM\User Account Mgt.fm" />
        <Data key="DocumentID" value="FA166F664264B21A" />
        <Data key="ID" value="1143814" />
      </Link>
    </Navigation>
    <Navigation context="output">
      <wwreport:Link protocol="uri" xmlns:wwreport="urn:WebWorks-Reports-Schema">
        <wwreport:Data key="URI" value="file:///C:/Documents%20and%20Settings/hadfielj/My%20Documents/ePublisher%20Pro%20Projects/caArray%20Online%20Help/Output/WebWorks%20Help%205.0/caArray%20Online%20Help/User%20Account%20Mgt.9.2.html#1143814" />
      </wwreport:Link>
    </Navigation>
    <Navigation context="details">
      <Link protocol="wwh5api">
        <Data key="BaseURI" value="file:///C:/Program%20Files/WebWorks/ePublisher%20Pro/Help/en" />
        <Data key="Context" value="reports" />
        <Data key="Topic" value="style_overrides" />
      </Link>
    </Navigation>
  </Entry>
  <Entry context="styles" type="overrides-exist" severity="warning">
    <Description>Paragraph style overrides exist for 'Table Text'.</Description>
    <Navigation context="source">
      <Link protocol="adapter">
        <Data key="Path" value="C:\Documents and Settings\hadfielj\My Documents\CBIIT Projects\caArray\caArray documentation\caArray 2.0\caArray 2.0 users guide and online help FM\User Account Mgt.fm" />
        <Data key="DocumentID" value="FA166F664264B21A" />
        <Data key="ID" value="1143816" />
      </Link>
    </Navigation>
    <Navigation context="output">
      <wwreport:Link protocol="uri" xmlns:wwreport="urn:WebWorks-Reports-Schema">
        <wwreport:Data key="URI" value="file:///C:/Documents%20and%20Settings/hadfielj/My%20Documents/ePublisher%20Pro%20Projects/caArray%20Online%20Help/Output/WebWorks%20Help%205.0/caArray%20Online%20Help/User%20Account%20Mgt.9.2.html#1143816" />
      </wwreport:Link>
    </Navigation>
    <Navigation context="details">
      <Link protocol="wwh5api">
        <Data key="BaseURI" value="file:///C:/Program%20Files/WebWorks/ePublisher%20Pro/Help/en" />
        <Data key="Context" value="reports" />
        <Data key="Topic" value="style_overrides" />
      </Link>
    </Navigation>
  </Entry>
  <Entry context="styles" type="overrides-exist" severity="warning">
    <Description>Paragraph style overrides exist for 'Table Text'.</Description>
    <Navigation context="source">
      <Link protocol="adapter">
        <Data key="Path" value="C:\Documents and Settings\hadfielj\My Documents\CBIIT Projects\caArray\caArray documentation\caArray 2.0\caArray 2.0 users guide and online help FM\User Account Mgt.fm" />
        <Data key="DocumentID" value="FA166F664264B21A" />
        <Data key="ID" value="1143822" />
      </Link>
    </Navigation>
    <Navigation context="output">
      <wwreport:Link protocol="uri" xmlns:wwreport="urn:WebWorks-Reports-Schema">
        <wwreport:Data key="URI" value="file:///C:/Documents%20and%20Settings/hadfielj/My%20Documents/ePublisher%20Pro%20Projects/caArray%20Online%20Help/Output/WebWorks%20Help%205.0/caArray%20Online%20Help/User%20Account%20Mgt.9.2.html#1143822" />
      </wwreport:Link>
    </Navigation>
    <Navigation context="details">
      <Link protocol="wwh5api">
        <Data key="BaseURI" value="file:///C:/Program%20Files/WebWorks/ePublisher%20Pro/Help/en" />
        <Data key="Context" value="reports" />
        <Data key="Topic" value="style_overrides" />
      </Link>
    </Navigation>
  </Entry>
  <Entry context="styles" type="overrides-exist" severity="warning">
    <Description>Paragraph style overrides exist for 'Table Text'.</Description>
    <Navigation context="source">
      <Link protocol="adapter">
        <Data key="Path" value="C:\Documents and Settings\hadfielj\My Documents\CBIIT Projects\caArray\caArray documentation\caArray 2.0\caArray 2.0 users guide and online help FM\User Account Mgt.fm" />
        <Data key="DocumentID" value="FA166F664264B21A" />
        <Data key="ID" value="1143824" />
      </Link>
    </Navigation>
    <Navigation context="output">
      <wwreport:Link protocol="uri" xmlns:wwreport="urn:WebWorks-Reports-Schema">
        <wwreport:Data key="URI" value="file:///C:/Documents%20and%20Settings/hadfielj/My%20Documents/ePublisher%20Pro%20Projects/caArray%20Online%20Help/Output/WebWorks%20Help%205.0/caArray%20Online%20Help/User%20Account%20Mgt.9.2.html#1143824" />
      </wwreport:Link>
    </Navigation>
    <Navigation context="details">
      <Link protocol="wwh5api">
        <Data key="BaseURI" value="file:///C:/Program%20Files/WebWorks/ePublisher%20Pro/Help/en" />
        <Data key="Context" value="reports" />
        <Data key="Topic" value="style_overrides" />
      </Link>
    </Navigation>
  </Entry>
  <Entry context="styles" type="overrides-exist" severity="warning">
    <Description>Paragraph style overrides exist for 'Table Text'.</Description>
    <Navigation context="source">
      <Link protocol="adapter">
        <Data key="Path" value="C:\Documents and Settings\hadfielj\My Documents\CBIIT Projects\caArray\caArray documentation\caArray 2.0\caArray 2.0 users guide and online help FM\User Account Mgt.fm" />
        <Data key="DocumentID" value="FA166F664264B21A" />
        <Data key="ID" value="1143826" />
      </Link>
    </Navigation>
    <Navigation context="output">
      <wwreport:Link protocol="uri" xmlns:wwreport="urn:WebWorks-Reports-Schema">
        <wwreport:Data key="URI" value="file:///C:/Documents%20and%20Settings/hadfielj/My%20Documents/ePublisher%20Pro%20Projects/caArray%20Online%20Help/Output/WebWorks%20Help%205.0/caArray%20Online%20Help/User%20Account%20Mgt.9.2.html#1143826" />
      </wwreport:Link>
    </Navigation>
    <Navigation context="details">
      <Link protocol="wwh5api">
        <Data key="BaseURI" value="file:///C:/Program%20Files/WebWorks/ePublisher%20Pro/Help/en" />
        <Data key="Context" value="reports" />
        <Data key="Topic" value="style_overrides" />
      </Link>
    </Navigation>
  </Entry>
  <Entry context="styles" type="overrides-exist" severity="warning">
    <Description>Paragraph style overrides exist for 'Table Text'.</Description>
    <Navigation context="source">
      <Link protocol="adapter">
        <Data key="Path" value="C:\Documents and Settings\hadfielj\My Documents\CBIIT Projects\caArray\caArray documentation\caArray 2.0\caArray 2.0 users guide and online help FM\User Account Mgt.fm" />
        <Data key="DocumentID" value="FA166F664264B21A" />
        <Data key="ID" value="1143828" />
      </Link>
    </Navigation>
    <Navigation context="output">
      <wwreport:Link protocol="uri" xmlns:wwreport="urn:WebWorks-Reports-Schema">
        <wwreport:Data key="URI" value="file:///C:/Documents%20and%20Settings/hadfielj/My%20Documents/ePublisher%20Pro%20Projects/caArray%20Online%20Help/Output/WebWorks%20Help%205.0/caArray%20Online%20Help/User%20Account%20Mgt.9.2.html#1143828" />
      </wwreport:Link>
    </Navigation>
    <Navigation context="details">
      <Link protocol="wwh5api">
        <Data key="BaseURI" value="file:///C:/Program%20Files/WebWorks/ePublisher%20Pro/Help/en" />
        <Data key="Context" value="reports" />
        <Data key="Topic" value="style_overrides" />
      </Link>
    </Navigation>
  </Entry>
  <Entry context="styles" type="overrides-exist" severity="warning">
    <Description>Paragraph style overrides exist for 'Table Text'.</Description>
    <Navigation context="source">
      <Link protocol="adapter">
        <Data key="Path" value="C:\Documents and Settings\hadfielj\My Documents\CBIIT Projects\caArray\caArray documentation\caArray 2.0\caArray 2.0 users guide and online help FM\User Account Mgt.fm" />
        <Data key="DocumentID" value="FA166F664264B21A" />
        <Data key="ID" value="1143830" />
      </Link>
    </Navigation>
    <Navigation context="output">
      <wwreport:Link protocol="uri" xmlns:wwreport="urn:WebWorks-Reports-Schema">
        <wwreport:Data key="URI" value="file:///C:/Documents%20and%20Settings/hadfielj/My%20Documents/ePublisher%20Pro%20Projects/caArray%20Online%20Help/Output/WebWorks%20Help%205.0/caArray%20Online%20Help/User%20Account%20Mgt.9.2.html#1143830" />
      </wwreport:Link>
    </Navigation>
    <Navigation context="details">
      <Link protocol="wwh5api">
        <Data key="BaseURI" value="file:///C:/Program%20Files/WebWorks/ePublisher%20Pro/Help/en" />
        <Data key="Context" value="reports" />
        <Data key="Topic" value="style_overrides" />
      </Link>
    </Navigation>
  </Entry>
  <Entry context="styles" type="overrides-exist" severity="warning">
    <Description>Paragraph style overrides exist for 'Table Text'.</Description>
    <Navigation context="source">
      <Link protocol="adapter">
        <Data key="Path" value="C:\Documents and Settings\hadfielj\My Documents\CBIIT Projects\caArray\caArray documentation\caArray 2.0\caArray 2.0 users guide and online help FM\User Account Mgt.fm" />
        <Data key="DocumentID" value="FA166F664264B21A" />
        <Data key="ID" value="1143832" />
      </Link>
    </Navigation>
    <Navigation context="output">
      <wwreport:Link protocol="uri" xmlns:wwreport="urn:WebWorks-Reports-Schema">
        <wwreport:Data key="URI" value="file:///C:/Documents%20and%20Settings/hadfielj/My%20Documents/ePublisher%20Pro%20Projects/caArray%20Online%20Help/Output/WebWorks%20Help%205.0/caArray%20Online%20Help/User%20Account%20Mgt.9.2.html#1143832" />
      </wwreport:Link>
    </Navigation>
    <Navigation context="details">
      <Link protocol="wwh5api">
        <Data key="BaseURI" value="file:///C:/Program%20Files/WebWorks/ePublisher%20Pro/Help/en" />
        <Data key="Context" value="reports" />
        <Data key="Topic" value="style_overrides" />
      </Link>
    </Navigation>
  </Entry>
  <Entry context="styles" type="overrides-exist" severity="warning">
    <Description>Paragraph style overrides exist for 'Table Text'.</Description>
    <Navigation context="source">
      <Link protocol="adapter">
        <Data key="Path" value="C:\Documents and Settings\hadfielj\My Documents\CBIIT Projects\caArray\caArray documentation\caArray 2.0\caArray 2.0 users guide and online help FM\User Account Mgt.fm" />
        <Data key="DocumentID" value="FA166F664264B21A" />
        <Data key="ID" value="1143834" />
      </Link>
    </Navigation>
    <Navigation context="output">
      <wwreport:Link protocol="uri" xmlns:wwreport="urn:WebWorks-Reports-Schema">
        <wwreport:Data key="URI" value="file:///C:/Documents%20and%20Settings/hadfielj/My%20Documents/ePublisher%20Pro%20Projects/caArray%20Online%20Help/Output/WebWorks%20Help%205.0/caArray%20Online%20Help/User%20Account%20Mgt.9.2.html#1143834" />
      </wwreport:Link>
    </Navigation>
    <Navigation context="details">
      <Link protocol="wwh5api">
        <Data key="BaseURI" value="file:///C:/Program%20Files/WebWorks/ePublisher%20Pro/Help/en" />
        <Data key="Context" value="reports" />
        <Data key="Topic" value="style_overrides" />
      </Link>
    </Navigation>
  </Entry>
  <Entry context="styles" type="overrides-exist" severity="warning">
    <Description>Paragraph style overrides exist for 'Table Text'.</Description>
    <Navigation context="source">
      <Link protocol="adapter">
        <Data key="Path" value="C:\Documents and Settings\hadfielj\My Documents\CBIIT Projects\caArray\caArray documentation\caArray 2.0\caArray 2.0 users guide and online help FM\User Account Mgt.fm" />
        <Data key="DocumentID" value="FA166F664264B21A" />
        <Data key="ID" value="1143836" />
      </Link>
    </Navigation>
    <Navigation context="output">
      <wwreport:Link protocol="uri" xmlns:wwreport="urn:WebWorks-Reports-Schema">
        <wwreport:Data key="URI" value="file:///C:/Documents%20and%20Settings/hadfielj/My%20Documents/ePublisher%20Pro%20Projects/caArray%20Online%20Help/Output/WebWorks%20Help%205.0/caArray%20Online%20Help/User%20Account%20Mgt.9.2.html#1143836" />
      </wwreport:Link>
    </Navigation>
    <Navigation context="details">
      <Link protocol="wwh5api">
        <Data key="BaseURI" value="file:///C:/Program%20Files/WebWorks/ePublisher%20Pro/Help/en" />
        <Data key="Context" value="reports" />
        <Data key="Topic" value="style_overrides" />
      </Link>
    </Navigation>
  </Entry>
  <Entry context="styles" type="overrides-exist" severity="warning">
    <Description>Paragraph style overrides exist for 'Table Text'.</Description>
    <Navigation context="source">
      <Link protocol="adapter">
        <Data key="Path" value="C:\Documents and Settings\hadfielj\My Documents\CBIIT Projects\caArray\caArray documentation\caArray 2.0\caArray 2.0 users guide and online help FM\User Account Mgt.fm" />
        <Data key="DocumentID" value="FA166F664264B21A" />
        <Data key="ID" value="1143840" />
      </Link>
    </Navigation>
    <Navigation context="output">
      <wwreport:Link protocol="uri" xmlns:wwreport="urn:WebWorks-Reports-Schema">
        <wwreport:Data key="URI" value="file:///C:/Documents%20and%20Settings/hadfielj/My%20Documents/ePublisher%20Pro%20Projects/caArray%20Online%20Help/Output/WebWorks%20Help%205.0/caArray%20Online%20Help/User%20Account%20Mgt.9.2.html#1143840" />
      </wwreport:Link>
    </Navigation>
    <Navigation context="details">
      <Link protocol="wwh5api">
        <Data key="BaseURI" value="file:///C:/Program%20Files/WebWorks/ePublisher%20Pro/Help/en" />
        <Data key="Context" value="reports" />
        <Data key="Topic" value="style_overrides" />
      </Link>
    </Navigation>
  </Entry>
  <Entry context="styles" type="overrides-exist" severity="warning">
    <Description>Unnamed Character style overrides exist.</Description>
    <Navigation context="source">
      <Link protocol="adapter">
        <Data key="Path" value="C:\Documents and Settings\hadfielj\My Documents\CBIIT Projects\caArray\caArray documentation\caArray 2.0\caArray 2.0 users guide and online help FM\User Account Mgt.fm" />
        <Data key="DocumentID" value="FA166F664264B21A" />
        <Data key="ID" value="1143841" />
      </Link>
    </Navigation>
    <Navigation context="output">
      <wwreport:Link protocol="uri" xmlns:wwreport="urn:WebWorks-Reports-Schema">
        <wwreport:Data key="URI" value="file:///C:/Documents%20and%20Settings/hadfielj/My%20Documents/ePublisher%20Pro%20Projects/caArray%20Online%20Help/Output/WebWorks%20Help%205.0/caArray%20Online%20Help/User%20Account%20Mgt.9.2.html#1143841" />
      </wwreport:Link>
    </Navigation>
    <Navigation context="details">
      <Link protocol="wwh5api">
        <Data key="BaseURI" value="file:///C:/Program%20Files/WebWorks/ePublisher%20Pro/Help/en" />
        <Data key="Context" value="reports" />
        <Data key="Topic" value="style_overrides" />
      </Link>
    </Navigation>
  </Entry>
  <Entry context="styles" type="overrides-exist" severity="warning">
    <Description>Paragraph style overrides exist for 'Table Text'.</Description>
    <Navigation context="source">
      <Link protocol="adapter">
        <Data key="Path" value="C:\Documents and Settings\hadfielj\My Documents\CBIIT Projects\caArray\caArray documentation\caArray 2.0\caArray 2.0 users guide and online help FM\User Account Mgt.fm" />
        <Data key="DocumentID" value="FA166F664264B21A" />
        <Data key="ID" value="1143845" />
      </Link>
    </Navigation>
    <Navigation context="output">
      <wwreport:Link protocol="uri" xmlns:wwreport="urn:WebWorks-Reports-Schema">
        <wwreport:Data key="URI" value="file:///C:/Documents%20and%20Settings/hadfielj/My%20Documents/ePublisher%20Pro%20Projects/caArray%20Online%20Help/Output/WebWorks%20Help%205.0/caArray%20Online%20Help/User%20Account%20Mgt.9.2.html#1143845" />
      </wwreport:Link>
    </Navigation>
    <Navigation context="details">
      <Link protocol="wwh5api">
        <Data key="BaseURI" value="file:///C:/Program%20Files/WebWorks/ePublisher%20Pro/Help/en" />
        <Data key="Context" value="reports" />
        <Data key="Topic" value="style_overrides" />
      </Link>
    </Navigation>
  </Entry>
  <Entry context="styles" type="overrides-exist" severity="warning">
    <Description>Character style overrides exist for 'Emphasis'.</Description>
    <Navigation context="source">
      <Link protocol="adapter">
        <Data key="Path" value="C:\Documents and Settings\hadfielj\My Documents\CBIIT Projects\caArray\caArray documentation\caArray 2.0\caArray 2.0 users guide and online help FM\User Account Mgt.fm" />
        <Data key="DocumentID" value="FA166F664264B21A" />
        <Data key="ID" value="1143845" />
      </Link>
    </Navigation>
    <Navigation context="output">
      <wwreport:Link protocol="uri" xmlns:wwreport="urn:WebWorks-Reports-Schema">
        <wwreport:Data key="URI" value="file:///C:/Documents%20and%20Settings/hadfielj/My%20Documents/ePublisher%20Pro%20Projects/caArray%20Online%20Help/Output/WebWorks%20Help%205.0/caArray%20Online%20Help/User%20Account%20Mgt.9.2.html#1143845" />
      </wwreport:Link>
    </Navigation>
    <Navigation context="details">
      <Link protocol="wwh5api">
        <Data key="BaseURI" value="file:///C:/Program%20Files/WebWorks/ePublisher%20Pro/Help/en" />
        <Data key="Context" value="reports" />
        <Data key="Topic" value="style_overrides" />
      </Link>
    </Navigation>
  </Entry>
  <Entry context="styles" type="overrides-exist" severity="warning">
    <Description>Character style overrides exist for 'Emphasis'.</Description>
    <Navigation context="source">
      <Link protocol="adapter">
        <Data key="Path" value="C:\Documents and Settings\hadfielj\My Documents\CBIIT Projects\caArray\caArray documentation\caArray 2.0\caArray 2.0 users guide and online help FM\User Account Mgt.fm" />
        <Data key="DocumentID" value="FA166F664264B21A" />
        <Data key="ID" value="1145875" />
      </Link>
    </Navigation>
    <Navigation context="output">
      <wwreport:Link protocol="uri" xmlns:wwreport="urn:WebWorks-Reports-Schema">
        <wwreport:Data key="URI" value="file:///C:/Documents%20and%20Settings/hadfielj/My%20Documents/ePublisher%20Pro%20Projects/caArray%20Online%20Help/Output/WebWorks%20Help%205.0/caArray%20Online%20Help/User%20Account%20Mgt.9.3.html#1145875" />
      </wwreport:Link>
    </Navigation>
    <Navigation context="details">
      <Link protocol="wwh5api">
        <Data key="BaseURI" value="file:///C:/Program%20Files/WebWorks/ePublisher%20Pro/Help/en" />
        <Data key="Context" value="reports" />
        <Data key="Topic" value="style_overrides" />
      </Link>
    </Navigation>
  </Entry>
  <Entry context="styles" type="overrides-exist" severity="warning">
    <Description>Character style overrides exist for 'Emphasis'.</Description>
    <Navigation context="source">
      <Link protocol="adapter">
        <Data key="Path" value="C:\Documents and Settings\hadfielj\My Documents\CBIIT Projects\caArray\caArray documentation\caArray 2.0\caArray 2.0 users guide and online help FM\User Account Mgt.fm" />
        <Data key="DocumentID" value="FA166F664264B21A" />
        <Data key="ID" value="1153392" />
      </Link>
    </Navigation>
    <Navigation context="output">
      <wwreport:Link protocol="uri" xmlns:wwreport="urn:WebWorks-Reports-Schema">
        <wwreport:Data key="URI" value="file:///C:/Documents%20and%20Settings/hadfielj/My%20Documents/ePublisher%20Pro%20Projects/caArray%20Online%20Help/Output/WebWorks%20Help%205.0/caArray%20Online%20Help/User%20Account%20Mgt.9.4.html#1153392" />
      </wwreport:Link>
    </Navigation>
    <Navigation context="details">
      <Link protocol="wwh5api">
        <Data key="BaseURI" value="file:///C:/Program%20Files/WebWorks/ePublisher%20Pro/Help/en" />
        <Data key="Context" value="reports" />
        <Data key="Topic" value="style_overrides" />
      </Link>
    </Navigation>
  </Entry>
  <Entry context="styles" type="overrides-exist" severity="warning">
    <Description>Character style overrides exist for 'Emphasis'.</Description>
    <Navigation context="source">
      <Link protocol="adapter">
        <Data key="Path" value="C:\Documents and Settings\hadfielj\My Documents\CBIIT Projects\caArray\caArray documentation\caArray 2.0\caArray 2.0 users guide and online help FM\User Account Mgt.fm" />
        <Data key="DocumentID" value="FA166F664264B21A" />
        <Data key="ID" value="1153396" />
      </Link>
    </Navigation>
    <Navigation context="output">
      <wwreport:Link protocol="uri" xmlns:wwreport="urn:WebWorks-Reports-Schema">
        <wwreport:Data key="URI" value="file:///C:/Documents%20and%20Settings/hadfielj/My%20Documents/ePublisher%20Pro%20Projects/caArray%20Online%20Help/Output/WebWorks%20Help%205.0/caArray%20Online%20Help/User%20Account%20Mgt.9.4.html#1153396" />
      </wwreport:Link>
    </Navigation>
    <Navigation context="details">
      <Link protocol="wwh5api">
        <Data key="BaseURI" value="file:///C:/Program%20Files/WebWorks/ePublisher%20Pro/Help/en" />
        <Data key="Context" value="reports" />
        <Data key="Topic" value="style_overrides" />
      </Link>
    </Navigation>
  </Entry>
  <Entry context="styles" type="overrides-exist" severity="warning">
    <Description>Character style overrides exist for 'Emphasis'.</Description>
    <Navigation context="source">
      <Link protocol="adapter">
        <Data key="Path" value="C:\Documents and Settings\hadfielj\My Documents\CBIIT Projects\caArray\caArray documentation\caArray 2.0\caArray 2.0 users guide and online help FM\User Account Mgt.fm" />
        <Data key="DocumentID" value="FA166F664264B21A" />
        <Data key="ID" value="1153400" />
      </Link>
    </Navigation>
    <Navigation context="output">
      <wwreport:Link protocol="uri" xmlns:wwreport="urn:WebWorks-Reports-Schema">
        <wwreport:Data key="URI" value="file:///C:/Documents%20and%20Settings/hadfielj/My%20Documents/ePublisher%20Pro%20Projects/caArray%20Online%20Help/Output/WebWorks%20Help%205.0/caArray%20Online%20Help/User%20Account%20Mgt.9.4.html#1153400" />
      </wwreport:Link>
    </Navigation>
    <Navigation context="details">
      <Link protocol="wwh5api">
        <Data key="BaseURI" value="file:///C:/Program%20Files/WebWorks/ePublisher%20Pro/Help/en" />
        <Data key="Context" value="reports" />
        <Data key="Topic" value="style_overrides" />
      </Link>
    </Navigation>
  </Entry>
  <Entry context="styles" type="overrides-exist" severity="warning">
    <Description>Character style overrides exist for 'Emphasis'.</Description>
    <Navigation context="source">
      <Link protocol="adapter">
        <Data key="Path" value="C:\Documents and Settings\hadfielj\My Documents\CBIIT Projects\caArray\caArray documentation\caArray 2.0\caArray 2.0 users guide and online help FM\User Account Mgt.fm" />
        <Data key="DocumentID" value="FA166F664264B21A" />
        <Data key="ID" value="1139982" />
      </Link>
    </Navigation>
    <Navigation context="output">
      <wwreport:Link protocol="uri" xmlns:wwreport="urn:WebWorks-Reports-Schema">
        <wwreport:Data key="URI" value="file:///C:/Documents%20and%20Settings/hadfielj/My%20Documents/ePublisher%20Pro%20Projects/caArray%20Online%20Help/Output/WebWorks%20Help%205.0/caArray%20Online%20Help/User%20Account%20Mgt.9.5.html#1139982" />
      </wwreport:Link>
    </Navigation>
    <Navigation context="details">
      <Link protocol="wwh5api">
        <Data key="BaseURI" value="file:///C:/Program%20Files/WebWorks/ePublisher%20Pro/Help/en" />
        <Data key="Context" value="reports" />
        <Data key="Topic" value="style_overrides" />
      </Link>
    </Navigation>
  </Entry>
  <Entry context="styles" type="overrides-exist" severity="warning">
    <Description>Unnamed Character style overrides exist.</Description>
    <Navigation context="source">
      <Link protocol="adapter">
        <Data key="Path" value="C:\Documents and Settings\hadfielj\My Documents\CBIIT Projects\caArray\caArray documentation\caArray 2.0\caArray 2.0 users guide and online help FM\User Account Mgt.fm" />
        <Data key="DocumentID" value="FA166F664264B21A" />
        <Data key="ID" value="1139986" />
      </Link>
    </Navigation>
    <Navigation context="output">
      <wwreport:Link protocol="uri" xmlns:wwreport="urn:WebWorks-Reports-Schema">
        <wwreport:Data key="URI" value="file:///C:/Documents%20and%20Settings/hadfielj/My%20Documents/ePublisher%20Pro%20Projects/caArray%20Online%20Help/Output/WebWorks%20Help%205.0/caArray%20Online%20Help/User%20Account%20Mgt.9.5.html#1139986" />
      </wwreport:Link>
    </Navigation>
    <Navigation context="details">
      <Link protocol="wwh5api">
        <Data key="BaseURI" value="file:///C:/Program%20Files/WebWorks/ePublisher%20Pro/Help/en" />
        <Data key="Context" value="reports" />
        <Data key="Topic" value="style_overrides" />
      </Link>
    </Navigation>
  </Entry>
  <Entry context="styles" type="overrides-exist" severity="warning">
    <Description>Unnamed Character style overrides exist.</Description>
    <Navigation context="source">
      <Link protocol="adapter">
        <Data key="Path" value="C:\Documents and Settings\hadfielj\My Documents\CBIIT Projects\caArray\caArray documentation\caArray 2.0\caArray 2.0 users guide and online help FM\User Account Mgt.fm" />
        <Data key="DocumentID" value="FA166F664264B21A" />
        <Data key="ID" value="1139987" />
      </Link>
    </Navigation>
    <Navigation context="output">
      <wwreport:Link protocol="uri" xmlns:wwreport="urn:WebWorks-Reports-Schema">
        <wwreport:Data key="URI" value="file:///C:/Documents%20and%20Settings/hadfielj/My%20Documents/ePublisher%20Pro%20Projects/caArray%20Online%20Help/Output/WebWorks%20Help%205.0/caArray%20Online%20Help/User%20Account%20Mgt.9.5.html#1139987" />
      </wwreport:Link>
    </Navigation>
    <Navigation context="details">
      <Link protocol="wwh5api">
        <Data key="BaseURI" value="file:///C:/Program%20Files/WebWorks/ePublisher%20Pro/Help/en" />
        <Data key="Context" value="reports" />
        <Data key="Topic" value="style_overrides" />
      </Link>
    </Navigation>
  </Entry>
  <Entry context="styles" type="overrides-exist" severity="warning">
    <Description>Paragraph style overrides exist for 'Numbered List'.</Description>
    <Navigation context="source">
      <Link protocol="adapter">
        <Data key="Path" value="C:\Documents and Settings\hadfielj\My Documents\CBIIT Projects\caArray\caArray documentation\caArray 2.0\caArray 2.0 users guide and online help FM\User Account Mgt.fm" />
        <Data key="DocumentID" value="FA166F664264B21A" />
        <Data key="ID" value="1139988" />
      </Link>
    </Navigation>
    <Navigation context="output">
      <wwreport:Link protocol="uri" xmlns:wwreport="urn:WebWorks-Reports-Schema">
        <wwreport:Data key="URI" value="file:///C:/Documents%20and%20Settings/hadfielj/My%20Documents/ePublisher%20Pro%20Projects/caArray%20Online%20Help/Output/WebWorks%20Help%205.0/caArray%20Online%20Help/User%20Account%20Mgt.9.5.html#1139988" />
      </wwreport:Link>
    </Navigation>
    <Navigation context="details">
      <Link protocol="wwh5api">
        <Data key="BaseURI" value="file:///C:/Program%20Files/WebWorks/ePublisher%20Pro/Help/en" />
        <Data key="Context" value="reports" />
        <Data key="Topic" value="style_overrides" />
      </Link>
    </Navigation>
  </Entry>
  <Entry context="styles" type="overrides-exist" severity="warning">
    <Description>Unnamed Character style overrides exist.</Description>
    <Navigation context="source">
      <Link protocol="adapter">
        <Data key="Path" value="C:\Documents and Settings\hadfielj\My Documents\CBIIT Projects\caArray\caArray documentation\caArray 2.0\caArray 2.0 users guide and online help FM\User Account Mgt.fm" />
        <Data key="DocumentID" value="FA166F664264B21A" />
        <Data key="ID" value="1139988" />
      </Link>
    </Navigation>
    <Navigation context="output">
      <wwreport:Link protocol="uri" xmlns:wwreport="urn:WebWorks-Reports-Schema">
        <wwreport:Data key="URI" value="file:///C:/Documents%20and%20Settings/hadfielj/My%20Documents/ePublisher%20Pro%20Projects/caArray%20Online%20Help/Output/WebWorks%20Help%205.0/caArray%20Online%20Help/User%20Account%20Mgt.9.5.html#1139988" />
      </wwreport:Link>
    </Navigation>
    <Navigation context="details">
      <Link protocol="wwh5api">
        <Data key="BaseURI" value="file:///C:/Program%20Files/WebWorks/ePublisher%20Pro/Help/en" />
        <Data key="Context" value="reports" />
        <Data key="Topic" value="style_overrides" />
      </Link>
    </Navigation>
  </Entry>
  <Entry context="styles" type="overrides-exist" severity="warning">
    <Description>Unnamed Character style overrides exist.</Description>
    <Navigation context="source">
      <Link protocol="adapter">
        <Data key="Path" value="C:\Documents and Settings\hadfielj\My Documents\CBIIT Projects\caArray\caArray documentation\caArray 2.0\caArray 2.0 users guide and online help FM\User Account Mgt.fm" />
        <Data key="DocumentID" value="FA166F664264B21A" />
        <Data key="ID" value="1139988" />
      </Link>
    </Navigation>
    <Navigation context="output">
      <wwreport:Link protocol="uri" xmlns:wwreport="urn:WebWorks-Reports-Schema">
        <wwreport:Data key="URI" value="file:///C:/Documents%20and%20Settings/hadfielj/My%20Documents/ePublisher%20Pro%20Projects/caArray%20Online%20Help/Output/WebWorks%20Help%205.0/caArray%20Online%20Help/User%20Account%20Mgt.9.5.html#1139988" />
      </wwreport:Link>
    </Navigation>
    <Navigation context="details">
      <Link protocol="wwh5api">
        <Data key="BaseURI" value="file:///C:/Program%20Files/WebWorks/ePublisher%20Pro/Help/en" />
        <Data key="Context" value="reports" />
        <Data key="Topic" value="style_overrides" />
      </Link>
    </Navigation>
  </Entry>
  <Entry context="styles" type="overrides-exist" severity="warning">
    <Description>Unnamed Character style overrides exist.</Description>
    <Navigation context="source">
      <Link protocol="adapter">
        <Data key="Path" value="C:\Documents and Settings\hadfielj\My Documents\CBIIT Projects\caArray\caArray documentation\caArray 2.0\caArray 2.0 users guide and online help FM\User Account Mgt.fm" />
        <Data key="DocumentID" value="FA166F664264B21A" />
        <Data key="ID" value="1139992" />
      </Link>
    </Navigation>
    <Navigation context="output">
      <wwreport:Link protocol="uri" xmlns:wwreport="urn:WebWorks-Reports-Schema">
        <wwreport:Data key="URI" value="file:///C:/Documents%20and%20Settings/hadfielj/My%20Documents/ePublisher%20Pro%20Projects/caArray%20Online%20Help/Output/WebWorks%20Help%205.0/caArray%20Online%20Help/User%20Account%20Mgt.9.5.html#1139992" />
      </wwreport:Link>
    </Navigation>
    <Navigation context="details">
      <Link protocol="wwh5api">
        <Data key="BaseURI" value="file:///C:/Program%20Files/WebWorks/ePublisher%20Pro/Help/en" />
        <Data key="Context" value="reports" />
        <Data key="Topic" value="style_overrides" />
      </Link>
    </Navigation>
  </Entry>
  <Entry context="styles" type="overrides-exist" severity="warning">
    <Description>Unnamed Character style overrides exist.</Description>
    <Navigation context="source">
      <Link protocol="adapter">
        <Data key="Path" value="C:\Documents and Settings\hadfielj\My Documents\CBIIT Projects\caArray\caArray documentation\caArray 2.0\caArray 2.0 users guide and online help FM\User Account Mgt.fm" />
        <Data key="DocumentID" value="FA166F664264B21A" />
        <Data key="ID" value="1148774" />
      </Link>
    </Navigation>
    <Navigation context="output">
      <wwreport:Link protocol="uri" xmlns:wwreport="urn:WebWorks-Reports-Schema">
        <wwreport:Data key="URI" value="file:///C:/Documents%20and%20Settings/hadfielj/My%20Documents/ePublisher%20Pro%20Projects/caArray%20Online%20Help/Output/WebWorks%20Help%205.0/caArray%20Online%20Help/User%20Account%20Mgt.9.5.html#1148774" />
      </wwreport:Link>
    </Navigation>
    <Navigation context="details">
      <Link protocol="wwh5api">
        <Data key="BaseURI" value="file:///C:/Program%20Files/WebWorks/ePublisher%20Pro/Help/en" />
        <Data key="Context" value="reports" />
        <Data key="Topic" value="style_overrides" />
      </Link>
    </Navigation>
  </Entry>
  <Entry context="styles" type="overrides-exist" severity="warning">
    <Description>Unnamed Character style overrides exist.</Description>
    <Navigation context="source">
      <Link protocol="adapter">
        <Data key="Path" value="C:\Documents and Settings\hadfielj\My Documents\CBIIT Projects\caArray\caArray documentation\caArray 2.0\caArray 2.0 users guide and online help FM\User Account Mgt.fm" />
        <Data key="DocumentID" value="FA166F664264B21A" />
        <Data key="ID" value="1153311" />
      </Link>
    </Navigation>
    <Navigation context="output">
      <wwreport:Link protocol="uri" xmlns:wwreport="urn:WebWorks-Reports-Schema">
        <wwreport:Data key="URI" value="file:///C:/Documents%20and%20Settings/hadfielj/My%20Documents/ePublisher%20Pro%20Projects/caArray%20Online%20Help/Output/WebWorks%20Help%205.0/caArray%20Online%20Help/User%20Account%20Mgt.9.5.html#1153311" />
      </wwreport:Link>
    </Navigation>
    <Navigation context="details">
      <Link protocol="wwh5api">
        <Data key="BaseURI" value="file:///C:/Program%20Files/WebWorks/ePublisher%20Pro/Help/en" />
        <Data key="Context" value="reports" />
        <Data key="Topic" value="style_overrides" />
      </Link>
    </Navigation>
  </Entry>
  <Entry context="styles" type="overrides-exist" severity="warning">
    <Description>Unnamed Character style overrides exist.</Description>
    <Navigation context="source">
      <Link protocol="adapter">
        <Data key="Path" value="C:\Documents and Settings\hadfielj\My Documents\CBIIT Projects\caArray\caArray documentation\caArray 2.0\caArray 2.0 users guide and online help FM\User Account Mgt.fm" />
        <Data key="DocumentID" value="FA166F664264B21A" />
        <Data key="ID" value="1153311" />
      </Link>
    </Navigation>
    <Navigation context="output">
      <wwreport:Link protocol="uri" xmlns:wwreport="urn:WebWorks-Reports-Schema">
        <wwreport:Data key="URI" value="file:///C:/Documents%20and%20Settings/hadfielj/My%20Documents/ePublisher%20Pro%20Projects/caArray%20Online%20Help/Output/WebWorks%20Help%205.0/caArray%20Online%20Help/User%20Account%20Mgt.9.5.html#1153311" />
      </wwreport:Link>
    </Navigation>
    <Navigation context="details">
      <Link protocol="wwh5api">
        <Data key="BaseURI" value="file:///C:/Program%20Files/WebWorks/ePublisher%20Pro/Help/en" />
        <Data key="Context" value="reports" />
        <Data key="Topic" value="style_overrides" />
      </Link>
    </Navigation>
  </Entry>
  <Entry context="styles" type="overrides-exist" severity="warning">
    <Description>Paragraph style overrides exist for 'Numbered List'.</Description>
    <Navigation context="source">
      <Link protocol="adapter">
        <Data key="Path" value="C:\Documents and Settings\hadfielj\My Documents\CBIIT Projects\caArray\caArray documentation\caArray 2.0\caArray 2.0 users guide and online help FM\User Account Mgt.fm" />
        <Data key="DocumentID" value="FA166F664264B21A" />
        <Data key="ID" value="1148509" />
      </Link>
    </Navigation>
    <Navigation context="output">
      <wwreport:Link protocol="uri" xmlns:wwreport="urn:WebWorks-Reports-Schema">
        <wwreport:Data key="URI" value="file:///C:/Documents%20and%20Settings/hadfielj/My%20Documents/ePublisher%20Pro%20Projects/caArray%20Online%20Help/Output/WebWorks%20Help%205.0/caArray%20Online%20Help/User%20Account%20Mgt.9.5.html#1148509" />
      </wwreport:Link>
    </Navigation>
    <Navigation context="details">
      <Link protocol="wwh5api">
        <Data key="BaseURI" value="file:///C:/Program%20Files/WebWorks/ePublisher%20Pro/Help/en" />
        <Data key="Context" value="reports" />
        <Data key="Topic" value="style_overrides" />
      </Link>
    </Navigation>
  </Entry>
  <Entry context="styles" type="overrides-exist" severity="warning">
    <Description>Unnamed Character style overrides exist.</Description>
    <Navigation context="source">
      <Link protocol="adapter">
        <Data key="Path" value="C:\Documents and Settings\hadfielj\My Documents\CBIIT Projects\caArray\caArray documentation\caArray 2.0\caArray 2.0 users guide and online help FM\User Account Mgt.fm" />
        <Data key="DocumentID" value="FA166F664264B21A" />
        <Data key="ID" value="1148509" />
      </Link>
    </Navigation>
    <Navigation context="output">
      <wwreport:Link protocol="uri" xmlns:wwreport="urn:WebWorks-Reports-Schema">
        <wwreport:Data key="URI" value="file:///C:/Documents%20and%20Settings/hadfielj/My%20Documents/ePublisher%20Pro%20Projects/caArray%20Online%20Help/Output/WebWorks%20Help%205.0/caArray%20Online%20Help/User%20Account%20Mgt.9.5.html#1148509" />
      </wwreport:Link>
    </Navigation>
    <Navigation context="details">
      <Link protocol="wwh5api">
        <Data key="BaseURI" value="file:///C:/Program%20Files/WebWorks/ePublisher%20Pro/Help/en" />
        <Data key="Context" value="reports" />
        <Data key="Topic" value="style_overrides" />
      </Link>
    </Navigation>
  </Entry>
  <Entry context="styles" type="overrides-exist" severity="warning">
    <Description>Paragraph style overrides exist for 'Numbered List'.</Description>
    <Navigation context="source">
      <Link protocol="adapter">
        <Data key="Path" value="C:\Documents and Settings\hadfielj\My Documents\CBIIT Projects\caArray\caArray documentation\caArray 2.0\caArray 2.0 users guide and online help FM\User Account Mgt.fm" />
        <Data key="DocumentID" value="FA166F664264B21A" />
        <Data key="ID" value="1148525" />
      </Link>
    </Navigation>
    <Navigation context="output">
      <wwreport:Link protocol="uri" xmlns:wwreport="urn:WebWorks-Reports-Schema">
        <wwreport:Data key="URI" value="file:///C:/Documents%20and%20Settings/hadfielj/My%20Documents/ePublisher%20Pro%20Projects/caArray%20Online%20Help/Output/WebWorks%20Help%205.0/caArray%20Online%20Help/User%20Account%20Mgt.9.5.html#1148525" />
      </wwreport:Link>
    </Navigation>
    <Navigation context="details">
      <Link protocol="wwh5api">
        <Data key="BaseURI" value="file:///C:/Program%20Files/WebWorks/ePublisher%20Pro/Help/en" />
        <Data key="Context" value="reports" />
        <Data key="Topic" value="style_overrides" />
      </Link>
    </Navigation>
  </Entry>
  <Entry context="styles" type="overrides-exist" severity="warning">
    <Description>Unnamed Character style overrides exist.</Description>
    <Navigation context="source">
      <Link protocol="adapter">
        <Data key="Path" value="C:\Documents and Settings\hadfielj\My Documents\CBIIT Projects\caArray\caArray documentation\caArray 2.0\caArray 2.0 users guide and online help FM\User Account Mgt.fm" />
        <Data key="DocumentID" value="FA166F664264B21A" />
        <Data key="ID" value="1148525" />
      </Link>
    </Navigation>
    <Navigation context="output">
      <wwreport:Link protocol="uri" xmlns:wwreport="urn:WebWorks-Reports-Schema">
        <wwreport:Data key="URI" value="file:///C:/Documents%20and%20Settings/hadfielj/My%20Documents/ePublisher%20Pro%20Projects/caArray%20Online%20Help/Output/WebWorks%20Help%205.0/caArray%20Online%20Help/User%20Account%20Mgt.9.5.html#1148525" />
      </wwreport:Link>
    </Navigation>
    <Navigation context="details">
      <Link protocol="wwh5api">
        <Data key="BaseURI" value="file:///C:/Program%20Files/WebWorks/ePublisher%20Pro/Help/en" />
        <Data key="Context" value="reports" />
        <Data key="Topic" value="style_overrides" />
      </Link>
    </Navigation>
  </Entry>
  <Entry context="styles" type="overrides-exist" severity="warning">
    <Description>Unnamed Character style overrides exist.</Description>
    <Navigation context="source">
      <Link protocol="adapter">
        <Data key="Path" value="C:\Documents and Settings\hadfielj\My Documents\CBIIT Projects\caArray\caArray documentation\caArray 2.0\caArray 2.0 users guide and online help FM\User Account Mgt.fm" />
        <Data key="DocumentID" value="FA166F664264B21A" />
        <Data key="ID" value="1148810" />
      </Link>
    </Navigation>
    <Navigation context="output">
      <wwreport:Link protocol="uri" xmlns:wwreport="urn:WebWorks-Reports-Schema">
        <wwreport:Data key="URI" value="file:///C:/Documents%20and%20Settings/hadfielj/My%20Documents/ePublisher%20Pro%20Projects/caArray%20Online%20Help/Output/WebWorks%20Help%205.0/caArray%20Online%20Help/User%20Account%20Mgt.9.5.html#1148810" />
      </wwreport:Link>
    </Navigation>
    <Navigation context="details">
      <Link protocol="wwh5api">
        <Data key="BaseURI" value="file:///C:/Program%20Files/WebWorks/ePublisher%20Pro/Help/en" />
        <Data key="Context" value="reports" />
        <Data key="Topic" value="style_overrides" />
      </Link>
    </Navigation>
  </Entry>
  <Entry context="styles" type="overrides-exist" severity="warning">
    <Description>Paragraph style overrides exist for 'Numbered List'.</Description>
    <Navigation context="source">
      <Link protocol="adapter">
        <Data key="Path" value="C:\Documents and Settings\hadfielj\My Documents\CBIIT Projects\caArray\caArray documentation\caArray 2.0\caArray 2.0 users guide and online help FM\User Account Mgt.fm" />
        <Data key="DocumentID" value="FA166F664264B21A" />
        <Data key="ID" value="1148553" />
      </Link>
    </Navigation>
    <Navigation context="output">
      <wwreport:Link protocol="uri" xmlns:wwreport="urn:WebWorks-Reports-Schema">
        <wwreport:Data key="URI" value="file:///C:/Documents%20and%20Settings/hadfielj/My%20Documents/ePublisher%20Pro%20Projects/caArray%20Online%20Help/Output/WebWorks%20Help%205.0/caArray%20Online%20Help/User%20Account%20Mgt.9.5.html#1148553" />
      </wwreport:Link>
    </Navigation>
    <Navigation context="details">
      <Link protocol="wwh5api">
        <Data key="BaseURI" value="file:///C:/Program%20Files/WebWorks/ePublisher%20Pro/Help/en" />
        <Data key="Context" value="reports" />
        <Data key="Topic" value="style_overrides" />
      </Link>
    </Navigation>
  </Entry>
  <Entry context="styles" type="overrides-exist" severity="warning">
    <Description>Unnamed Character style overrides exist.</Description>
    <Navigation context="source">
      <Link protocol="adapter">
        <Data key="Path" value="C:\Documents and Settings\hadfielj\My Documents\CBIIT Projects\caArray\caArray documentation\caArray 2.0\caArray 2.0 users guide and online help FM\User Account Mgt.fm" />
        <Data key="DocumentID" value="FA166F664264B21A" />
        <Data key="ID" value="1148553" />
      </Link>
    </Navigation>
    <Navigation context="output">
      <wwreport:Link protocol="uri" xmlns:wwreport="urn:WebWorks-Reports-Schema">
        <wwreport:Data key="URI" value="file:///C:/Documents%20and%20Settings/hadfielj/My%20Documents/ePublisher%20Pro%20Projects/caArray%20Online%20Help/Output/WebWorks%20Help%205.0/caArray%20Online%20Help/User%20Account%20Mgt.9.5.html#1148553" />
      </wwreport:Link>
    </Navigation>
    <Navigation context="details">
      <Link protocol="wwh5api">
        <Data key="BaseURI" value="file:///C:/Program%20Files/WebWorks/ePublisher%20Pro/Help/en" />
        <Data key="Context" value="reports" />
        <Data key="Topic" value="style_overrides" />
      </Link>
    </Navigation>
  </Entry>
  <Entry context="styles" type="overrides-exist" severity="warning">
    <Description>Unnamed Character style overrides exist.</Description>
    <Navigation context="source">
      <Link protocol="adapter">
        <Data key="Path" value="C:\Documents and Settings\hadfielj\My Documents\CBIIT Projects\caArray\caArray documentation\caArray 2.0\caArray 2.0 users guide and online help FM\User Account Mgt.fm" />
        <Data key="DocumentID" value="FA166F664264B21A" />
        <Data key="ID" value="1153928" />
      </Link>
    </Navigation>
    <Navigation context="output">
      <wwreport:Link protocol="uri" xmlns:wwreport="urn:WebWorks-Reports-Schema">
        <wwreport:Data key="URI" value="file:///C:/Documents%20and%20Settings/hadfielj/My%20Documents/ePublisher%20Pro%20Projects/caArray%20Online%20Help/Output/WebWorks%20Help%205.0/caArray%20Online%20Help/User%20Account%20Mgt.9.5.html#1153928" />
      </wwreport:Link>
    </Navigation>
    <Navigation context="details">
      <Link protocol="wwh5api">
        <Data key="BaseURI" value="file:///C:/Program%20Files/WebWorks/ePublisher%20Pro/Help/en" />
        <Data key="Context" value="reports" />
        <Data key="Topic" value="style_overrides" />
      </Link>
    </Navigation>
  </Entry>
  <Entry context="styles" type="overrides-exist" severity="warning">
    <Description>Character style overrides exist for 'Emphasis'.</Description>
    <Navigation context="source">
      <Link protocol="adapter">
        <Data key="Path" value="C:\Documents and Settings\hadfielj\My Documents\CBIIT Projects\caArray\caArray documentation\caArray 2.0\caArray 2.0 users guide and online help FM\User Account Mgt.fm" />
        <Data key="DocumentID" value="FA166F664264B21A" />
        <Data key="ID" value="1153932" />
      </Link>
    </Navigation>
    <Navigation context="output">
      <wwreport:Link protocol="uri" xmlns:wwreport="urn:WebWorks-Reports-Schema">
        <wwreport:Data key="URI" value="file:///C:/Documents%20and%20Settings/hadfielj/My%20Documents/ePublisher%20Pro%20Projects/caArray%20Online%20Help/Output/WebWorks%20Help%205.0/caArray%20Online%20Help/User%20Account%20Mgt.9.5.html#1153932" />
      </wwreport:Link>
    </Navigation>
    <Navigation context="details">
      <Link protocol="wwh5api">
        <Data key="BaseURI" value="file:///C:/Program%20Files/WebWorks/ePublisher%20Pro/Help/en" />
        <Data key="Context" value="reports" />
        <Data key="Topic" value="style_overrides" />
      </Link>
    </Navigation>
  </Entry>
  <Entry context="styles" type="overrides-exist" severity="warning">
    <Description>Character style overrides exist for 'Emphasis'.</Description>
    <Navigation context="source">
      <Link protocol="adapter">
        <Data key="Path" value="C:\Documents and Settings\hadfielj\My Documents\CBIIT Projects\caArray\caArray documentation\caArray 2.0\caArray 2.0 users guide and online help FM\User Account Mgt.fm" />
        <Data key="DocumentID" value="FA166F664264B21A" />
        <Data key="ID" value="1153939" />
      </Link>
    </Navigation>
    <Navigation context="output">
      <wwreport:Link protocol="uri" xmlns:wwreport="urn:WebWorks-Reports-Schema">
        <wwreport:Data key="URI" value="file:///C:/Documents%20and%20Settings/hadfielj/My%20Documents/ePublisher%20Pro%20Projects/caArray%20Online%20Help/Output/WebWorks%20Help%205.0/caArray%20Online%20Help/User%20Account%20Mgt.9.5.html#1153939" />
      </wwreport:Link>
    </Navigation>
    <Navigation context="details">
      <Link protocol="wwh5api">
        <Data key="BaseURI" value="file:///C:/Program%20Files/WebWorks/ePublisher%20Pro/Help/en" />
        <Data key="Context" value="reports" />
        <Data key="Topic" value="style_overrides" />
      </Link>
    </Navigation>
  </Entry>
  <Entry context="styles" type="overrides-exist" severity="warning">
    <Description>Character style overrides exist for 'Emphasis'.</Description>
    <Navigation context="source">
      <Link protocol="adapter">
        <Data key="Path" value="C:\Documents and Settings\hadfielj\My Documents\CBIIT Projects\caArray\caArray documentation\caArray 2.0\caArray 2.0 users guide and online help FM\User Account Mgt.fm" />
        <Data key="DocumentID" value="FA166F664264B21A" />
        <Data key="ID" value="1153936" />
      </Link>
    </Navigation>
    <Navigation context="output">
      <wwreport:Link protocol="uri" xmlns:wwreport="urn:WebWorks-Reports-Schema">
        <wwreport:Data key="URI" value="file:///C:/Documents%20and%20Settings/hadfielj/My%20Documents/ePublisher%20Pro%20Projects/caArray%20Online%20Help/Output/WebWorks%20Help%205.0/caArray%20Online%20Help/User%20Account%20Mgt.9.5.html#1153936" />
      </wwreport:Link>
    </Navigation>
    <Navigation context="details">
      <Link protocol="wwh5api">
        <Data key="BaseURI" value="file:///C:/Program%20Files/WebWorks/ePublisher%20Pro/Help/en" />
        <Data key="Context" value="reports" />
        <Data key="Topic" value="style_overrides" />
      </Link>
    </Navigation>
  </Entry>
  <Entry context="styles" type="overrides-exist" severity="warning">
    <Description>Character style overrides exist for 'Emphasis'.</Description>
    <Navigation context="source">
      <Link protocol="adapter">
        <Data key="Path" value="C:\Documents and Settings\hadfielj\My Documents\CBIIT Projects\caArray\caArray documentation\caArray 2.0\caArray 2.0 users guide and online help FM\User Account Mgt.fm" />
        <Data key="DocumentID" value="FA166F664264B21A" />
        <Data key="ID" value="1153455" />
      </Link>
    </Navigation>
    <Navigation context="output">
      <wwreport:Link protocol="uri" xmlns:wwreport="urn:WebWorks-Reports-Schema">
        <wwreport:Data key="URI" value="file:///C:/Documents%20and%20Settings/hadfielj/My%20Documents/ePublisher%20Pro%20Projects/caArray%20Online%20Help/Output/WebWorks%20Help%205.0/caArray%20Online%20Help/User%20Account%20Mgt.9.6.html#1153455" />
      </wwreport:Link>
    </Navigation>
    <Navigation context="details">
      <Link protocol="wwh5api">
        <Data key="BaseURI" value="file:///C:/Program%20Files/WebWorks/ePublisher%20Pro/Help/en" />
        <Data key="Context" value="reports" />
        <Data key="Topic" value="style_overrides" />
      </Link>
    </Navigation>
  </Entry>
  <Entry context="styles" type="overrides-exist" severity="warning">
    <Description>Character style overrides exist for 'Emphasis'.</Description>
    <Navigation context="source">
      <Link protocol="adapter">
        <Data key="Path" value="C:\Documents and Settings\hadfielj\My Documents\CBIIT Projects\caArray\caArray documentation\caArray 2.0\caArray 2.0 users guide and online help FM\User Account Mgt.fm" />
        <Data key="DocumentID" value="FA166F664264B21A" />
        <Data key="ID" value="1153463" />
      </Link>
    </Navigation>
    <Navigation context="output">
      <wwreport:Link protocol="uri" xmlns:wwreport="urn:WebWorks-Reports-Schema">
        <wwreport:Data key="URI" value="file:///C:/Documents%20and%20Settings/hadfielj/My%20Documents/ePublisher%20Pro%20Projects/caArray%20Online%20Help/Output/WebWorks%20Help%205.0/caArray%20Online%20Help/User%20Account%20Mgt.9.6.html#1153463" />
      </wwreport:Link>
    </Navigation>
    <Navigation context="details">
      <Link protocol="wwh5api">
        <Data key="BaseURI" value="file:///C:/Program%20Files/WebWorks/ePublisher%20Pro/Help/en" />
        <Data key="Context" value="reports" />
        <Data key="Topic" value="style_overrides" />
      </Link>
    </Navigation>
  </Entry>
  <Entry context="styles" type="overrides-exist" severity="warning">
    <Description>Unnamed Character style overrides exist.</Description>
    <Navigation context="source">
      <Link protocol="adapter">
        <Data key="Path" value="C:\Documents and Settings\hadfielj\My Documents\CBIIT Projects\caArray\caArray documentation\caArray 2.0\caArray 2.0 users guide and online help FM\User Account Mgt.fm" />
        <Data key="DocumentID" value="FA166F664264B21A" />
        <Data key="ID" value="1081059" />
      </Link>
    </Navigation>
    <Navigation context="output">
      <wwreport:Link protocol="uri" xmlns:wwreport="urn:WebWorks-Reports-Schema">
        <wwreport:Data key="URI" value="file:///C:/Documents%20and%20Settings/hadfielj/My%20Documents/ePublisher%20Pro%20Projects/caArray%20Online%20Help/Output/WebWorks%20Help%205.0/caArray%20Online%20Help/User%20Account%20Mgt.9.7.html#1081059" />
      </wwreport:Link>
    </Navigation>
    <Navigation context="details">
      <Link protocol="wwh5api">
        <Data key="BaseURI" value="file:///C:/Program%20Files/WebWorks/ePublisher%20Pro/Help/en" />
        <Data key="Context" value="reports" />
        <Data key="Topic" value="style_overrides" />
      </Link>
    </Navigation>
  </Entry>
  <Entry context="styles" type="overrides-exist" severity="warning">
    <Description>Unnamed Character style overrides exist.</Description>
    <Navigation context="source">
      <Link protocol="adapter">
        <Data key="Path" value="C:\Documents and Settings\hadfielj\My Documents\CBIIT Projects\caArray\caArray documentation\caArray 2.0\caArray 2.0 users guide and online help FM\User Account Mgt.fm" />
        <Data key="DocumentID" value="FA166F664264B21A" />
        <Data key="ID" value="1081059" />
      </Link>
    </Navigation>
    <Navigation context="output">
      <wwreport:Link protocol="uri" xmlns:wwreport="urn:WebWorks-Reports-Schema">
        <wwreport:Data key="URI" value="file:///C:/Documents%20and%20Settings/hadfielj/My%20Documents/ePublisher%20Pro%20Projects/caArray%20Online%20Help/Output/WebWorks%20Help%205.0/caArray%20Online%20Help/User%20Account%20Mgt.9.7.html#1081059" />
      </wwreport:Link>
    </Navigation>
    <Navigation context="details">
      <Link protocol="wwh5api">
        <Data key="BaseURI" value="file:///C:/Program%20Files/WebWorks/ePublisher%20Pro/Help/en" />
        <Data key="Context" value="reports" />
        <Data key="Topic" value="style_overrides" />
      </Link>
    </Navigation>
  </Entry>
  <Entry context="styles" type="overrides-exist" severity="warning">
    <Description>Paragraph style overrides exist for 'Numbered List'.</Description>
    <Navigation context="source">
      <Link protocol="adapter">
        <Data key="Path" value="C:\Documents and Settings\hadfielj\My Documents\CBIIT Projects\caArray\caArray documentation\caArray 2.0\caArray 2.0 users guide and online help FM\User Account Mgt.fm" />
        <Data key="DocumentID" value="FA166F664264B21A" />
        <Data key="ID" value="1135078" />
      </Link>
    </Navigation>
    <Navigation context="output">
      <wwreport:Link protocol="uri" xmlns:wwreport="urn:WebWorks-Reports-Schema">
        <wwreport:Data key="URI" value="file:///C:/Documents%20and%20Settings/hadfielj/My%20Documents/ePublisher%20Pro%20Projects/caArray%20Online%20Help/Output/WebWorks%20Help%205.0/caArray%20Online%20Help/User%20Account%20Mgt.9.7.html#1135078" />
      </wwreport:Link>
    </Navigation>
    <Navigation context="details">
      <Link protocol="wwh5api">
        <Data key="BaseURI" value="file:///C:/Program%20Files/WebWorks/ePublisher%20Pro/Help/en" />
        <Data key="Context" value="reports" />
        <Data key="Topic" value="style_overrides" />
      </Link>
    </Navigation>
  </Entry>
  <Entry context="styles" type="overrides-exist" severity="warning">
    <Description>Paragraph style overrides exist for 'Table Text'.</Description>
    <Navigation context="source">
      <Link protocol="adapter">
        <Data key="Path" value="C:\Documents and Settings\hadfielj\My Documents\CBIIT Projects\caArray\caArray documentation\caArray 2.0\caArray 2.0 users guide and online help FM\User Account Mgt.fm" />
        <Data key="DocumentID" value="FA166F664264B21A" />
        <Data key="ID" value="1149013" />
      </Link>
    </Navigation>
    <Navigation context="output">
      <wwreport:Link protocol="uri" xmlns:wwreport="urn:WebWorks-Reports-Schema">
        <wwreport:Data key="URI" value="file:///C:/Documents%20and%20Settings/hadfielj/My%20Documents/ePublisher%20Pro%20Projects/caArray%20Online%20Help/Output/WebWorks%20Help%205.0/caArray%20Online%20Help/User%20Account%20Mgt.9.7.html#1149013" />
      </wwreport:Link>
    </Navigation>
    <Navigation context="details">
      <Link protocol="wwh5api">
        <Data key="BaseURI" value="file:///C:/Program%20Files/WebWorks/ePublisher%20Pro/Help/en" />
        <Data key="Context" value="reports" />
        <Data key="Topic" value="style_overrides" />
      </Link>
    </Navigation>
  </Entry>
  <Entry context="styles" type="overrides-exist" severity="warning">
    <Description>Paragraph style overrides exist for 'Table Text'.</Description>
    <Navigation context="source">
      <Link protocol="adapter">
        <Data key="Path" value="C:\Documents and Settings\hadfielj\My Documents\CBIIT Projects\caArray\caArray documentation\caArray 2.0\caArray 2.0 users guide and online help FM\User Account Mgt.fm" />
        <Data key="DocumentID" value="FA166F664264B21A" />
        <Data key="ID" value="1136269" />
      </Link>
    </Navigation>
    <Navigation context="output">
      <wwreport:Link protocol="uri" xmlns:wwreport="urn:WebWorks-Reports-Schema">
        <wwreport:Data key="URI" value="file:///C:/Documents%20and%20Settings/hadfielj/My%20Documents/ePublisher%20Pro%20Projects/caArray%20Online%20Help/Output/WebWorks%20Help%205.0/caArray%20Online%20Help/User%20Account%20Mgt.9.7.html#1136269" />
      </wwreport:Link>
    </Navigation>
    <Navigation context="details">
      <Link protocol="wwh5api">
        <Data key="BaseURI" value="file:///C:/Program%20Files/WebWorks/ePublisher%20Pro/Help/en" />
        <Data key="Context" value="reports" />
        <Data key="Topic" value="style_overrides" />
      </Link>
    </Navigation>
  </Entry>
  <Entry context="styles" type="overrides-exist" severity="warning">
    <Description>Unnamed Character style overrides exist.</Description>
    <Navigation context="source">
      <Link protocol="adapter">
        <Data key="Path" value="C:\Documents and Settings\hadfielj\My Documents\CBIIT Projects\caArray\caArray documentation\caArray 2.0\caArray 2.0 users guide and online help FM\User Account Mgt.fm" />
        <Data key="DocumentID" value="FA166F664264B21A" />
        <Data key="ID" value="1136368" />
      </Link>
    </Navigation>
    <Navigation context="output">
      <wwreport:Link protocol="uri" xmlns:wwreport="urn:WebWorks-Reports-Schema">
        <wwreport:Data key="URI" value="file:///C:/Documents%20and%20Settings/hadfielj/My%20Documents/ePublisher%20Pro%20Projects/caArray%20Online%20Help/Output/WebWorks%20Help%205.0/caArray%20Online%20Help/User%20Account%20Mgt.9.7.html#1136368" />
      </wwreport:Link>
    </Navigation>
    <Navigation context="details">
      <Link protocol="wwh5api">
        <Data key="BaseURI" value="file:///C:/Program%20Files/WebWorks/ePublisher%20Pro/Help/en" />
        <Data key="Context" value="reports" />
        <Data key="Topic" value="style_overrides" />
      </Link>
    </Navigation>
  </Entry>
  <Entry context="styles" type="overrides-exist" severity="warning">
    <Description>Paragraph style overrides exist for 'Table Text'.</Description>
    <Navigation context="source">
      <Link protocol="adapter">
        <Data key="Path" value="C:\Documents and Settings\hadfielj\My Documents\CBIIT Projects\caArray\caArray documentation\caArray 2.0\caArray 2.0 users guide and online help FM\User Account Mgt.fm" />
        <Data key="DocumentID" value="FA166F664264B21A" />
        <Data key="ID" value="1136354" />
      </Link>
    </Navigation>
    <Navigation context="output">
      <wwreport:Link protocol="uri" xmlns:wwreport="urn:WebWorks-Reports-Schema">
        <wwreport:Data key="URI" value="file:///C:/Documents%20and%20Settings/hadfielj/My%20Documents/ePublisher%20Pro%20Projects/caArray%20Online%20Help/Output/WebWorks%20Help%205.0/caArray%20Online%20Help/User%20Account%20Mgt.9.7.html#1136354" />
      </wwreport:Link>
    </Navigation>
    <Navigation context="details">
      <Link protocol="wwh5api">
        <Data key="BaseURI" value="file:///C:/Program%20Files/WebWorks/ePublisher%20Pro/Help/en" />
        <Data key="Context" value="reports" />
        <Data key="Topic" value="style_overrides" />
      </Link>
    </Navigation>
  </Entry>
  <Entry context="styles" type="overrides-exist" severity="warning">
    <Description>Unnamed Character style overrides exist.</Description>
    <Navigation context="source">
      <Link protocol="adapter">
        <Data key="Path" value="C:\Documents and Settings\hadfielj\My Documents\CBIIT Projects\caArray\caArray documentation\caArray 2.0\caArray 2.0 users guide and online help FM\User Account Mgt.fm" />
        <Data key="DocumentID" value="FA166F664264B21A" />
        <Data key="ID" value="1136354" />
      </Link>
    </Navigation>
    <Navigation context="output">
      <wwreport:Link protocol="uri" xmlns:wwreport="urn:WebWorks-Reports-Schema">
        <wwreport:Data key="URI" value="file:///C:/Documents%20and%20Settings/hadfielj/My%20Documents/ePublisher%20Pro%20Projects/caArray%20Online%20Help/Output/WebWorks%20Help%205.0/caArray%20Online%20Help/User%20Account%20Mgt.9.7.html#1136354" />
      </wwreport:Link>
    </Navigation>
    <Navigation context="details">
      <Link protocol="wwh5api">
        <Data key="BaseURI" value="file:///C:/Program%20Files/WebWorks/ePublisher%20Pro/Help/en" />
        <Data key="Context" value="reports" />
        <Data key="Topic" value="style_overrides" />
      </Link>
    </Navigation>
  </Entry>
  <Entry context="styles" type="overrides-exist" severity="warning">
    <Description>Unnamed Character style overrides exist.</Description>
    <Navigation context="source">
      <Link protocol="adapter">
        <Data key="Path" value="C:\Documents and Settings\hadfielj\My Documents\CBIIT Projects\caArray\caArray documentation\caArray 2.0\caArray 2.0 users guide and online help FM\User Account Mgt.fm" />
        <Data key="DocumentID" value="FA166F664264B21A" />
        <Data key="ID" value="1136354" />
      </Link>
    </Navigation>
    <Navigation context="output">
      <wwreport:Link protocol="uri" xmlns:wwreport="urn:WebWorks-Reports-Schema">
        <wwreport:Data key="URI" value="file:///C:/Documents%20and%20Settings/hadfielj/My%20Documents/ePublisher%20Pro%20Projects/caArray%20Online%20Help/Output/WebWorks%20Help%205.0/caArray%20Online%20Help/User%20Account%20Mgt.9.7.html#1136354" />
      </wwreport:Link>
    </Navigation>
    <Navigation context="details">
      <Link protocol="wwh5api">
        <Data key="BaseURI" value="file:///C:/Program%20Files/WebWorks/ePublisher%20Pro/Help/en" />
        <Data key="Context" value="reports" />
        <Data key="Topic" value="style_overrides" />
      </Link>
    </Navigation>
  </Entry>
  <Entry context="styles" type="overrides-exist" severity="warning">
    <Description>Paragraph style overrides exist for 'Table Text'.</Description>
    <Navigation context="source">
      <Link protocol="adapter">
        <Data key="Path" value="C:\Documents and Settings\hadfielj\My Documents\CBIIT Projects\caArray\caArray documentation\caArray 2.0\caArray 2.0 users guide and online help FM\User Account Mgt.fm" />
        <Data key="DocumentID" value="FA166F664264B21A" />
        <Data key="ID" value="1136273" />
      </Link>
    </Navigation>
    <Navigation context="output">
      <wwreport:Link protocol="uri" xmlns:wwreport="urn:WebWorks-Reports-Schema">
        <wwreport:Data key="URI" value="file:///C:/Documents%20and%20Settings/hadfielj/My%20Documents/ePublisher%20Pro%20Projects/caArray%20Online%20Help/Output/WebWorks%20Help%205.0/caArray%20Online%20Help/User%20Account%20Mgt.9.7.html#1136273" />
      </wwreport:Link>
    </Navigation>
    <Navigation context="details">
      <Link protocol="wwh5api">
        <Data key="BaseURI" value="file:///C:/Program%20Files/WebWorks/ePublisher%20Pro/Help/en" />
        <Data key="Context" value="reports" />
        <Data key="Topic" value="style_overrides" />
      </Link>
    </Navigation>
  </Entry>
  <Entry context="styles" type="overrides-exist" severity="warning">
    <Description>Paragraph style overrides exist for 'Table Text'.</Description>
    <Navigation context="source">
      <Link protocol="adapter">
        <Data key="Path" value="C:\Documents and Settings\hadfielj\My Documents\CBIIT Projects\caArray\caArray documentation\caArray 2.0\caArray 2.0 users guide and online help FM\User Account Mgt.fm" />
        <Data key="DocumentID" value="FA166F664264B21A" />
        <Data key="ID" value="1136275" />
      </Link>
    </Navigation>
    <Navigation context="output">
      <wwreport:Link protocol="uri" xmlns:wwreport="urn:WebWorks-Reports-Schema">
        <wwreport:Data key="URI" value="file:///C:/Documents%20and%20Settings/hadfielj/My%20Documents/ePublisher%20Pro%20Projects/caArray%20Online%20Help/Output/WebWorks%20Help%205.0/caArray%20Online%20Help/User%20Account%20Mgt.9.7.html#1136275" />
      </wwreport:Link>
    </Navigation>
    <Navigation context="details">
      <Link protocol="wwh5api">
        <Data key="BaseURI" value="file:///C:/Program%20Files/WebWorks/ePublisher%20Pro/Help/en" />
        <Data key="Context" value="reports" />
        <Data key="Topic" value="style_overrides" />
      </Link>
    </Navigation>
  </Entry>
  <Entry context="styles" type="overrides-exist" severity="warning">
    <Description>Unnamed Character style overrides exist.</Description>
    <Navigation context="source">
      <Link protocol="adapter">
        <Data key="Path" value="C:\Documents and Settings\hadfielj\My Documents\CBIIT Projects\caArray\caArray documentation\caArray 2.0\caArray 2.0 users guide and online help FM\User Account Mgt.fm" />
        <Data key="DocumentID" value="FA166F664264B21A" />
        <Data key="ID" value="1136275" />
      </Link>
    </Navigation>
    <Navigation context="output">
      <wwreport:Link protocol="uri" xmlns:wwreport="urn:WebWorks-Reports-Schema">
        <wwreport:Data key="URI" value="file:///C:/Documents%20and%20Settings/hadfielj/My%20Documents/ePublisher%20Pro%20Projects/caArray%20Online%20Help/Output/WebWorks%20Help%205.0/caArray%20Online%20Help/User%20Account%20Mgt.9.7.html#1136275" />
      </wwreport:Link>
    </Navigation>
    <Navigation context="details">
      <Link protocol="wwh5api">
        <Data key="BaseURI" value="file:///C:/Program%20Files/WebWorks/ePublisher%20Pro/Help/en" />
        <Data key="Context" value="reports" />
        <Data key="Topic" value="style_overrides" />
      </Link>
    </Navigation>
  </Entry>
  <Entry context="styles" type="overrides-exist" severity="warning">
    <Description>Paragraph style overrides exist for 'Table Text'.</Description>
    <Navigation context="source">
      <Link protocol="adapter">
        <Data key="Path" value="C:\Documents and Settings\hadfielj\My Documents\CBIIT Projects\caArray\caArray documentation\caArray 2.0\caArray 2.0 users guide and online help FM\User Account Mgt.fm" />
        <Data key="DocumentID" value="FA166F664264B21A" />
        <Data key="ID" value="1136638" />
      </Link>
    </Navigation>
    <Navigation context="output">
      <wwreport:Link protocol="uri" xmlns:wwreport="urn:WebWorks-Reports-Schema">
        <wwreport:Data key="URI" value="file:///C:/Documents%20and%20Settings/hadfielj/My%20Documents/ePublisher%20Pro%20Projects/caArray%20Online%20Help/Output/WebWorks%20Help%205.0/caArray%20Online%20Help/User%20Account%20Mgt.9.7.html#1136638" />
      </wwreport:Link>
    </Navigation>
    <Navigation context="details">
      <Link protocol="wwh5api">
        <Data key="BaseURI" value="file:///C:/Program%20Files/WebWorks/ePublisher%20Pro/Help/en" />
        <Data key="Context" value="reports" />
        <Data key="Topic" value="style_overrides" />
      </Link>
    </Navigation>
  </Entry>
  <Entry context="styles" type="overrides-exist" severity="warning">
    <Description>Paragraph style overrides exist for 'Table Text'.</Description>
    <Navigation context="source">
      <Link protocol="adapter">
        <Data key="Path" value="C:\Documents and Settings\hadfielj\My Documents\CBIIT Projects\caArray\caArray documentation\caArray 2.0\caArray 2.0 users guide and online help FM\User Account Mgt.fm" />
        <Data key="DocumentID" value="FA166F664264B21A" />
        <Data key="ID" value="1136467" />
      </Link>
    </Navigation>
    <Navigation context="output">
      <wwreport:Link protocol="uri" xmlns:wwreport="urn:WebWorks-Reports-Schema">
        <wwreport:Data key="URI" value="file:///C:/Documents%20and%20Settings/hadfielj/My%20Documents/ePublisher%20Pro%20Projects/caArray%20Online%20Help/Output/WebWorks%20Help%205.0/caArray%20Online%20Help/User%20Account%20Mgt.9.7.html#1136467" />
      </wwreport:Link>
    </Navigation>
    <Navigation context="details">
      <Link protocol="wwh5api">
        <Data key="BaseURI" value="file:///C:/Program%20Files/WebWorks/ePublisher%20Pro/Help/en" />
        <Data key="Context" value="reports" />
        <Data key="Topic" value="style_overrides" />
      </Link>
    </Navigation>
  </Entry>
  <Entry context="styles" type="overrides-exist" severity="warning">
    <Description>Paragraph style overrides exist for 'Table Text'.</Description>
    <Navigation context="source">
      <Link protocol="adapter">
        <Data key="Path" value="C:\Documents and Settings\hadfielj\My Documents\CBIIT Projects\caArray\caArray documentation\caArray 2.0\caArray 2.0 users guide and online help FM\User Account Mgt.fm" />
        <Data key="DocumentID" value="FA166F664264B21A" />
        <Data key="ID" value="1136469" />
      </Link>
    </Navigation>
    <Navigation context="output">
      <wwreport:Link protocol="uri" xmlns:wwreport="urn:WebWorks-Reports-Schema">
        <wwreport:Data key="URI" value="file:///C:/Documents%20and%20Settings/hadfielj/My%20Documents/ePublisher%20Pro%20Projects/caArray%20Online%20Help/Output/WebWorks%20Help%205.0/caArray%20Online%20Help/User%20Account%20Mgt.9.7.html#1136469" />
      </wwreport:Link>
    </Navigation>
    <Navigation context="details">
      <Link protocol="wwh5api">
        <Data key="BaseURI" value="file:///C:/Program%20Files/WebWorks/ePublisher%20Pro/Help/en" />
        <Data key="Context" value="reports" />
        <Data key="Topic" value="style_overrides" />
      </Link>
    </Navigation>
  </Entry>
  <Entry context="styles" type="overrides-exist" severity="warning">
    <Description>Unnamed Character style overrides exist.</Description>
    <Navigation context="source">
      <Link protocol="adapter">
        <Data key="Path" value="C:\Documents and Settings\hadfielj\My Documents\CBIIT Projects\caArray\caArray documentation\caArray 2.0\caArray 2.0 users guide and online help FM\User Account Mgt.fm" />
        <Data key="DocumentID" value="FA166F664264B21A" />
        <Data key="ID" value="1136469" />
      </Link>
    </Navigation>
    <Navigation context="output">
      <wwreport:Link protocol="uri" xmlns:wwreport="urn:WebWorks-Reports-Schema">
        <wwreport:Data key="URI" value="file:///C:/Documents%20and%20Settings/hadfielj/My%20Documents/ePublisher%20Pro%20Projects/caArray%20Online%20Help/Output/WebWorks%20Help%205.0/caArray%20Online%20Help/User%20Account%20Mgt.9.7.html#1136469" />
      </wwreport:Link>
    </Navigation>
    <Navigation context="details">
      <Link protocol="wwh5api">
        <Data key="BaseURI" value="file:///C:/Program%20Files/WebWorks/ePublisher%20Pro/Help/en" />
        <Data key="Context" value="reports" />
        <Data key="Topic" value="style_overrides" />
      </Link>
    </Navigation>
  </Entry>
  <Entry context="styles" type="overrides-exist" severity="warning">
    <Description>Character style overrides exist for 'Emphasis'.</Description>
    <Navigation context="source">
      <Link protocol="adapter">
        <Data key="Path" value="C:\Documents and Settings\hadfielj\My Documents\CBIIT Projects\caArray\caArray documentation\caArray 2.0\caArray 2.0 users guide and online help FM\User Account Mgt.fm" />
        <Data key="DocumentID" value="FA166F664264B21A" />
        <Data key="ID" value="1153471" />
      </Link>
    </Navigation>
    <Navigation context="output">
      <wwreport:Link protocol="uri" xmlns:wwreport="urn:WebWorks-Reports-Schema">
        <wwreport:Data key="URI" value="file:///C:/Documents%20and%20Settings/hadfielj/My%20Documents/ePublisher%20Pro%20Projects/caArray%20Online%20Help/Output/WebWorks%20Help%205.0/caArray%20Online%20Help/User%20Account%20Mgt.9.7.html#1153471" />
      </wwreport:Link>
    </Navigation>
    <Navigation context="details">
      <Link protocol="wwh5api">
        <Data key="BaseURI" value="file:///C:/Program%20Files/WebWorks/ePublisher%20Pro/Help/en" />
        <Data key="Context" value="reports" />
        <Data key="Topic" value="style_overrides" />
      </Link>
    </Navigation>
  </Entry>
  <Entry context="styles" type="overrides-exist" severity="warning">
    <Description>Character style overrides exist for 'Emphasis'.</Description>
    <Navigation context="source">
      <Link protocol="adapter">
        <Data key="Path" value="C:\Documents and Settings\hadfielj\My Documents\CBIIT Projects\caArray\caArray documentation\caArray 2.0\caArray 2.0 users guide and online help FM\User Account Mgt.fm" />
        <Data key="DocumentID" value="FA166F664264B21A" />
        <Data key="ID" value="1153475" />
      </Link>
    </Navigation>
    <Navigation context="output">
      <wwreport:Link protocol="uri" xmlns:wwreport="urn:WebWorks-Reports-Schema">
        <wwreport:Data key="URI" value="file:///C:/Documents%20and%20Settings/hadfielj/My%20Documents/ePublisher%20Pro%20Projects/caArray%20Online%20Help/Output/WebWorks%20Help%205.0/caArray%20Online%20Help/User%20Account%20Mgt.9.7.html#1153475" />
      </wwreport:Link>
    </Navigation>
    <Navigation context="details">
      <Link protocol="wwh5api">
        <Data key="BaseURI" value="file:///C:/Program%20Files/WebWorks/ePublisher%20Pro/Help/en" />
        <Data key="Context" value="reports" />
        <Data key="Topic" value="style_overrides" />
      </Link>
    </Navigation>
  </Entry>
</Report>