<?xml version="1.0" encoding="UTF-8"?>

<!-- $Id: standard-jbossws-endpoint-config.xml 283 2006-05-05 23:08:11Z jason.greene@jboss.com $ -->

<jbossws-config xmlns="urn:jboss:jbossws-config:5.0"
  xmlns:xsi="http://www.w3.org/2001/XMLSchema-instance"
  xmlns:j2ee="http://java.sun.com/xml/ns/j2ee"
  xsi:schemaLocation="urn:jboss:jbossws-config:5.0 http://www.jboss.com/xml/jbossws-config_1_0.xsd">
  
  <endpoint-config>
    <config-name>Standard Endpoint</config-name>
  </endpoint-config>
  
  <endpoint-config>
    <config-name>Standard Secure Endpoint</config-name>
    <pre-handler-chain>
      <handler-chain-name>PreHandlerChain</handler-chain-name>
      <handler>
        <j2ee:handler-name>WSSecurityHandlerInbound</j2ee:handler-name>
        <j2ee:handler-class>org.jboss.ws.wsse.WSSecurityHandlerInbound</j2ee:handler-class>
      </handler>
    </pre-handler-chain>
   </endpoint-config>
  
</jbossws-config>