<?xml version="1.0" encoding="utf-8"?>
<Behaviors version="1.0" xmlns="urn:WebWorks-Behaviors-Schema">
  <Paragraph id="1052621" documentposition="3" splitpriority="1" dropdown="continue" popup="none" popup-page-rule="" />
  <Paragraph id="1092136" documentposition="4" splitpriority="none" dropdown="continue" popup="none" popup-page-rule="" />
  <Paragraph id="1092137" documentposition="5" splitpriority="none" dropdown="continue" popup="none" popup-page-rule="" />
  <Paragraph id="1092149" documentposition="6" splitpriority="none" dropdown="continue" popup="none" popup-page-rule="" />
  <Paragraph id="1092153" documentposition="7" splitpriority="none" dropdown="continue" popup="none" popup-page-rule="" />
  <Paragraph id="1092157" documentposition="8" splitpriority="none" dropdown="continue" popup="none" popup-page-rule="" />
  <Paragraph id="1091444" documentposition="9" splitpriority="2" dropdown="continue" popup="none" popup-page-rule="" />
  <Paragraph id="1091446" documentposition="10" splitpriority="none" dropdown="continue" popup="none" popup-page-rule="" />
  <Paragraph id="1105784" documentposition="11" splitpriority="none" dropdown="continue" popup="none" popup-page-rule="" />
  <Paragraph id="1105788" documentposition="12" splitpriority="none" dropdown="continue" popup="none" popup-page-rule="" />
  <Paragraph id="1105792" documentposition="13" splitpriority="none" dropdown="continue" popup="none" popup-page-rule="" />
  <Paragraph id="1091470" documentposition="15" splitpriority="3" dropdown="continue" popup="none" popup-page-rule="" />
  <Paragraph id="1091472" documentposition="16" splitpriority="none" dropdown="continue" popup="none" popup-page-rule="" />
  <Paragraph id="1104762" documentposition="17" splitpriority="none" dropdown="continue" popup="none" popup-page-rule="" />
  <Paragraph id="1091474" documentposition="18" splitpriority="none" dropdown="continue" popup="none" popup-page-rule="" />
  <Paragraph id="1095825" documentposition="19" splitpriority="none" dropdown="continue" popup="none" popup-page-rule="" />
  <Paragraph id="1105817" documentposition="20" splitpriority="none" relatedtopic="define-no-output" dropdown="continue" popup="none" popup-page-rule="" />
  <Paragraph id="1105821" documentposition="21" splitpriority="none" relatedtopic="define-no-output" dropdown="continue" popup="none" popup-page-rule="" />
  <Paragraph id="1105825" documentposition="22" splitpriority="none" relatedtopic="define-no-output" dropdown="continue" popup="none" popup-page-rule="" />
  <Paragraph id="1091488" documentposition="23" splitpriority="4" dropdown="continue" popup="none" popup-page-rule="" />
  <Paragraph id="1091490" documentposition="24" splitpriority="none" dropdown="continue" popup="none" popup-page-rule="" />
  <Paragraph id="1091491" documentposition="25" splitpriority="none" dropdown="continue" popup="none" popup-page-rule="" />
  <Paragraph id="1091492" documentposition="26" splitpriority="none" dropdown="continue" popup="none" popup-page-rule="" />
  <Paragraph id="1099556" documentposition="28" splitpriority="none" dropdown="continue" popup="none" popup-page-rule="" />
  <Table id="1091500" documentposition="29" splitpriority="none">
    <TableCell>
      <Paragraph id="1091502" dropdown="continue" popup="none" popup-page-rule="" />
    </TableCell>
    <TableCell>
      <Paragraph id="1091504" dropdown="continue" popup="none" popup-page-rule="" />
    </TableCell>
    <TableCell>
      <Paragraph id="1091506" dropdown="continue" popup="none" popup-page-rule="" />
    </TableCell>
    <TableCell>
      <Paragraph id="1091508" dropdown="continue" popup="none" popup-page-rule="" />
    </TableCell>
    <TableCell>
      <Paragraph id="1091510" dropdown="continue" popup="none" popup-page-rule="" />
    </TableCell>
    <TableCell>
      <Paragraph id="1091512" dropdown="continue" popup="none" popup-page-rule="" />
      <Paragraph id="1091513" dropdown="continue" popup="none" popup-page-rule="" />
      <Paragraph id="1091514" dropdown="continue" popup="none" popup-page-rule="" />
      <Paragraph id="1094247" dropdown="continue" popup="none" popup-page-rule="" />
      <Paragraph id="1091516" dropdown="continue" popup="none" popup-page-rule="" />
      <Paragraph id="1094308" dropdown="continue" popup="none" popup-page-rule="" />
      <Paragraph id="1094302" dropdown="continue" popup="none" popup-page-rule="" />
    </TableCell>
    <TableCell>
      <Paragraph id="1091518" dropdown="continue" popup="none" popup-page-rule="" />
    </TableCell>
    <TableCell>
      <Paragraph id="1091520" dropdown="continue" popup="none" popup-page-rule="" />
      <Paragraph id="1097078" dropdown="continue" popup="none" popup-page-rule="" />
    </TableCell>
    <TableCell>
      <Paragraph id="1091523" dropdown="continue" popup="none" popup-page-rule="" />
    </TableCell>
    <TableCell>
      <Paragraph id="1091525" dropdown="continue" popup="none" popup-page-rule="" />
    </TableCell>
    <TableCell>
      <Paragraph id="1091527" dropdown="continue" popup="none" popup-page-rule="" />
    </TableCell>
    <TableCell>
      <Paragraph id="1091529" dropdown="continue" popup="none" popup-page-rule="" />
    </TableCell>
    <TableCell>
      <Paragraph id="1091531" dropdown="continue" popup="none" popup-page-rule="" />
    </TableCell>
    <TableCell>
      <Paragraph id="1091533" dropdown="continue" popup="none" popup-page-rule="" />
    </TableCell>
    <TableCell>
      <Paragraph id="1091535" dropdown="continue" popup="none" popup-page-rule="" />
    </TableCell>
    <TableCell>
      <Paragraph id="1091537" dropdown="continue" popup="none" popup-page-rule="">
        <Frame id="1091539" />
      </Paragraph>
    </TableCell>
    <TableCell>
      <Paragraph id="1091545" dropdown="continue" popup="none" popup-page-rule="" />
    </TableCell>
    <TableCell>
      <Paragraph id="1091547" dropdown="continue" popup="none" popup-page-rule="" />
    </TableCell>
  </Table>
  <Paragraph id="1091553" documentposition="30" splitpriority="none" dropdown="continue" popup="none" popup-page-rule="" />
  <Paragraph id="1105873" documentposition="31" splitpriority="none" relatedtopic="define-no-output" dropdown="continue" popup="none" popup-page-rule="" />
  <Paragraph id="1105877" documentposition="32" splitpriority="none" relatedtopic="define-no-output" dropdown="continue" popup="none" popup-page-rule="" />
  <Paragraph id="1091564" documentposition="33" splitpriority="4" dropdown="continue" popup="none" popup-page-rule="" />
  <Paragraph id="1091565" documentposition="34" splitpriority="none" dropdown="continue" popup="none" popup-page-rule="" />
  <Paragraph id="1097683" documentposition="35" splitpriority="none" dropdown="continue" popup="none" popup-page-rule="" />
  <Paragraph id="1097684" documentposition="36" splitpriority="none" dropdown="continue" popup="none" popup-page-rule="" />
  <Paragraph id="1091572" documentposition="37" splitpriority="none" dropdown="continue" popup="none" popup-page-rule="" />
  <Paragraph id="1091573" documentposition="38" splitpriority="none" dropdown="continue" popup="none" popup-page-rule="" />
  <Paragraph id="1091577" documentposition="39" splitpriority="none" dropdown="continue" popup="none" popup-page-rule="" />
  <Paragraph id="1091578" documentposition="40" splitpriority="none" dropdown="continue" popup="none" popup-page-rule="">
    <Paragraph id="1091584" dropdown="continue" popup="none" popup-page-rule="" />
  </Paragraph>
  <Table id="1091585" documentposition="41" splitpriority="none">
    <TableCell>
      <Paragraph id="1091587" dropdown="continue" popup="none" popup-page-rule="" />
    </TableCell>
    <TableCell>
      <Paragraph id="1091589" dropdown="continue" popup="none" popup-page-rule="" />
    </TableCell>
    <TableCell>
      <Paragraph id="1091591" dropdown="continue" popup="none" popup-page-rule="" />
    </TableCell>
    <TableCell>
      <Paragraph id="1091593" dropdown="continue" popup="none" popup-page-rule="" />
    </TableCell>
    <TableCell>
      <Paragraph id="1105659" dropdown="continue" popup="none" popup-page-rule="" />
    </TableCell>
    <TableCell>
      <Paragraph id="1105661" dropdown="continue" popup="none" popup-page-rule="" />
    </TableCell>
    <TableCell>
      <Paragraph id="1091595" dropdown="continue" popup="none" popup-page-rule="" />
    </TableCell>
    <TableCell>
      <Paragraph id="1091597" dropdown="continue" popup="none" popup-page-rule="" />
      <Paragraph id="1091598" dropdown="continue" popup="none" popup-page-rule="" />
      <Paragraph id="1091599" dropdown="continue" popup="none" popup-page-rule="" />
      <Paragraph id="1094253" dropdown="continue" popup="none" popup-page-rule="" />
      <Paragraph id="1091601" dropdown="continue" popup="none" popup-page-rule="" />
      <Paragraph id="1094356" dropdown="continue" popup="none" popup-page-rule="" />
      <Paragraph id="1094357" dropdown="continue" popup="none" popup-page-rule="" />
    </TableCell>
    <TableCell>
      <Paragraph id="1091603" dropdown="continue" popup="none" popup-page-rule="" />
    </TableCell>
    <TableCell>
      <Paragraph id="1091605" dropdown="continue" popup="none" popup-page-rule="" />
    </TableCell>
    <TableCell>
      <Paragraph id="1091607" dropdown="continue" popup="none" popup-page-rule="" />
    </TableCell>
    <TableCell>
      <Paragraph id="1091609" dropdown="continue" popup="none" popup-page-rule="" />
    </TableCell>
    <TableCell>
      <Paragraph id="1091611" dropdown="continue" popup="none" popup-page-rule="" />
    </TableCell>
    <TableCell>
      <Paragraph id="1091613" dropdown="continue" popup="none" popup-page-rule="" />
    </TableCell>
    <TableCell>
      <Paragraph id="1091615" dropdown="continue" popup="none" popup-page-rule="" />
    </TableCell>
    <TableCell>
      <Paragraph id="1091617" dropdown="continue" popup="none" popup-page-rule="" />
    </TableCell>
  </Table>
  <Paragraph id="1091623" documentposition="42" splitpriority="none" dropdown="continue" popup="none" popup-page-rule="" />
  <Paragraph id="1105688" documentposition="43" splitpriority="none" dropdown="continue" popup="none" popup-page-rule="" />
  <Paragraph id="1105681" documentposition="44" splitpriority="none" dropdown="continue" popup="none" popup-page-rule="" />
  <Paragraph id="1091624" documentposition="45" splitpriority="none" dropdown="continue" popup="none" popup-page-rule="" />
  <Paragraph id="1091625" documentposition="46" splitpriority="none" dropdown="continue" popup="none" popup-page-rule="" />
  <Paragraph id="1104772" documentposition="47" splitpriority="none" dropdown="continue" popup="none" popup-page-rule="" />
  <Paragraph id="1105919" documentposition="48" splitpriority="none" relatedtopic="define-no-output" dropdown="continue" popup="none" popup-page-rule="" />
  <Paragraph id="1105923" documentposition="49" splitpriority="none" relatedtopic="define-no-output" dropdown="continue" popup="none" popup-page-rule="" />
  <Paragraph id="1091635" documentposition="50" splitpriority="4" dropdown="continue" popup="none" popup-page-rule="" />
  <Paragraph id="1095748" documentposition="51" splitpriority="none" dropdown="continue" popup="none" popup-page-rule="" />
  <Paragraph id="1104789" documentposition="52" splitpriority="none" dropdown="continue" popup="none" popup-page-rule="" />
  <Paragraph id="1095750" documentposition="53" splitpriority="none" dropdown="continue" popup="none" popup-page-rule="" />
  <Paragraph id="1095754" documentposition="54" splitpriority="none" dropdown="continue" popup="none" popup-page-rule="">
    <Frame id="1095752" />
  </Paragraph>
  <Paragraph id="1091642" documentposition="55" splitpriority="none" dropdown="continue" popup="none" popup-page-rule="" />
  <Paragraph id="1091643" documentposition="56" splitpriority="none" dropdown="continue" popup="none" popup-page-rule="">
    <Frame id="1091645" />
  </Paragraph>
  <Paragraph id="1091647" documentposition="57" splitpriority="none" dropdown="continue" popup="none" popup-page-rule="" />
  <Paragraph id="1092292" documentposition="58" splitpriority="none" dropdown="continue" popup="none" popup-page-rule="" />
  <Paragraph id="1091649" documentposition="59" splitpriority="none" dropdown="continue" popup="none" popup-page-rule="" />
  <Paragraph id="1105931" documentposition="60" splitpriority="none" relatedtopic="define-no-output" dropdown="continue" popup="none" popup-page-rule="" />
  <Paragraph id="1105935" documentposition="61" splitpriority="none" relatedtopic="define-no-output" dropdown="continue" popup="none" popup-page-rule="" />
  <Paragraph id="1105939" documentposition="62" splitpriority="none" relatedtopic="define-no-output" dropdown="continue" popup="none" popup-page-rule="" />
  <Paragraph id="1091663" documentposition="63" splitpriority="3" dropdown="continue" popup="none" popup-page-rule="" />
  <Paragraph id="1091664" documentposition="64" splitpriority="none" dropdown="continue" popup="none" popup-page-rule="" />
  <Paragraph id="1091666" documentposition="65" splitpriority="none" dropdown="continue" popup="none" popup-page-rule="" />
  <Paragraph id="1105947" documentposition="66" splitpriority="none" relatedtopic="define-no-output" dropdown="continue" popup="none" popup-page-rule="" />
  <Paragraph id="1105951" documentposition="67" splitpriority="none" relatedtopic="define-no-output" dropdown="continue" popup="none" popup-page-rule="" />
  <Paragraph id="1105955" documentposition="68" splitpriority="none" relatedtopic="define-no-output" dropdown="continue" popup="none" popup-page-rule="" />
  <Paragraph id="1105959" documentposition="69" splitpriority="none" relatedtopic="define-no-output" dropdown="continue" popup="none" popup-page-rule="" />
  <Paragraph id="1105963" documentposition="70" splitpriority="none" relatedtopic="define-no-output" dropdown="continue" popup="none" popup-page-rule="" />
  <Paragraph id="1091688" documentposition="71" splitpriority="4" dropdown="continue" popup="none" popup-page-rule="" />
  <Paragraph id="1091690" documentposition="72" splitpriority="none" dropdown="continue" popup="none" popup-page-rule="" />
  <Paragraph id="1091691" documentposition="73" splitpriority="none" dropdown="continue" popup="none" popup-page-rule="" />
  <Paragraph id="1099647" documentposition="75" splitpriority="none" dropdown="continue" popup="none" popup-page-rule="" />
  <Table id="1091696" documentposition="76" splitpriority="none">
    <TableCell>
      <Paragraph id="1091698" dropdown="continue" popup="none" popup-page-rule="" />
    </TableCell>
    <TableCell>
      <Paragraph id="1091700" dropdown="continue" popup="none" popup-page-rule="" />
    </TableCell>
    <TableCell>
      <Paragraph id="1091702" dropdown="continue" popup="none" popup-page-rule="" />
    </TableCell>
    <TableCell>
      <Paragraph id="1091704" dropdown="continue" popup="none" popup-page-rule="" />
    </TableCell>
    <TableCell>
      <Paragraph id="1091706" dropdown="continue" popup="none" popup-page-rule="" />
    </TableCell>
    <TableCell>
      <Paragraph id="1091708" dropdown="continue" popup="none" popup-page-rule="" />
    </TableCell>
    <TableCell>
      <Paragraph id="1091710" dropdown="continue" popup="none" popup-page-rule="" />
    </TableCell>
    <TableCell>
      <Paragraph id="1091712" dropdown="continue" popup="none" popup-page-rule="" />
    </TableCell>
    <TableCell>
      <Paragraph id="1091714" dropdown="continue" popup="none" popup-page-rule="" />
    </TableCell>
    <TableCell>
      <Paragraph id="1091716" dropdown="continue" popup="none" popup-page-rule="" />
    </TableCell>
    <TableCell>
      <Paragraph id="1091718" dropdown="continue" popup="none" popup-page-rule="" />
    </TableCell>
    <TableCell>
      <Paragraph id="1091720" dropdown="continue" popup="none" popup-page-rule="" />
    </TableCell>
    <TableCell>
      <Paragraph id="1091722" dropdown="continue" popup="none" popup-page-rule="" />
    </TableCell>
    <TableCell>
      <Paragraph id="1091727" dropdown="continue" popup="none" popup-page-rule="">
        <Frame id="1095817" />
      </Paragraph>
    </TableCell>
  </Table>
  <Paragraph id="1091736" documentposition="77" splitpriority="none" dropdown="continue" popup="none" popup-page-rule="" />
  <Paragraph id="1091737" documentposition="78" splitpriority="none" dropdown="continue" popup="none" popup-page-rule="" />
  <Paragraph id="1091738" documentposition="79" splitpriority="none" dropdown="continue" popup="none" popup-page-rule="" />
  <Paragraph id="1106024" documentposition="80" splitpriority="none" relatedtopic="define-no-output" dropdown="continue" popup="none" popup-page-rule="" />
  <Paragraph id="1106028" documentposition="81" splitpriority="none" relatedtopic="define-no-output" dropdown="continue" popup="none" popup-page-rule="" />
  <Paragraph id="1106032" documentposition="82" splitpriority="none" relatedtopic="define-no-output" dropdown="continue" popup="none" popup-page-rule="" />
  <Paragraph id="1106036" documentposition="83" splitpriority="none" relatedtopic="define-no-output" dropdown="continue" popup="none" popup-page-rule="" />
  <Paragraph id="1106040" documentposition="84" splitpriority="none" relatedtopic="define-no-output" dropdown="continue" popup="none" popup-page-rule="" />
  <Paragraph id="1091760" documentposition="85" splitpriority="4" dropdown="continue" popup="none" popup-page-rule="" />
  <Paragraph id="1091766" documentposition="86" splitpriority="none" dropdown="continue" popup="none" popup-page-rule="" />
  <Paragraph id="1091767" documentposition="87" splitpriority="none" dropdown="continue" popup="none" popup-page-rule="" />
  <Paragraph id="1091768" documentposition="88" splitpriority="none" dropdown="continue" popup="none" popup-page-rule="" />
  <Paragraph id="1091769" documentposition="89" splitpriority="none" dropdown="continue" popup="none" popup-page-rule="" />
  <Table id="1091773" documentposition="90" splitpriority="none">
    <TableCell>
      <Paragraph id="1091775" dropdown="continue" popup="none" popup-page-rule="" />
    </TableCell>
    <TableCell>
      <Paragraph id="1091777" dropdown="continue" popup="none" popup-page-rule="" />
    </TableCell>
    <TableCell>
      <Paragraph id="1091779" dropdown="continue" popup="none" popup-page-rule="" />
    </TableCell>
    <TableCell>
      <Paragraph id="1091781" dropdown="continue" popup="none" popup-page-rule="" />
    </TableCell>
    <TableCell>
      <Paragraph id="1091783" dropdown="continue" popup="none" popup-page-rule="" />
    </TableCell>
    <TableCell>
      <Paragraph id="1091785" dropdown="continue" popup="none" popup-page-rule="" />
    </TableCell>
    <TableCell>
      <Paragraph id="1091787" dropdown="continue" popup="none" popup-page-rule="" />
    </TableCell>
    <TableCell>
      <Paragraph id="1091789" dropdown="continue" popup="none" popup-page-rule="" />
    </TableCell>
    <TableCell>
      <Paragraph id="1091791" dropdown="continue" popup="none" popup-page-rule="" />
    </TableCell>
    <TableCell>
      <Paragraph id="1091796" dropdown="continue" popup="none" popup-page-rule="">
        <Frame id="1091794" />
      </Paragraph>
    </TableCell>
  </Table>
  <Paragraph id="1091804" documentposition="91" splitpriority="none" dropdown="continue" popup="none" popup-page-rule="" />
  <Paragraph id="1106069" documentposition="92" splitpriority="none" relatedtopic="define-no-output" dropdown="continue" popup="none" popup-page-rule="" />
  <Paragraph id="1106073" documentposition="93" splitpriority="none" relatedtopic="define-no-output" dropdown="continue" popup="none" popup-page-rule="" />
  <Paragraph id="1106077" documentposition="94" splitpriority="none" relatedtopic="define-no-output" dropdown="continue" popup="none" popup-page-rule="" />
  <Paragraph id="1106081" documentposition="95" splitpriority="none" relatedtopic="define-no-output" dropdown="continue" popup="none" popup-page-rule="" />
  <Paragraph id="1106085" documentposition="96" splitpriority="none" relatedtopic="define-no-output" dropdown="continue" popup="none" popup-page-rule="" />
  <Paragraph id="1091826" documentposition="97" splitpriority="4" dropdown="continue" popup="none" popup-page-rule="" />
  <Paragraph id="1091828" documentposition="98" splitpriority="none" dropdown="continue" popup="none" popup-page-rule="" />
  <Paragraph id="1091829" documentposition="99" splitpriority="none" dropdown="continue" popup="none" popup-page-rule="" />
  <Paragraph id="1091830" documentposition="100" splitpriority="none" dropdown="continue" popup="none" popup-page-rule="" />
  <Paragraph id="1091831" documentposition="101" splitpriority="none" dropdown="continue" popup="none" popup-page-rule="" />
  <Paragraph id="1091832" documentposition="102" splitpriority="none" dropdown="continue" popup="none" popup-page-rule="">
    <Paragraph id="1091838" dropdown="continue" popup="none" popup-page-rule="" />
  </Paragraph>
  <Table id="1091839" documentposition="103" splitpriority="none">
    <TableCell>
      <Paragraph id="1091841" dropdown="continue" popup="none" popup-page-rule="" />
    </TableCell>
    <TableCell>
      <Paragraph id="1091843" dropdown="continue" popup="none" popup-page-rule="" />
    </TableCell>
    <TableCell>
      <Paragraph id="1091845" dropdown="continue" popup="none" popup-page-rule="" />
    </TableCell>
    <TableCell>
      <Paragraph id="1091847" dropdown="continue" popup="none" popup-page-rule="" />
    </TableCell>
    <TableCell>
      <Paragraph id="1091849" dropdown="continue" popup="none" popup-page-rule="" />
    </TableCell>
    <TableCell>
      <Paragraph id="1091851" dropdown="continue" popup="none" popup-page-rule="" />
    </TableCell>
    <TableCell>
      <Paragraph id="1091853" dropdown="continue" popup="none" popup-page-rule="" />
    </TableCell>
    <TableCell>
      <Paragraph id="1091855" dropdown="continue" popup="none" popup-page-rule="" />
      <Paragraph id="1091856" dropdown="continue" popup="none" popup-page-rule="" />
    </TableCell>
    <TableCell>
      <Paragraph id="1091858" dropdown="continue" popup="none" popup-page-rule="" />
    </TableCell>
    <TableCell>
      <Paragraph id="1091860" dropdown="continue" popup="none" popup-page-rule="" />
    </TableCell>
    <TableCell>
      <Paragraph id="1091862" dropdown="continue" popup="none" popup-page-rule="" />
    </TableCell>
    <TableCell>
      <Paragraph id="1091864" dropdown="continue" popup="none" popup-page-rule="" />
    </TableCell>
    <TableCell>
      <Paragraph id="1091866" dropdown="continue" popup="none" popup-page-rule="" />
    </TableCell>
    <TableCell>
      <Paragraph id="1091868" dropdown="continue" popup="none" popup-page-rule="" />
    </TableCell>
    <TableCell>
      <Paragraph id="1091870" dropdown="continue" popup="none" popup-page-rule="" />
    </TableCell>
    <TableCell>
      <Paragraph id="1091872" dropdown="continue" popup="none" popup-page-rule="" />
    </TableCell>
  </Table>
  <Paragraph id="1091878" documentposition="104" splitpriority="none" dropdown="continue" popup="none" popup-page-rule="" />
  <Paragraph id="1106130" documentposition="105" splitpriority="none" relatedtopic="define-no-output" dropdown="continue" popup="none" popup-page-rule="" />
  <Paragraph id="1106134" documentposition="106" splitpriority="none" relatedtopic="define-no-output" dropdown="continue" popup="none" popup-page-rule="" />
  <Paragraph id="1106138" documentposition="107" splitpriority="none" relatedtopic="define-no-output" dropdown="continue" popup="none" popup-page-rule="" />
  <Paragraph id="1106142" documentposition="108" splitpriority="none" relatedtopic="define-no-output" dropdown="continue" popup="none" popup-page-rule="" />
  <Paragraph id="1106146" documentposition="109" splitpriority="none" relatedtopic="define-no-output" dropdown="continue" popup="none" popup-page-rule="" />
  <Paragraph id="1091900" documentposition="110" splitpriority="4" dropdown="continue" popup="none" popup-page-rule="" />
  <Paragraph id="1091902" documentposition="111" splitpriority="none" dropdown="continue" popup="none" popup-page-rule="" />
  <Paragraph id="1091903" documentposition="112" splitpriority="none" dropdown="continue" popup="none" popup-page-rule="" />
  <Paragraph id="1091904" documentposition="113" splitpriority="none" dropdown="continue" popup="none" popup-page-rule="" />
  <Paragraph id="1091908" documentposition="114" splitpriority="none" dropdown="continue" popup="none" popup-page-rule="">
    <Frame id="1091906" />
  </Paragraph>
  <Paragraph id="1091909" documentposition="115" splitpriority="none" dropdown="continue" popup="none" popup-page-rule="" />
  <Paragraph id="1091913" documentposition="116" splitpriority="none" dropdown="continue" popup="none" popup-page-rule="">
    <Frame id="1091911" />
  </Paragraph>
  <Paragraph id="1091914" documentposition="117" splitpriority="none" dropdown="continue" popup="none" popup-page-rule="" />
  <Paragraph id="1091915" documentposition="118" splitpriority="none" dropdown="continue" popup="none" popup-page-rule="" />
  <Paragraph id="1106154" documentposition="119" splitpriority="none" relatedtopic="define-no-output" dropdown="continue" popup="none" popup-page-rule="" />
  <Paragraph id="1106158" documentposition="120" splitpriority="none" relatedtopic="define-no-output" dropdown="continue" popup="none" popup-page-rule="" />
  <Paragraph id="1106162" documentposition="121" splitpriority="none" relatedtopic="define-no-output" dropdown="continue" popup="none" popup-page-rule="" />
  <Paragraph id="1106166" documentposition="122" splitpriority="none" relatedtopic="define-no-output" dropdown="continue" popup="none" popup-page-rule="" />
  <Paragraph id="1106170" documentposition="123" splitpriority="none" relatedtopic="define-no-output" dropdown="continue" popup="none" popup-page-rule="" />
  <Paragraph id="1091938" documentposition="124" splitpriority="4" dropdown="continue" popup="none" popup-page-rule="" />
  <Paragraph id="1091939" documentposition="125" splitpriority="none" dropdown="continue" popup="none" popup-page-rule="" />
  <Paragraph id="1091940" documentposition="126" splitpriority="none" dropdown="continue" popup="none" popup-page-rule="" />
  <Paragraph id="1091944" documentposition="127" splitpriority="none" dropdown="continue" popup="none" popup-page-rule="">
    <Frame id="1091942" />
  </Paragraph>
  <Paragraph id="1091945" documentposition="128" splitpriority="none" dropdown="continue" popup="none" popup-page-rule="" />
  <Paragraph id="1091946" documentposition="129" splitpriority="none" dropdown="continue" popup="none" popup-page-rule="">
    <Frame id="1091948" />
  </Paragraph>
  <Paragraph id="1091950" documentposition="130" splitpriority="none" dropdown="continue" popup="none" popup-page-rule="" />
  <Paragraph id="1091951" documentposition="131" splitpriority="none" dropdown="continue" popup="none" popup-page-rule="" />
  <Paragraph id="1106178" documentposition="132" splitpriority="none" relatedtopic="define-no-output" dropdown="continue" popup="none" popup-page-rule="" />
  <Paragraph id="1106182" documentposition="133" splitpriority="none" relatedtopic="define-no-output" dropdown="continue" popup="none" popup-page-rule="" />
  <Paragraph id="1106186" documentposition="134" splitpriority="none" relatedtopic="define-no-output" dropdown="continue" popup="none" popup-page-rule="" />
  <Paragraph id="1106190" documentposition="135" splitpriority="none" relatedtopic="define-no-output" dropdown="continue" popup="none" popup-page-rule="" />
  <Paragraph id="1106194" documentposition="136" splitpriority="none" relatedtopic="define-no-output" dropdown="continue" popup="none" popup-page-rule="" />
  <Paragraph id="1091973" documentposition="137" splitpriority="3" dropdown="continue" popup="none" popup-page-rule="" />
  <Paragraph id="1091975" documentposition="138" splitpriority="none" dropdown="continue" popup="none" popup-page-rule="" />
  <Paragraph id="1091976" documentposition="139" splitpriority="none" dropdown="continue" popup="none" popup-page-rule="" />
  <Paragraph id="1091977" documentposition="140" splitpriority="none" dropdown="continue" popup="none" popup-page-rule="" />
  <Paragraph id="1091978" documentposition="141" splitpriority="none" dropdown="continue" popup="none" popup-page-rule="" />
  <Paragraph id="1091979" documentposition="142" splitpriority="none" dropdown="continue" popup="none" popup-page-rule="" />
  <Paragraph id="1106202" documentposition="143" splitpriority="none" relatedtopic="define-no-output" dropdown="continue" popup="none" popup-page-rule="" />
  <Paragraph id="1106206" documentposition="144" splitpriority="none" relatedtopic="define-no-output" dropdown="continue" popup="none" popup-page-rule="" />
  <Paragraph id="1106210" documentposition="145" splitpriority="none" relatedtopic="define-no-output" dropdown="continue" popup="none" popup-page-rule="" />
  <Paragraph id="1106214" documentposition="146" splitpriority="none" relatedtopic="define-no-output" dropdown="continue" popup="none" popup-page-rule="" />
  <Paragraph id="1099723" documentposition="147" splitpriority="4" dropdown="continue" popup="none" popup-page-rule="" />
  <Paragraph id="1099725" documentposition="148" splitpriority="none" dropdown="continue" popup="none" popup-page-rule="" />
  <Paragraph id="1099726" documentposition="149" splitpriority="none" dropdown="continue" popup="none" popup-page-rule="" />
  <Paragraph id="1099735" documentposition="151" splitpriority="none" dropdown="continue" popup="none" popup-page-rule="" />
  <Table id="1099739" documentposition="152" splitpriority="none">
    <TableCell>
      <Paragraph id="1099741" dropdown="continue" popup="none" popup-page-rule="" />
    </TableCell>
    <TableCell>
      <Paragraph id="1099743" dropdown="continue" popup="none" popup-page-rule="" />
    </TableCell>
    <TableCell>
      <Paragraph id="1099745" dropdown="continue" popup="none" popup-page-rule="" />
    </TableCell>
    <TableCell>
      <Paragraph id="1099747" dropdown="continue" popup="none" popup-page-rule="" />
    </TableCell>
    <TableCell>
      <Paragraph id="1099753" dropdown="continue" popup="none" popup-page-rule="" />
    </TableCell>
    <TableCell>
      <Paragraph id="1099755" dropdown="continue" popup="none" popup-page-rule="" />
    </TableCell>
    <TableCell>
      <Paragraph id="1099757" dropdown="continue" popup="none" popup-page-rule="" />
    </TableCell>
    <TableCell>
      <Paragraph id="1099759" dropdown="continue" popup="none" popup-page-rule="" />
    </TableCell>
    <TableCell>
      <Paragraph id="1099765" dropdown="continue" popup="none" popup-page-rule="" />
    </TableCell>
    <TableCell>
      <Paragraph id="1099770" dropdown="continue" popup="none" popup-page-rule="">
        <Frame id="1099768" />
      </Paragraph>
    </TableCell>
  </Table>
  <Paragraph id="1099779" documentposition="153" splitpriority="none" dropdown="continue" popup="none" popup-page-rule="" />
  <Paragraph id="1099780" documentposition="154" splitpriority="none" dropdown="continue" popup="none" popup-page-rule="" />
  <Paragraph id="1106275" documentposition="155" splitpriority="none" relatedtopic="define-no-output" dropdown="continue" popup="none" popup-page-rule="" />
  <Paragraph id="1106279" documentposition="156" splitpriority="none" relatedtopic="define-no-output" dropdown="continue" popup="none" popup-page-rule="" />
  <Paragraph id="1106283" documentposition="157" splitpriority="none" relatedtopic="define-no-output" dropdown="continue" popup="none" popup-page-rule="" />
  <Paragraph id="1100484" documentposition="158" splitpriority="4" dropdown="continue" popup="none" popup-page-rule="" />
  <Paragraph id="1100485" documentposition="159" splitpriority="none" dropdown="continue" popup="none" popup-page-rule="" />
  <Paragraph id="1100460" documentposition="160" splitpriority="none" dropdown="continue" popup="none" popup-page-rule="" />
  <Paragraph id="1100463" documentposition="161" splitpriority="none" dropdown="continue" popup="none" popup-page-rule="" />
  <Paragraph id="1100464" documentposition="162" splitpriority="none" dropdown="continue" popup="none" popup-page-rule="" />
  <Paragraph id="1100496" documentposition="163" splitpriority="none" dropdown="continue" popup="none" popup-page-rule="" />
  <Paragraph id="1100507" documentposition="164" splitpriority="none" dropdown="continue" popup="none" popup-page-rule="" />
  <Table id="1091991" documentposition="165" splitpriority="none">
    <TableCell>
      <Paragraph id="1091993" dropdown="continue" popup="none" popup-page-rule="" />
    </TableCell>
    <TableCell>
      <Paragraph id="1091995" dropdown="continue" popup="none" popup-page-rule="" />
    </TableCell>
    <TableCell>
      <Paragraph id="1091997" dropdown="continue" popup="none" popup-page-rule="" />
    </TableCell>
    <TableCell>
      <Paragraph id="1092001" dropdown="continue" popup="none" popup-page-rule="" />
    </TableCell>
    <TableCell>
      <Paragraph id="1092003" dropdown="continue" popup="none" popup-page-rule="" />
    </TableCell>
    <TableCell>
      <Paragraph id="1092005" dropdown="continue" popup="none" popup-page-rule="" />
    </TableCell>
    <TableCell>
      <Paragraph id="1092007" dropdown="continue" popup="none" popup-page-rule="" />
    </TableCell>
    <TableCell>
      <Paragraph id="1092009" dropdown="continue" popup="none" popup-page-rule="" />
    </TableCell>
    <TableCell>
      <Paragraph id="1092013" dropdown="continue" popup="none" popup-page-rule="" />
    </TableCell>
    <TableCell>
      <Paragraph id="1092015" dropdown="continue" popup="none" popup-page-rule="" />
      <Paragraph id="1092016" dropdown="continue" popup="none" popup-page-rule="" />
      <Paragraph id="1092017" dropdown="continue" popup="none" popup-page-rule="" />
    </TableCell>
    <TableCell>
      <Paragraph id="1092019" dropdown="continue" popup="none" popup-page-rule="" />
    </TableCell>
    <TableCell>
      <Paragraph id="1092021" dropdown="continue" popup="none" popup-page-rule="" />
    </TableCell>
    <TableCell>
      <Paragraph id="1092023" dropdown="continue" popup="none" popup-page-rule="" />
    </TableCell>
    <TableCell>
      <Paragraph id="1092027" dropdown="continue" popup="none" popup-page-rule="" />
    </TableCell>
    <TableCell>
      <Paragraph id="1092029" dropdown="continue" popup="none" popup-page-rule="" />
    </TableCell>
    <TableCell>
      <Paragraph id="1092032" dropdown="continue" popup="none" popup-page-rule="" />
    </TableCell>
    <TableCell>
      <Paragraph id="1092034" dropdown="continue" popup="none" popup-page-rule="" />
    </TableCell>
  </Table>
  <Paragraph id="1092039" documentposition="166" splitpriority="none" dropdown="continue" popup="none" popup-page-rule="" />
  <Paragraph id="1099948" documentposition="167" splitpriority="none" dropdown="continue" popup="none" popup-page-rule="" />
  <Paragraph id="1106351" documentposition="168" splitpriority="none" relatedtopic="define-no-output" dropdown="continue" popup="none" popup-page-rule="" />
  <Paragraph id="1106355" documentposition="169" splitpriority="none" relatedtopic="define-no-output" dropdown="continue" popup="none" popup-page-rule="" />
  <Paragraph id="1106359" documentposition="170" splitpriority="none" relatedtopic="define-no-output" dropdown="continue" popup="none" popup-page-rule="" />
  <Paragraph id="1106363" documentposition="171" splitpriority="none" relatedtopic="define-no-output" dropdown="continue" popup="none" popup-page-rule="" />
  <Paragraph id="1099881" documentposition="172" splitpriority="4" dropdown="continue" popup="none" popup-page-rule="" />
  <Paragraph id="1100327" documentposition="173" splitpriority="none" dropdown="continue" popup="none" popup-page-rule="" />
  <Paragraph id="1100328" documentposition="174" splitpriority="none" dropdown="continue" popup="none" popup-page-rule="" />
  <Paragraph id="1100329" documentposition="175" splitpriority="none" dropdown="continue" popup="none" popup-page-rule="" />
  <Paragraph id="1100333" documentposition="176" splitpriority="none" dropdown="continue" popup="none" popup-page-rule="" />
  <Paragraph id="1100366" documentposition="177" splitpriority="none" dropdown="continue" popup="none" popup-page-rule="">
    <Frame id="1100331" />
  </Paragraph>
  <Paragraph id="1100334" documentposition="178" splitpriority="none" dropdown="continue" popup="none" popup-page-rule="" />
  <Paragraph id="1100338" documentposition="179" splitpriority="none" dropdown="continue" popup="none" popup-page-rule="">
    <Frame id="1100336" />
  </Paragraph>
  <Paragraph id="1100389" documentposition="180" splitpriority="none" dropdown="continue" popup="none" popup-page-rule="" />
  <Paragraph id="1100403" documentposition="181" splitpriority="none" dropdown="continue" popup="none" popup-page-rule="" />
  <Paragraph id="1100340" documentposition="182" splitpriority="none" dropdown="continue" popup="none" popup-page-rule="" />
  <Paragraph id="1106371" documentposition="183" splitpriority="none" relatedtopic="define-no-output" dropdown="continue" popup="none" popup-page-rule="" />
  <Paragraph id="1106375" documentposition="184" splitpriority="none" relatedtopic="define-no-output" dropdown="continue" popup="none" popup-page-rule="" />
  <Paragraph id="1106379" documentposition="185" splitpriority="none" relatedtopic="define-no-output" dropdown="continue" popup="none" popup-page-rule="" />
  <Paragraph id="1100299" documentposition="186" splitpriority="none" dropdown="continue" popup="none" popup-page-rule="" />
</Behaviors>