<?xml version="1.0" encoding="utf-8"?>
<Index version="1.0" xmlns="urn:WebWorks-Index-Schema">
  <Section position="2">
<Group id="2_0" name="Default" sort=" ">
</Group>

<Group id="2_1" name="A" sort="A">
<Entry id="2_2" name="account, requesting new user" sort="account, requesting new user"><Content xmlns="urn:WebWorks-Document-Schema"><TextRun><Text value="account, requesting new user" /></TextRun></Content><Link href="C:\Documents and Settings\hadfielj\My Documents\ePublisher Pro Projects\caArray Online Help\Output\WebWorks Help 5.0\caArray Online Help\Getting Started caArray.3.7.html" anchor="1127125" fileposition="11" first="false" /></Entry>
<Entry id="2_3" name="adding" sort="adding"><Content xmlns="urn:WebWorks-Document-Schema"><TextRun><Text value="adding" /></TextRun></Content><Entry name="array designs" sort="array designs"><Content xmlns="urn:WebWorks-Document-Schema"><TextRun><Text value="array designs" /></TextRun></Content><Link href="C:\Documents and Settings\hadfielj\My Documents\ePublisher Pro Projects\caArray Online Help\Output\WebWorks Help 5.0\caArray Online Help\Curation Tools.6.5.html" anchor="1091564" fileposition="56" first="true" /></Entry><Entry name="group" sort="group"><Content xmlns="urn:WebWorks-Document-Schema"><TextRun><Text value="group" /></TextRun></Content><Link href="C:\Documents and Settings\hadfielj\My Documents\ePublisher Pro Projects\caArray Online Help\Output\WebWorks Help 5.0\caArray Online Help\User Account Mgt.9.5.html" anchor="1139981" fileposition="92" first="false" /></Entry><Entry name="publication" sort="publication"><Content xmlns="urn:WebWorks-Document-Schema"><TextRun><Text value="publication" /></TextRun></Content><Link href="C:\Documents and Settings\hadfielj\My Documents\ePublisher Pro Projects\caArray Online Help\Output\WebWorks Help 5.0\caArray Online Help\Create &amp; Manage Experiments.5.23.html" anchor="1152286" fileposition="44" first="false" /></Entry><Entry name="vocabulary term" sort="vocabulary term"><Content xmlns="urn:WebWorks-Document-Schema"><TextRun><Text value="vocabulary term" /></TextRun></Content><Link href="C:\Documents and Settings\hadfielj\My Documents\ePublisher Pro Projects\caArray Online Help\Output\WebWorks Help 5.0\caArray Online Help\Create &amp; Manage Experiments.5.21.html" anchor="1215651" fileposition="42" first="false" /><Link href="C:\Documents and Settings\hadfielj\My Documents\ePublisher Pro Projects\caArray Online Help\Output\WebWorks Help 5.0\caArray Online Help\Create &amp; Manage Experiments.5.21.html" anchor="1208160" fileposition="42" first="false" /><Link href="C:\Documents and Settings\hadfielj\My Documents\ePublisher Pro Projects\caArray Online Help\Output\WebWorks Help 5.0\caArray Online Help\Curation Tools.6.15.html" anchor="1100496" fileposition="66" first="false" /></Entry></Entry>
<Entry id="2_4" name="annotations" sort="annotations"><Content xmlns="urn:WebWorks-Document-Schema"><TextRun><Text value="annotations" /></TextRun></Content><Entry name="adding vocabulary" sort="adding vocabulary"><Content xmlns="urn:WebWorks-Document-Schema"><TextRun><Text value="adding vocabulary" /></TextRun></Content><Link href="C:\Documents and Settings\hadfielj\My Documents\ePublisher Pro Projects\caArray Online Help\Output\WebWorks Help 5.0\caArray Online Help\Create &amp; Manage Experiments.5.21.html" anchor="1215651" fileposition="42" first="false" /></Entry><Entry name="biomaterials" sort="biomaterials"><Content xmlns="urn:WebWorks-Document-Schema"><TextRun><Text value="biomaterials" /></TextRun></Content><Link href="C:\Documents and Settings\hadfielj\My Documents\ePublisher Pro Projects\caArray Online Help\Output\WebWorks Help 5.0\caArray Online Help\appdix MAGE-TAB.11.3.html" anchor="1096681" fileposition="98" first="false" /></Entry></Entry>
<Entry id="2_5" name="Annotations tab" sort="Annotations tab"><Content xmlns="urn:WebWorks-Document-Schema"><TextRun><Text value="Annotations tab" /></TextRun></Content><Link href="C:\Documents and Settings\hadfielj\My Documents\ePublisher Pro Projects\caArray Online Help\Output\WebWorks Help 5.0\caArray Online Help\Create &amp; Manage Experiments.5.7.html" anchor="1138994" fileposition="28" first="false" /></Entry>
<Entry id="2_6" name="API, extracting data" sort="API, extracting data"><Content xmlns="urn:WebWorks-Document-Schema"><TextRun><Text value="API, extracting data" /></TextRun></Content><Link href="C:\Documents and Settings\hadfielj\My Documents\ePublisher Pro Projects\caArray Online Help\Output\WebWorks Help 5.0\caArray Online Help\Extracting data.8.4.html" anchor="1132676" fileposition="87" first="false" /></Entry>
<Entry id="2_7" name="Application Support" sort="Application Support"><Content xmlns="urn:WebWorks-Document-Schema"><TextRun><Text value="Application Support" /></TextRun></Content><Link href="C:\Documents and Settings\hadfielj\My Documents\ePublisher Pro Projects\caArray Online Help\Output\WebWorks Help 5.0\caArray Online Help\Getting Started caArray.3.12.html" anchor="1141142" fileposition="16" first="false" /><Link href="C:\Documents and Settings\hadfielj\My Documents\ePublisher Pro Projects\caArray Online Help\Output\WebWorks Help 5.0\caArray Online Help\Application Support.12.1.html" anchor="1083452" fileposition="118" first="false" /></Entry>
<Entry id="2_8" name="array designs" sort="array designs"><Content xmlns="urn:WebWorks-Document-Schema"><TextRun><Text value="array designs" /></TextRun></Content><Entry name="adding" sort="adding"><Content xmlns="urn:WebWorks-Document-Schema"><TextRun><Text value="adding" /></TextRun></Content><Link href="C:\Documents and Settings\hadfielj\My Documents\ePublisher Pro Projects\caArray Online Help\Output\WebWorks Help 5.0\caArray Online Help\Curation Tools.6.5.html" anchor="1091564" fileposition="56" first="true" /></Entry><Entry name="editing" sort="editing"><Content xmlns="urn:WebWorks-Document-Schema"><TextRun><Text value="editing" /></TextRun></Content><Link href="C:\Documents and Settings\hadfielj\My Documents\ePublisher Pro Projects\caArray Online Help\Output\WebWorks Help 5.0\caArray Online Help\Curation Tools.6.6.html" anchor="1095750" fileposition="57" first="false" /></Entry><Entry name="managing" sort="managing"><Content xmlns="urn:WebWorks-Document-Schema"><TextRun><Text value="managing" /></TextRun></Content><Link href="C:\Documents and Settings\hadfielj\My Documents\ePublisher Pro Projects\caArray Online Help\Output\WebWorks Help 5.0\caArray Online Help\Curation Tools.6.3.html" anchor="1091472" fileposition="54" first="false" /></Entry><Entry name="viewing" sort="viewing"><Content xmlns="urn:WebWorks-Document-Schema"><TextRun><Text value="viewing" /></TextRun></Content><Link href="C:\Documents and Settings\hadfielj\My Documents\ePublisher Pro Projects\caArray Online Help\Output\WebWorks Help 5.0\caArray Online Help\Curation Tools.6.4.html" anchor="1091490" fileposition="55" first="false" /></Entry></Entry>
</Group>

<Group id="2_9" name="B" sort="B">
<Entry id="2_10" name="biological source materials" sort="biological source materials"><Content xmlns="urn:WebWorks-Document-Schema"><TextRun><Text value="biological source materials" /></TextRun></Content><Entry name="description" sort="description"><Content xmlns="urn:WebWorks-Document-Schema"><TextRun><Text value="description" /></TextRun></Content><Link href="C:\Documents and Settings\hadfielj\My Documents\ePublisher Pro Projects\caArray Online Help\Output\WebWorks Help 5.0\caArray Online Help\Create &amp; Manage Experiments.5.10.html" anchor="1151323" fileposition="31" first="false" /></Entry><Entry name="relationship between" sort="relationship between"><Content xmlns="urn:WebWorks-Document-Schema"><TextRun><Text value="relationship between" /></TextRun></Content><Link href="C:\Documents and Settings\hadfielj\My Documents\ePublisher Pro Projects\caArray Online Help\Output\WebWorks Help 5.0\caArray Online Help\Create &amp; Manage Experiments.5.10.html" anchor="1150918" fileposition="31" first="false" /></Entry></Entry>
<Entry id="2_11" name="biomaterials" sort="biomaterials"><Content xmlns="urn:WebWorks-Document-Schema"><TextRun><Text value="biomaterials" /></TextRun></Content><Entry name="annotations" sort="annotations"><Content xmlns="urn:WebWorks-Document-Schema"><TextRun><Text value="annotations" /></TextRun></Content><Link href="C:\Documents and Settings\hadfielj\My Documents\ePublisher Pro Projects\caArray Online Help\Output\WebWorks Help 5.0\caArray Online Help\appdix MAGE-TAB.11.3.html" anchor="1096681" fileposition="98" first="false" /></Entry><Entry name="autogeneration when MAGE-TAB data imported" sort="autogeneration when MAGE-TAB data imported"><Content xmlns="urn:WebWorks-Document-Schema"><TextRun><Text value="autogeneration when MAGE-TAB data imported" /></TextRun></Content><Link href="C:\Documents and Settings\hadfielj\My Documents\ePublisher Pro Projects\caArray Online Help\Output\WebWorks Help 5.0\caArray Online Help\Submitting Data to Exp.7.14.html" anchor="1197379" fileposition="81" first="false" /><Link href="C:\Documents and Settings\hadfielj\My Documents\ePublisher Pro Projects\caArray Online Help\Output\WebWorks Help 5.0\caArray Online Help\appdix MAGE-TAB.11.4.html" anchor="1097088" fileposition="99" first="false" /></Entry><Entry name="columns in SDRF" sort="columns in SDRF"><Content xmlns="urn:WebWorks-Document-Schema"><TextRun><Text value="columns in SDRF" /></TextRun></Content><Link href="C:\Documents and Settings\hadfielj\My Documents\ePublisher Pro Projects\caArray Online Help\Output\WebWorks Help 5.0\caArray Online Help\appdix MAGE-TAB.11.14.html" anchor="1117379" fileposition="109" first="false" /></Entry><Entry name="missing in SDRF" sort="missing in SDRF"><Content xmlns="urn:WebWorks-Document-Schema"><TextRun><Text value="missing in SDRF" /></TextRun></Content><Link href="C:\Documents and Settings\hadfielj\My Documents\ePublisher Pro Projects\caArray Online Help\Output\WebWorks Help 5.0\caArray Online Help\appdix MAGE-TAB.11.4.html" anchor="1097088" fileposition="99" first="false" /></Entry></Entry>
<Entry id="2_12" name="browsing" sort="browsing"><Content xmlns="urn:WebWorks-Document-Schema"><TextRun><Text value="browsing" /></TextRun></Content><Entry name="after login" sort="after login"><Content xmlns="urn:WebWorks-Document-Schema"><TextRun><Text value="after login" /></TextRun></Content><Link href="C:\Documents and Settings\hadfielj\My Documents\ePublisher Pro Projects\caArray Online Help\Output\WebWorks Help 5.0\caArray Online Help\Getting Started caArray.3.5.html" anchor="1131193" fileposition="9" first="false" /></Entry><Entry name="before login" sort="before login"><Content xmlns="urn:WebWorks-Document-Schema"><TextRun><Text value="before login" /></TextRun></Content><Link href="C:\Documents and Settings\hadfielj\My Documents\ePublisher Pro Projects\caArray Online Help\Output\WebWorks Help 5.0\caArray Online Help\Getting Started caArray.3.4.html" anchor="1215619" fileposition="8" first="false" /></Entry><Entry name="caArray" sort="caArray"><Content xmlns="urn:WebWorks-Document-Schema"><TextRun><Text value="caArray" /></TextRun></Content><Link href="C:\Documents and Settings\hadfielj\My Documents\ePublisher Pro Projects\caArray Online Help\Output\WebWorks Help 5.0\caArray Online Help\Getting Started caArray.3.3.html" anchor="1124686" fileposition="7" first="true" /><Link href="C:\Documents and Settings\hadfielj\My Documents\ePublisher Pro Projects\caArray Online Help\Output\WebWorks Help 5.0\caArray Online Help\Searching caArray.4.2.html" anchor="1133651" fileposition="19" first="false" /></Entry></Entry>
</Group>

<Group id="2_13" name="C" sort="C">
<Entry id="2_14" name="caArray" sort="caArray"><Content xmlns="urn:WebWorks-Document-Schema"><TextRun><Text value="caArray" /></TextRun></Content><Entry name="About caArray sidebar links" sort="About caArray sidebar links"><Content xmlns="urn:WebWorks-Document-Schema"><TextRun><Text value="About caArray sidebar links" /></TextRun></Content><Link href="C:\Documents and Settings\hadfielj\My Documents\ePublisher Pro Projects\caArray Online Help\Output\WebWorks Help 5.0\caArray Online Help\Getting Started caArray.3.11.html" anchor="1125422" fileposition="15" first="false" /></Entry><Entry name="browsing" sort="browsing"><Content xmlns="urn:WebWorks-Document-Schema"><TextRun><Text value="browsing" /></TextRun></Content><Link href="C:\Documents and Settings\hadfielj\My Documents\ePublisher Pro Projects\caArray Online Help\Output\WebWorks Help 5.0\caArray Online Help\Getting Started caArray.3.3.html" anchor="1124686" fileposition="7" first="true" /><Link href="C:\Documents and Settings\hadfielj\My Documents\ePublisher Pro Projects\caArray Online Help\Output\WebWorks Help 5.0\caArray Online Help\Searching caArray.4.2.html" anchor="1133651" fileposition="19" first="false" /></Entry><Entry name="common uses" sort="common uses"><Content xmlns="urn:WebWorks-Document-Schema"><TextRun><Text value="common uses" /></TextRun></Content><Link href="C:\Documents and Settings\hadfielj\My Documents\ePublisher Pro Projects\caArray Online Help\Output\WebWorks Help 5.0\caArray Online Help\Getting Started caArray.3.13.html" anchor="1147576" fileposition="17" first="false" /></Entry><Entry name="compatible browsers" sort="compatible browsers"><Content xmlns="urn:WebWorks-Document-Schema"><TextRun><Text value="compatible browsers" /></TextRun></Content><Link href="C:\Documents and Settings\hadfielj\My Documents\ePublisher Pro Projects\caArray Online Help\Output\WebWorks Help 5.0\caArray Online Help\Getting Started caArray.3.2.html" anchor="1153777" fileposition="6" first="false" /></Entry><Entry name="Data Portal page" sort="Data Portal page"><Content xmlns="urn:WebWorks-Document-Schema"><TextRun><Text value="Data Portal page" /></TextRun></Content><Link href="C:\Documents and Settings\hadfielj\My Documents\ePublisher Pro Projects\caArray Online Help\Output\WebWorks Help 5.0\caArray Online Help\Getting Started caArray.3.6.html" anchor="1124018" fileposition="10" first="false" /></Entry><Entry name="interface description" sort="interface description"><Content xmlns="urn:WebWorks-Document-Schema"><TextRun><Text value="interface description" /></TextRun></Content><Link href="C:\Documents and Settings\hadfielj\My Documents\ePublisher Pro Projects\caArray Online Help\Output\WebWorks Help 5.0\caArray Online Help\Getting Started caArray.3.10.html" anchor="1134559" fileposition="14" first="true" /></Entry><Entry name="launching" sort="launching"><Content xmlns="urn:WebWorks-Document-Schema"><TextRun><Text value="launching" /></TextRun></Content><Link href="C:\Documents and Settings\hadfielj\My Documents\ePublisher Pro Projects\caArray Online Help\Output\WebWorks Help 5.0\caArray Online Help\Getting Started caArray.3.2.html" anchor="1153777" fileposition="6" first="false" /><Link href="C:\Documents and Settings\hadfielj\My Documents\ePublisher Pro Projects\caArray Online Help\Output\WebWorks Help 5.0\caArray Online Help\Getting Started caArray.3.2.html" anchor="1102033" fileposition="6" first="false" /></Entry><Entry name="login" sort="login"><Content xmlns="urn:WebWorks-Document-Schema"><TextRun><Text value="login" /></TextRun></Content><Link href="C:\Documents and Settings\hadfielj\My Documents\ePublisher Pro Projects\caArray Online Help\Output\WebWorks Help 5.0\caArray Online Help\Getting Started caArray.3.4.html" anchor="1215619" fileposition="8" first="false" /></Entry><Entry name="My Experiment Workspace" sort="My Experiment Workspace"><Content xmlns="urn:WebWorks-Document-Schema"><TextRun><Text value="My Experiment Workspace" /></TextRun></Content><Link href="C:\Documents and Settings\hadfielj\My Documents\ePublisher Pro Projects\caArray Online Help\Output\WebWorks Help 5.0\caArray Online Help\Getting Started caArray.3.13.html" anchor="1132747" fileposition="17" first="false" /></Entry><Entry name="objectives" sort="objectives"><Content xmlns="urn:WebWorks-Document-Schema"><TextRun><Text value="objectives" /></TextRun></Content><Link href="C:\Documents and Settings\hadfielj\My Documents\ePublisher Pro Projects\caArray Online Help\Output\WebWorks Help 5.0\caArray Online Help\About caArray.2.2.html" anchor="1088830" fileposition="3" first="false" /></Entry><Entry name="overview" sort="overview"><Content xmlns="urn:WebWorks-Document-Schema"><TextRun><Text value="overview" /></TextRun></Content><Link href="C:\Documents and Settings\hadfielj\My Documents\ePublisher Pro Projects\caArray Online Help\Output\WebWorks Help 5.0\caArray Online Help\About caArray.2.2.html" anchor="1088830" fileposition="3" first="false" /></Entry><Entry name="relationship to caBIG" sort="relationship to caBIG"><Content xmlns="urn:WebWorks-Document-Schema"><TextRun><Text value="relationship to caBIG" /></TextRun></Content><Link href="C:\Documents and Settings\hadfielj\My Documents\ePublisher Pro Projects\caArray Online Help\Output\WebWorks Help 5.0\caArray Online Help\About caArray.2.3.html" anchor="1086800" fileposition="4" first="false" /></Entry><Entry name="requesting user account" sort="requesting user account"><Content xmlns="urn:WebWorks-Document-Schema"><TextRun><Text value="requesting user account" /></TextRun></Content><Link href="C:\Documents and Settings\hadfielj\My Documents\ePublisher Pro Projects\caArray Online Help\Output\WebWorks Help 5.0\caArray Online Help\Getting Started caArray.3.7.html" anchor="1127125" fileposition="11" first="false" /></Entry><Entry name="search results" sort="search results"><Content xmlns="urn:WebWorks-Document-Schema"><TextRun><Text value="search results" /></TextRun></Content><Link href="C:\Documents and Settings\hadfielj\My Documents\ePublisher Pro Projects\caArray Online Help\Output\WebWorks Help 5.0\caArray Online Help\Searching caArray.4.4.html" anchor="1143038" fileposition="21" first="false" /></Entry><Entry name="searching the repository" sort="searching the repository"><Content xmlns="urn:WebWorks-Document-Schema"><TextRun><Text value="searching the repository" /></TextRun></Content><Link href="C:\Documents and Settings\hadfielj\My Documents\ePublisher Pro Projects\caArray Online Help\Output\WebWorks Help 5.0\caArray Online Help\Searching caArray.4.3.html" anchor="1137686" fileposition="20" first="false" /></Entry><Entry name="task tabs" sort="task tabs"><Content xmlns="urn:WebWorks-Document-Schema"><TextRun><Text value="task tabs" /></TextRun></Content><Link href="C:\Documents and Settings\hadfielj\My Documents\ePublisher Pro Projects\caArray Online Help\Output\WebWorks Help 5.0\caArray Online Help\Getting Started caArray.3.13.html" anchor="1132747" fileposition="17" first="false" /></Entry><Entry name="user interface footer" sort="user interface footer"><Content xmlns="urn:WebWorks-Document-Schema"><TextRun><Text value="user interface footer" /></TextRun></Content><Link href="C:\Documents and Settings\hadfielj\My Documents\ePublisher Pro Projects\caArray Online Help\Output\WebWorks Help 5.0\caArray Online Help\Getting Started caArray.3.12.html" anchor="1140727" fileposition="16" first="false" /></Entry><Entry name="Welcome page" sort="Welcome page"><Content xmlns="urn:WebWorks-Document-Schema"><TextRun><Text value="Welcome page" /></TextRun></Content><Link href="C:\Documents and Settings\hadfielj\My Documents\ePublisher Pro Projects\caArray Online Help\Output\WebWorks Help 5.0\caArray Online Help\Getting Started caArray.3.11.html" anchor="1134653" fileposition="15" first="false" /></Entry><Entry name="Welcome to caArray sidebar links" sort="Welcome to caArray sidebar links"><Content xmlns="urn:WebWorks-Document-Schema"><TextRun><Text value="Welcome to caArray sidebar links" /></TextRun></Content><Link href="C:\Documents and Settings\hadfielj\My Documents\ePublisher Pro Projects\caArray Online Help\Output\WebWorks Help 5.0\caArray Online Help\Getting Started caArray.3.11.html" anchor="1147085" fileposition="15" first="false" /></Entry></Entry>
<Entry id="2_15" name="caBIG, relationship to caArray" sort="caBIG, relationship to caArray"><Content xmlns="urn:WebWorks-Document-Schema"><TextRun><Text value="caBIG, relationship to caArray" /></TextRun></Content><Link href="C:\Documents and Settings\hadfielj\My Documents\ePublisher Pro Projects\caArray Online Help\Output\WebWorks Help 5.0\caArray Online Help\About caArray.2.3.html" anchor="1086800" fileposition="4" first="false" /></Entry>
<Entry id="2_16" name="collaboration group" sort="collaboration group"><Content xmlns="urn:WebWorks-Document-Schema"><TextRun><Text value="collaboration group" /></TextRun></Content><Entry name="creating" sort="creating"><Content xmlns="urn:WebWorks-Document-Schema"><TextRun><Text value="creating" /></TextRun></Content><Link href="C:\Documents and Settings\hadfielj\My Documents\ePublisher Pro Projects\caArray Online Help\Output\WebWorks Help 5.0\caArray Online Help\User Account Mgt.9.5.html" anchor="1139979" fileposition="92" first="true" /></Entry><Entry name="editing" sort="editing"><Content xmlns="urn:WebWorks-Document-Schema"><TextRun><Text value="editing" /></TextRun></Content><Link href="C:\Documents and Settings\hadfielj\My Documents\ePublisher Pro Projects\caArray Online Help\Output\WebWorks Help 5.0\caArray Online Help\User Account Mgt.9.7.html" anchor="1087125" fileposition="94" first="true" /></Entry><Entry name="viewing details" sort="viewing details"><Content xmlns="urn:WebWorks-Document-Schema"><TextRun><Text value="viewing details" /></TextRun></Content><Link href="C:\Documents and Settings\hadfielj\My Documents\ePublisher Pro Projects\caArray Online Help\Output\WebWorks Help 5.0\caArray Online Help\User Account Mgt.9.6.html" anchor="1077437" fileposition="93" first="true" /></Entry></Entry>
<Entry id="2_17" name="collaboration groups" sort="collaboration groups"><Content xmlns="urn:WebWorks-Document-Schema"><TextRun><Text value="collaboration groups" /></TextRun></Content><Entry name="managing" sort="managing"><Content xmlns="urn:WebWorks-Document-Schema"><TextRun><Text value="managing" /></TextRun></Content><Link href="C:\Documents and Settings\hadfielj\My Documents\ePublisher Pro Projects\caArray Online Help\Output\WebWorks Help 5.0\caArray Online Help\User Account Mgt.9.4.html" anchor="1138506" fileposition="91" first="false" /></Entry><Entry name="setting experiment visibility" sort="setting experiment visibility"><Content xmlns="urn:WebWorks-Document-Schema"><TextRun><Text value="setting experiment visibility" /></TextRun></Content><Link href="C:\Documents and Settings\hadfielj\My Documents\ePublisher Pro Projects\caArray Online Help\Output\WebWorks Help 5.0\caArray Online Help\Create &amp; Manage Experiments.5.30.html" anchor="1188588" fileposition="51" first="false" /></Entry></Entry>
<Entry id="2_18" name="Contact tab" sort="Contact tab"><Content xmlns="urn:WebWorks-Document-Schema"><TextRun><Text value="Contact tab" /></TextRun></Content><Link href="C:\Documents and Settings\hadfielj\My Documents\ePublisher Pro Projects\caArray Online Help\Output\WebWorks Help 5.0\caArray Online Help\Create &amp; Manage Experiments.5.6.html" anchor="1138709" fileposition="27" first="false" /></Entry>
<Entry id="2_19" name="controlled vocabularies, use in IDF" sort="controlled vocabularies, use in IDF"><Content xmlns="urn:WebWorks-Document-Schema"><TextRun><Text value="controlled vocabularies, use in IDF" /></TextRun></Content><Link href="C:\Documents and Settings\hadfielj\My Documents\ePublisher Pro Projects\caArray Online Help\Output\WebWorks Help 5.0\caArray Online Help\appdix MAGE-TAB.11.11.html" anchor="1110740" fileposition="106" first="false" /></Entry>
<Entry id="2_20" name="controlled vocabularies, use in SDRF" sort="controlled vocabularies, use in SDRF"><Content xmlns="urn:WebWorks-Document-Schema"><TextRun><Text value="controlled vocabularies, use in SDRF" /></TextRun></Content><Link href="C:\Documents and Settings\hadfielj\My Documents\ePublisher Pro Projects\caArray Online Help\Output\WebWorks Help 5.0\caArray Online Help\appdix MAGE-TAB.11.13.html" anchor="1096840" fileposition="108" first="false" /></Entry>
<Entry id="2_21" name="copying" sort="copying"><Content xmlns="urn:WebWorks-Document-Schema"><TextRun><Text value="copying" /></TextRun></Content><Entry name="biomaterials" sort="biomaterials"><Content xmlns="urn:WebWorks-Document-Schema"><TextRun><Text value="biomaterials" /></TextRun></Content><Link href="C:\Documents and Settings\hadfielj\My Documents\ePublisher Pro Projects\caArray Online Help\Output\WebWorks Help 5.0\caArray Online Help\Create &amp; Manage Experiments.5.18.html" anchor="1260989" fileposition="39" first="false" /></Entry><Entry name="hybridizations" sort="hybridizations"><Content xmlns="urn:WebWorks-Document-Schema"><TextRun><Text value="hybridizations" /></TextRun></Content><Link href="C:\Documents and Settings\hadfielj\My Documents\ePublisher Pro Projects\caArray Online Help\Output\WebWorks Help 5.0\caArray Online Help\Create &amp; Manage Experiments.5.18.html" anchor="1260989" fileposition="39" first="false" /></Entry></Entry>
<Entry id="2_22" name="creating" sort="creating"><Content xmlns="urn:WebWorks-Document-Schema"><TextRun><Text value="creating" /></TextRun></Content><Entry name="collaboration group" sort="collaboration group"><Content xmlns="urn:WebWorks-Document-Schema"><TextRun><Text value="collaboration group" /></TextRun></Content><Link href="C:\Documents and Settings\hadfielj\My Documents\ePublisher Pro Projects\caArray Online Help\Output\WebWorks Help 5.0\caArray Online Help\User Account Mgt.9.5.html" anchor="1139979" fileposition="92" first="true" /></Entry><Entry name="experiment" sort="experiment"><Content xmlns="urn:WebWorks-Document-Schema"><TextRun><Text value="experiment" /></TextRun></Content><Link href="C:\Documents and Settings\hadfielj\My Documents\ePublisher Pro Projects\caArray Online Help\Output\WebWorks Help 5.0\caArray Online Help\Create &amp; Manage Experiments.5.4.html" anchor="1136437" fileposition="25" first="false" /></Entry><Entry name="group" sort="group"><Content xmlns="urn:WebWorks-Document-Schema"><TextRun><Text value="group" /></TextRun></Content><Link href="C:\Documents and Settings\hadfielj\My Documents\ePublisher Pro Projects\caArray Online Help\Output\WebWorks Help 5.0\caArray Online Help\User Account Mgt.9.5.html" anchor="1139981" fileposition="92" first="false" /></Entry><Entry name="protocol" sort="protocol"><Content xmlns="urn:WebWorks-Document-Schema"><TextRun><Text value="protocol" /></TextRun></Content><Link href="C:\Documents and Settings\hadfielj\My Documents\ePublisher Pro Projects\caArray Online Help\Output\WebWorks Help 5.0\caArray Online Help\Create &amp; Manage Experiments.5.12.html" anchor="1259790" fileposition="33" first="false" /><Link href="C:\Documents and Settings\hadfielj\My Documents\ePublisher Pro Projects\caArray Online Help\Output\WebWorks Help 5.0\caArray Online Help\Create &amp; Manage Experiments.5.13.html" anchor="1259772" fileposition="34" first="false" /><Link href="C:\Documents and Settings\hadfielj\My Documents\ePublisher Pro Projects\caArray Online Help\Output\WebWorks Help 5.0\caArray Online Help\Create &amp; Manage Experiments.5.14.html" anchor="1186678" fileposition="35" first="false" /><Link href="C:\Documents and Settings\hadfielj\My Documents\ePublisher Pro Projects\caArray Online Help\Output\WebWorks Help 5.0\caArray Online Help\Create &amp; Manage Experiments.5.15.html" anchor="1259810" fileposition="36" first="false" /><Link href="C:\Documents and Settings\hadfielj\My Documents\ePublisher Pro Projects\caArray Online Help\Output\WebWorks Help 5.0\caArray Online Help\Curation Tools.6.10.html" anchor="1091828" fileposition="61" first="false" /><Link href="C:\Documents and Settings\hadfielj\My Documents\ePublisher Pro Projects\caArray Online Help\Output\WebWorks Help 5.0\caArray Online Help\Curation Tools.6.10.html" anchor="1131463" fileposition="61" first="false" /></Entry><Entry name="user account" sort="user account"><Content xmlns="urn:WebWorks-Document-Schema"><TextRun><Text value="user account" /></TextRun></Content><Link href="C:\Documents and Settings\hadfielj\My Documents\ePublisher Pro Projects\caArray Online Help\Output\WebWorks Help 5.0\caArray Online Help\User Account Mgt.9.3.html" anchor="1125506" fileposition="90" first="false" /></Entry></Entry>
<Entry id="2_23" name="curation tasks" sort="curation tasks"><Content xmlns="urn:WebWorks-Document-Schema"><TextRun><Text value="curation tasks" /></TextRun></Content><Link href="C:\Documents and Settings\hadfielj\My Documents\ePublisher Pro Projects\caArray Online Help\Output\WebWorks Help 5.0\caArray Online Help\Curation Tools.6.2.html" anchor="1091446" fileposition="53" first="false" /></Entry>
</Group>

<Group id="2_24" name="D" sort="D">
<Entry id="2_25" name="Data portal page" sort="Data portal page"><Content xmlns="urn:WebWorks-Document-Schema"><TextRun><Text value="Data portal page" /></TextRun></Content><Link href="C:\Documents and Settings\hadfielj\My Documents\ePublisher Pro Projects\caArray Online Help\Output\WebWorks Help 5.0\caArray Online Help\Getting Started caArray.3.6.html" anchor="1124018" fileposition="10" first="false" /></Entry>
<Entry id="2_26" name="Data tab" sort="Data tab"><Content xmlns="urn:WebWorks-Document-Schema"><TextRun><Text value="Data tab" /></TextRun></Content><Entry name="deleting a file" sort="deleting a file"><Content xmlns="urn:WebWorks-Document-Schema"><TextRun><Text value="deleting a file" /></TextRun></Content><Link href="C:\Documents and Settings\hadfielj\My Documents\ePublisher Pro Projects\caArray Online Help\Output\WebWorks Help 5.0\caArray Online Help\Submitting Data to Exp.7.5.html" anchor="1136694" fileposition="72" first="false" /></Entry><Entry name="description" sort="description"><Content xmlns="urn:WebWorks-Document-Schema"><TextRun><Text value="description" /></TextRun></Content><Link href="C:\Documents and Settings\hadfielj\My Documents\ePublisher Pro Projects\caArray Online Help\Output\WebWorks Help 5.0\caArray Online Help\Create &amp; Manage Experiments.5.22.html" anchor="1204204" fileposition="43" first="false" /></Entry><Entry name="downloading data files" sort="downloading data files"><Content xmlns="urn:WebWorks-Document-Schema"><TextRun><Text value="downloading data files" /></TextRun></Content><Link href="C:\Documents and Settings\hadfielj\My Documents\ePublisher Pro Projects\caArray Online Help\Output\WebWorks Help 5.0\caArray Online Help\Extracting data.8.2.html" anchor="1132728" fileposition="85" first="false" /></Entry><Entry name="importing files" sort="importing files"><Content xmlns="urn:WebWorks-Document-Schema"><TextRun><Text value="importing files" /></TextRun></Content><Link href="C:\Documents and Settings\hadfielj\My Documents\ePublisher Pro Projects\caArray Online Help\Output\WebWorks Help 5.0\caArray Online Help\Submitting Data to Exp.7.9.html" anchor="1204953" fileposition="76" first="false" /></Entry><Entry name="Manage Data subtab" sort="Manage Data subtab"><Content xmlns="urn:WebWorks-Document-Schema"><TextRun><Text value="Manage Data subtab" /></TextRun></Content><Link href="C:\Documents and Settings\hadfielj\My Documents\ePublisher Pro Projects\caArray Online Help\Output\WebWorks Help 5.0\caArray Online Help\Submitting Data to Exp.7.2.html" anchor="1163685" fileposition="69" first="false" /></Entry><Entry name="Supplemental Files" sort="Supplemental Files"><Content xmlns="urn:WebWorks-Document-Schema"><TextRun><Text value="Supplemental Files" /></TextRun></Content><Link href="C:\Documents and Settings\hadfielj\My Documents\ePublisher Pro Projects\caArray Online Help\Output\WebWorks Help 5.0\caArray Online Help\Submitting Data to Exp.7.15.html" anchor="1140756" fileposition="82" first="false" /></Entry><Entry name="uploading data" sort="uploading data"><Content xmlns="urn:WebWorks-Document-Schema"><TextRun><Text value="uploading data" /></TextRun></Content><Link href="C:\Documents and Settings\hadfielj\My Documents\ePublisher Pro Projects\caArray Online Help\Output\WebWorks Help 5.0\caArray Online Help\Submitting Data to Exp.7.3.html" anchor="1143572" fileposition="70" first="false" /></Entry><Entry name="validating data" sort="validating data"><Content xmlns="urn:WebWorks-Document-Schema"><TextRun><Text value="validating data" /></TextRun></Content><Link href="C:\Documents and Settings\hadfielj\My Documents\ePublisher Pro Projects\caArray Online Help\Output\WebWorks Help 5.0\caArray Online Help\Submitting Data to Exp.7.6.html" anchor="1136552" fileposition="73" first="false" /></Entry></Entry>
<Entry id="2_27" name="deleting" sort="deleting"><Content xmlns="urn:WebWorks-Document-Schema"><TextRun><Text value="deleting" /></TextRun></Content><Entry name="biomaterials" sort="biomaterials"><Content xmlns="urn:WebWorks-Document-Schema"><TextRun><Text value="biomaterials" /></TextRun></Content><Link href="C:\Documents and Settings\hadfielj\My Documents\ePublisher Pro Projects\caArray Online Help\Output\WebWorks Help 5.0\caArray Online Help\Create &amp; Manage Experiments.5.19.html" anchor="1276269" fileposition="40" first="false" /></Entry><Entry name="data file" sort="data file"><Content xmlns="urn:WebWorks-Document-Schema"><TextRun><Text value="data file" /></TextRun></Content><Link href="C:\Documents and Settings\hadfielj\My Documents\ePublisher Pro Projects\caArray Online Help\Output\WebWorks Help 5.0\caArray Online Help\Submitting Data to Exp.7.5.html" anchor="1136694" fileposition="72" first="false" /></Entry><Entry name="experiment" sort="experiment"><Content xmlns="urn:WebWorks-Document-Schema"><TextRun><Text value="experiment" /></TextRun></Content><Link href="C:\Documents and Settings\hadfielj\My Documents\ePublisher Pro Projects\caArray Online Help\Output\WebWorks Help 5.0\caArray Online Help\Create &amp; Manage Experiments.5.27.html" anchor="1237445" fileposition="48" first="true" /></Entry><Entry name="hybridizations" sort="hybridizations"><Content xmlns="urn:WebWorks-Document-Schema"><TextRun><Text value="hybridizations" /></TextRun></Content><Link href="C:\Documents and Settings\hadfielj\My Documents\ePublisher Pro Projects\caArray Online Help\Output\WebWorks Help 5.0\caArray Online Help\Create &amp; Manage Experiments.5.19.html" anchor="1276269" fileposition="40" first="false" /></Entry></Entry>
<Entry id="2_28" name="derived file vs. raw file" sort="derived file vs. raw file"><Content xmlns="urn:WebWorks-Document-Schema"><TextRun><Text value="derived file vs. raw file" /></TextRun></Content><Link href="C:\Documents and Settings\hadfielj\My Documents\ePublisher Pro Projects\caArray Online Help\Output\WebWorks Help 5.0\caArray Online Help\appdix MAGE-TAB.11.6.html" anchor="1109041" fileposition="101" first="false" /></Entry>
<Entry id="2_29" name="downloading" sort="downloading"><Content xmlns="urn:WebWorks-Document-Schema"><TextRun><Text value="downloading" /></TextRun></Content><Entry name="annotation files, source" sort="annotation files, source"><Content xmlns="urn:WebWorks-Document-Schema"><TextRun><Text value="annotation files, source" /></TextRun></Content><Link href="C:\Documents and Settings\hadfielj\My Documents\ePublisher Pro Projects\caArray Online Help\Output\WebWorks Help 5.0\caArray Online Help\Create &amp; Manage Experiments.5.20.html" anchor="1261018" fileposition="41" first="false" /></Entry><Entry name="data files" sort="data files"><Content xmlns="urn:WebWorks-Document-Schema"><TextRun><Text value="data files" /></TextRun></Content><Link href="C:\Documents and Settings\hadfielj\My Documents\ePublisher Pro Projects\caArray Online Help\Output\WebWorks Help 5.0\caArray Online Help\Extracting data.8.2.html" anchor="1132728" fileposition="85" first="false" /></Entry><Entry name="dataset size" sort="dataset size"><Content xmlns="urn:WebWorks-Document-Schema"><TextRun><Text value="dataset size" /></TextRun></Content><Link href="C:\Documents and Settings\hadfielj\My Documents\ePublisher Pro Projects\caArray Online Help\Output\WebWorks Help 5.0\caArray Online Help\Extracting data.8.2.html" anchor="1137928" fileposition="85" first="false" /></Entry><Entry name="MAGE-TAB data" sort="MAGE-TAB data"><Content xmlns="urn:WebWorks-Document-Schema"><TextRun><Text value="MAGE-TAB data" /></TextRun></Content><Link href="C:\Documents and Settings\hadfielj\My Documents\ePublisher Pro Projects\caArray Online Help\Output\WebWorks Help 5.0\caArray Online Help\Submitting Data to Exp.7.14.html" anchor="1182691" fileposition="81" first="false" /><Link href="C:\Documents and Settings\hadfielj\My Documents\ePublisher Pro Projects\caArray Online Help\Output\WebWorks Help 5.0\caArray Online Help\Extracting data.8.2.html" anchor="1137360" fileposition="85" first="false" /></Entry></Entry>
<Entry id="2_30" name="draft status, Experiment visiblity in" sort="draft status, Experiment visiblity in"><Content xmlns="urn:WebWorks-Document-Schema"><TextRun><Text value="draft status, Experiment visiblity in" /></TextRun></Content><Link href="C:\Documents and Settings\hadfielj\My Documents\ePublisher Pro Projects\caArray Online Help\Output\WebWorks Help 5.0\caArray Online Help\Create &amp; Manage Experiments.5.29.html" anchor="1188277" fileposition="50" first="false" /></Entry>
</Group>

<Group id="2_31" name="E" sort="E">
<Entry id="2_32" name="editing" sort="editing"><Content xmlns="urn:WebWorks-Document-Schema"><TextRun><Text value="editing" /></TextRun></Content><Entry name="array designs" sort="array designs"><Content xmlns="urn:WebWorks-Document-Schema"><TextRun><Text value="array designs" /></TextRun></Content><Link href="C:\Documents and Settings\hadfielj\My Documents\ePublisher Pro Projects\caArray Online Help\Output\WebWorks Help 5.0\caArray Online Help\Curation Tools.6.6.html" anchor="1095750" fileposition="57" first="false" /></Entry><Entry name="collaboration group" sort="collaboration group"><Content xmlns="urn:WebWorks-Document-Schema"><TextRun><Text value="collaboration group" /></TextRun></Content><Link href="C:\Documents and Settings\hadfielj\My Documents\ePublisher Pro Projects\caArray Online Help\Output\WebWorks Help 5.0\caArray Online Help\User Account Mgt.9.7.html" anchor="1087125" fileposition="94" first="true" /></Entry><Entry name="MAGE-TAB documents" sort="MAGE-TAB documents"><Content xmlns="urn:WebWorks-Document-Schema"><TextRun><Text value="MAGE-TAB documents" /></TextRun></Content><Link href="C:\Documents and Settings\hadfielj\My Documents\ePublisher Pro Projects\caArray Online Help\Output\WebWorks Help 5.0\caArray Online Help\appdix MAGE-TAB.11.8.html" anchor="1113168" fileposition="103" first="true" /></Entry><Entry name="protocol" sort="protocol"><Content xmlns="urn:WebWorks-Document-Schema"><TextRun><Text value="protocol" /></TextRun></Content><Link href="C:\Documents and Settings\hadfielj\My Documents\ePublisher Pro Projects\caArray Online Help\Output\WebWorks Help 5.0\caArray Online Help\Curation Tools.6.11.html" anchor="1091902" fileposition="62" first="false" /></Entry><Entry name="vocabulary term" sort="vocabulary term"><Content xmlns="urn:WebWorks-Document-Schema"><TextRun><Text value="vocabulary term" /></TextRun></Content><Link href="C:\Documents and Settings\hadfielj\My Documents\ePublisher Pro Projects\caArray Online Help\Output\WebWorks Help 5.0\caArray Online Help\Curation Tools.6.16.html" anchor="1100327" fileposition="67" first="false" /></Entry></Entry>
<Entry id="2_33" name="editing protocol typer" sort="editing protocol typer"><Content xmlns="urn:WebWorks-Document-Schema"><TextRun><Text value="editing protocol typer" /></TextRun></Content><Link href="C:\Documents and Settings\hadfielj\My Documents\ePublisher Pro Projects\caArray Online Help\Output\WebWorks Help 5.0\caArray Online Help\Curation Tools.6.12.html" anchor="1091938" fileposition="63" first="true" /></Entry>
<Entry id="2_34" name="experiment" sort="experiment"><Content xmlns="urn:WebWorks-Document-Schema"><TextRun><Text value="experiment" /></TextRun></Content><Entry name="adding vocabulary" sort="adding vocabulary"><Content xmlns="urn:WebWorks-Document-Schema"><TextRun><Text value="adding vocabulary" /></TextRun></Content><Link href="C:\Documents and Settings\hadfielj\My Documents\ePublisher Pro Projects\caArray Online Help\Output\WebWorks Help 5.0\caArray Online Help\Create &amp; Manage Experiments.5.21.html" anchor="1215651" fileposition="42" first="false" /></Entry><Entry name="Annotation tab" sort="Annotation tab"><Content xmlns="urn:WebWorks-Document-Schema"><TextRun><Text value="Annotation tab" /></TextRun></Content><Link href="C:\Documents and Settings\hadfielj\My Documents\ePublisher Pro Projects\caArray Online Help\Output\WebWorks Help 5.0\caArray Online Help\Create &amp; Manage Experiments.5.7.html" anchor="1138994" fileposition="28" first="false" /></Entry><Entry name="Contact tab" sort="Contact tab"><Content xmlns="urn:WebWorks-Document-Schema"><TextRun><Text value="Contact tab" /></TextRun></Content><Link href="C:\Documents and Settings\hadfielj\My Documents\ePublisher Pro Projects\caArray Online Help\Output\WebWorks Help 5.0\caArray Online Help\Create &amp; Manage Experiments.5.6.html" anchor="1138709" fileposition="27" first="false" /></Entry><Entry name="creating" sort="creating"><Content xmlns="urn:WebWorks-Document-Schema"><TextRun><Text value="creating" /></TextRun></Content><Link href="C:\Documents and Settings\hadfielj\My Documents\ePublisher Pro Projects\caArray Online Help\Output\WebWorks Help 5.0\caArray Online Help\Create &amp; Manage Experiments.5.4.html" anchor="1136437" fileposition="25" first="false" /></Entry><Entry name="Data tab" sort="Data tab"><Content xmlns="urn:WebWorks-Document-Schema"><TextRun><Text value="Data tab" /></TextRun></Content><Link href="C:\Documents and Settings\hadfielj\My Documents\ePublisher Pro Projects\caArray Online Help\Output\WebWorks Help 5.0\caArray Online Help\Submitting Data to Exp.7.2.html" anchor="1139918" fileposition="69" first="false" /></Entry><Entry name="deleting" sort="deleting"><Content xmlns="urn:WebWorks-Document-Schema"><TextRun><Text value="deleting" /></TextRun></Content><Link href="C:\Documents and Settings\hadfielj\My Documents\ePublisher Pro Projects\caArray Online Help\Output\WebWorks Help 5.0\caArray Online Help\Create &amp; Manage Experiments.5.27.html" anchor="1237445" fileposition="48" first="true" /></Entry><Entry name="draft status" sort="draft status"><Content xmlns="urn:WebWorks-Document-Schema"><TextRun><Text value="draft status" /></TextRun></Content><Link href="C:\Documents and Settings\hadfielj\My Documents\ePublisher Pro Projects\caArray Online Help\Output\WebWorks Help 5.0\caArray Online Help\Create &amp; Manage Experiments.5.29.html" anchor="1188277" fileposition="50" first="false" /></Entry><Entry name="in progress" sort="in progress"><Content xmlns="urn:WebWorks-Document-Schema"><TextRun><Text value="in progress" /></TextRun></Content><Link href="C:\Documents and Settings\hadfielj\My Documents\ePublisher Pro Projects\caArray Online Help\Output\WebWorks Help 5.0\caArray Online Help\Create &amp; Manage Experiments.5.29.html" anchor="1188308" fileposition="50" first="false" /></Entry><Entry name="managing data submission" sort="managing data submission"><Content xmlns="urn:WebWorks-Document-Schema"><TextRun><Text value="managing data submission" /></TextRun></Content><Link href="C:\Documents and Settings\hadfielj\My Documents\ePublisher Pro Projects\caArray Online Help\Output\WebWorks Help 5.0\caArray Online Help\Submitting Data to Exp.7.2.html" anchor="1163685" fileposition="69" first="false" /></Entry><Entry name="Overview tab" sort="Overview tab"><Content xmlns="urn:WebWorks-Document-Schema"><TextRun><Text value="Overview tab" /></TextRun></Content><Link href="C:\Documents and Settings\hadfielj\My Documents\ePublisher Pro Projects\caArray Online Help\Output\WebWorks Help 5.0\caArray Online Help\Create &amp; Manage Experiments.5.5.html" anchor="1149732" fileposition="26" first="false" /></Entry><Entry name="Publications tab" sort="Publications tab"><Content xmlns="urn:WebWorks-Document-Schema"><TextRun><Text value="Publications tab" /></TextRun></Content><Link href="C:\Documents and Settings\hadfielj\My Documents\ePublisher Pro Projects\caArray Online Help\Output\WebWorks Help 5.0\caArray Online Help\Create &amp; Manage Experiments.5.23.html" anchor="1152286" fileposition="44" first="false" /></Entry><Entry name="status" sort="status"><Content xmlns="urn:WebWorks-Document-Schema"><TextRun><Text value="status" /></TextRun></Content><Link href="C:\Documents and Settings\hadfielj\My Documents\ePublisher Pro Projects\caArray Online Help\Output\WebWorks Help 5.0\caArray Online Help\Create &amp; Manage Experiments.5.24.html" anchor="1191326" fileposition="45" first="false" /></Entry><Entry name="submitting" sort="submitting"><Content xmlns="urn:WebWorks-Document-Schema"><TextRun><Text value="submitting" /></TextRun></Content><Link href="C:\Documents and Settings\hadfielj\My Documents\ePublisher Pro Projects\caArray Online Help\Output\WebWorks Help 5.0\caArray Online Help\Create &amp; Manage Experiments.5.24.html" anchor="1191326" fileposition="45" first="false" /></Entry><Entry name="updating" sort="updating"><Content xmlns="urn:WebWorks-Document-Schema"><TextRun><Text value="updating" /></TextRun></Content><Link href="C:\Documents and Settings\hadfielj\My Documents\ePublisher Pro Projects\caArray Online Help\Output\WebWorks Help 5.0\caArray Online Help\Create &amp; Manage Experiments.5.25.html" anchor="1167599" fileposition="46" first="true" /></Entry><Entry name="uploading data to" sort="uploading data to"><Content xmlns="urn:WebWorks-Document-Schema"><TextRun><Text value="uploading data to" /></TextRun></Content><Link href="C:\Documents and Settings\hadfielj\My Documents\ePublisher Pro Projects\caArray Online Help\Output\WebWorks Help 5.0\caArray Online Help\Submitting Data to Exp.7.3.html" anchor="1143572" fileposition="70" first="false" /></Entry><Entry name="visibility" sort="visibility"><Content xmlns="urn:WebWorks-Document-Schema"><TextRun><Text value="visibility" /></TextRun></Content><Link href="C:\Documents and Settings\hadfielj\My Documents\ePublisher Pro Projects\caArray Online Help\Output\WebWorks Help 5.0\caArray Online Help\Create &amp; Manage Experiments.5.29.html" anchor="1286114" fileposition="50" first="false" /><Link href="C:\Documents and Settings\hadfielj\My Documents\ePublisher Pro Projects\caArray Online Help\Output\WebWorks Help 5.0\caArray Online Help\Create &amp; Manage Experiments.5.30.html" anchor="1188588" fileposition="51" first="false" /></Entry></Entry>
<Entry id="2_35" name="Experimental Factors tab" sort="Experimental Factors tab"><Content xmlns="urn:WebWorks-Document-Schema"><TextRun><Text value="Experimental Factors tab" /></TextRun></Content><Link href="C:\Documents and Settings\hadfielj\My Documents\ePublisher Pro Projects\caArray Online Help\Output\WebWorks Help 5.0\caArray Online Help\Create &amp; Manage Experiments.5.9.html" anchor="1132408" fileposition="30" first="false" /></Entry>
<Entry id="2_36" name="experiments, overview" sort="experiments, overview"><Content xmlns="urn:WebWorks-Document-Schema"><TextRun><Text value="experiments, overview" /></TextRun></Content><Link href="C:\Documents and Settings\hadfielj\My Documents\ePublisher Pro Projects\caArray Online Help\Output\WebWorks Help 5.0\caArray Online Help\Create &amp; Manage Experiments.5.2.html" anchor="1148910" fileposition="23" first="false" /></Entry>
<Entry id="2_37" name="extract" sort="extract"><Content xmlns="urn:WebWorks-Document-Schema"><TextRun><Text value="extract" /></TextRun></Content><Entry name="adding new" sort="adding new"><Content xmlns="urn:WebWorks-Document-Schema"><TextRun><Text value="adding new" /></TextRun></Content><Link href="C:\Documents and Settings\hadfielj\My Documents\ePublisher Pro Projects\caArray Online Help\Output\WebWorks Help 5.0\caArray Online Help\Create &amp; Manage Experiments.5.13.html" anchor="1141501" fileposition="34" first="false" /></Entry><Entry name="description" sort="description"><Content xmlns="urn:WebWorks-Document-Schema"><TextRun><Text value="description" /></TextRun></Content><Link href="C:\Documents and Settings\hadfielj\My Documents\ePublisher Pro Projects\caArray Online Help\Output\WebWorks Help 5.0\caArray Online Help\Create &amp; Manage Experiments.5.10.html" anchor="1154351" fileposition="31" first="false" /></Entry></Entry>
<Entry id="2_38" name="extracting" sort="extracting"><Content xmlns="urn:WebWorks-Document-Schema"><TextRun><Text value="extracting" /></TextRun></Content><Entry name="caArray files" sort="caArray files"><Content xmlns="urn:WebWorks-Document-Schema"><TextRun><Text value="caArray files" /></TextRun></Content><Link href="C:\Documents and Settings\hadfielj\My Documents\ePublisher Pro Projects\caArray Online Help\Output\WebWorks Help 5.0\caArray Online Help\Extracting data.8.2.html" anchor="1132728" fileposition="85" first="false" /></Entry><Entry name="data programmatically" sort="data programmatically"><Content xmlns="urn:WebWorks-Document-Schema"><TextRun><Text value="data programmatically" /></TextRun></Content><Link href="C:\Documents and Settings\hadfielj\My Documents\ePublisher Pro Projects\caArray Online Help\Output\WebWorks Help 5.0\caArray Online Help\Extracting data.8.4.html" anchor="1132676" fileposition="87" first="false" /></Entry></Entry>
<Entry id="2_39" name="Extracts tab" sort="Extracts tab"><Content xmlns="urn:WebWorks-Document-Schema"><TextRun><Text value="Extracts tab" /></TextRun></Content><Link href="C:\Documents and Settings\hadfielj\My Documents\ePublisher Pro Projects\caArray Online Help\Output\WebWorks Help 5.0\caArray Online Help\Create &amp; Manage Experiments.5.13.html" anchor="1141501" fileposition="34" first="false" /></Entry>
</Group>

<Group id="2_40" name="F" sort="F">
<Entry id="2_41" name="file types, importable" sort="file types, importable"><Content xmlns="urn:WebWorks-Document-Schema"><TextRun><Text value="file types, importable" /></TextRun></Content><Link href="C:\Documents and Settings\hadfielj\My Documents\ePublisher Pro Projects\caArray Online Help\Output\WebWorks Help 5.0\caArray Online Help\Submitting Data to Exp.7.10.html" anchor="1144166" fileposition="77" first="false" /></Entry>
</Group>

<Group id="2_42" name="G" sort="G">
<Entry id="2_43" name="Global Quick Links" sort="Global Quick Links"><Content xmlns="urn:WebWorks-Document-Schema"><TextRun><Text value="Global Quick Links" /></TextRun></Content><Link href="C:\Documents and Settings\hadfielj\My Documents\ePublisher Pro Projects\caArray Online Help\Output\WebWorks Help 5.0\caArray Online Help\Getting Started caArray.3.11.html" anchor="1124248" fileposition="15" first="false" /></Entry>
<Entry id="2_44" name="grid availability" sort="grid availability"><Content xmlns="urn:WebWorks-Document-Schema"><TextRun><Text value="grid availability" /></TextRun></Content><Link href="C:\Documents and Settings\hadfielj\My Documents\ePublisher Pro Projects\caArray Online Help\Output\WebWorks Help 5.0\caArray Online Help\Extracting data.8.3.html" anchor="1134572" fileposition="86" first="false" /></Entry>
<Entry id="2_45" name="group" sort="group"><Content xmlns="urn:WebWorks-Document-Schema"><TextRun><Text value="group" /></TextRun></Content><Entry name="creating" sort="creating"><Content xmlns="urn:WebWorks-Document-Schema"><TextRun><Text value="creating" /></TextRun></Content><Link href="C:\Documents and Settings\hadfielj\My Documents\ePublisher Pro Projects\caArray Online Help\Output\WebWorks Help 5.0\caArray Online Help\User Account Mgt.9.5.html" anchor="1139981" fileposition="92" first="false" /></Entry><Entry name="viewing details page" sort="viewing details page"><Content xmlns="urn:WebWorks-Document-Schema"><TextRun><Text value="viewing details page" /></TextRun></Content><Link href="C:\Documents and Settings\hadfielj\My Documents\ePublisher Pro Projects\caArray Online Help\Output\WebWorks Help 5.0\caArray Online Help\User Account Mgt.9.6.html" anchor="1077437" fileposition="93" first="true" /></Entry></Entry>
</Group>

<Group id="2_46" name="H" sort="H">
<Entry id="2_47" name="help in caArray" sort="help in caArray"><Content xmlns="urn:WebWorks-Document-Schema"><TextRun><Text value="help in caArray" /></TextRun></Content><Link href="C:\Documents and Settings\hadfielj\My Documents\ePublisher Pro Projects\caArray Online Help\Output\WebWorks Help 5.0\caArray Online Help\Getting Started caArray.3.8.html" anchor="1082564" fileposition="12" first="true" /></Entry>
<Entry id="2_48" name="hybridization, adding new" sort="hybridization, adding new"><Content xmlns="urn:WebWorks-Document-Schema"><TextRun><Text value="hybridization, adding new" /></TextRun></Content><Link href="C:\Documents and Settings\hadfielj\My Documents\ePublisher Pro Projects\caArray Online Help\Output\WebWorks Help 5.0\caArray Online Help\Create &amp; Manage Experiments.5.15.html" anchor="1190394" fileposition="36" first="false" /></Entry>
<Entry id="2_49" name="Hybridizations tab" sort="Hybridizations tab"><Content xmlns="urn:WebWorks-Document-Schema"><TextRun><Text value="Hybridizations tab" /></TextRun></Content><Link href="C:\Documents and Settings\hadfielj\My Documents\ePublisher Pro Projects\caArray Online Help\Output\WebWorks Help 5.0\caArray Online Help\Create &amp; Manage Experiments.5.15.html" anchor="1190394" fileposition="36" first="false" /></Entry>
</Group>

<Group id="2_50" name="I" sort="I">
<Entry id="2_51" name="IDF" sort="IDF"><Content xmlns="urn:WebWorks-Document-Schema"><TextRun><Text value="IDF" /></TextRun></Content><Entry name="headers recognized in caArray" sort="headers recognized in caArray"><Content xmlns="urn:WebWorks-Document-Schema"><TextRun><Text value="headers recognized in caArray" /></TextRun></Content><Link href="C:\Documents and Settings\hadfielj\My Documents\ePublisher Pro Projects\caArray Online Help\Output\WebWorks Help 5.0\caArray Online Help\appdix MAGE-TAB.11.18.html" anchor="1095843" fileposition="113" first="false" /></Entry><Entry name="representing multiple objects in" sort="representing multiple objects in"><Content xmlns="urn:WebWorks-Document-Schema"><TextRun><Text value="representing multiple objects in" /></TextRun></Content><Link href="C:\Documents and Settings\hadfielj\My Documents\ePublisher Pro Projects\caArray Online Help\Output\WebWorks Help 5.0\caArray Online Help\appdix MAGE-TAB.11.10.html" anchor="1096827" fileposition="105" first="false" /></Entry><Entry name="representing multiple values in" sort="representing multiple values in"><Content xmlns="urn:WebWorks-Document-Schema"><TextRun><Text value="representing multiple values in" /></TextRun></Content><Link href="C:\Documents and Settings\hadfielj\My Documents\ePublisher Pro Projects\caArray Online Help\Output\WebWorks Help 5.0\caArray Online Help\appdix MAGE-TAB.11.10.html" anchor="1096827" fileposition="105" first="false" /></Entry><Entry name="uniquely identifying objects in" sort="uniquely identifying objects in"><Content xmlns="urn:WebWorks-Document-Schema"><TextRun><Text value="uniquely identifying objects in" /></TextRun></Content><Link href="C:\Documents and Settings\hadfielj\My Documents\ePublisher Pro Projects\caArray Online Help\Output\WebWorks Help 5.0\caArray Online Help\appdix MAGE-TAB.11.9.html" anchor="1096824" fileposition="104" first="false" /></Entry><Entry name="use of controlled vocabularies in" sort="use of controlled vocabularies in"><Content xmlns="urn:WebWorks-Document-Schema"><TextRun><Text value="use of controlled vocabularies in" /></TextRun></Content><Link href="C:\Documents and Settings\hadfielj\My Documents\ePublisher Pro Projects\caArray Online Help\Output\WebWorks Help 5.0\caArray Online Help\appdix MAGE-TAB.11.11.html" anchor="1110740" fileposition="106" first="false" /></Entry><Entry name="validation rules in caArray" sort="validation rules in caArray"><Content xmlns="urn:WebWorks-Document-Schema"><TextRun><Text value="validation rules in caArray" /></TextRun></Content><Link href="C:\Documents and Settings\hadfielj\My Documents\ePublisher Pro Projects\caArray Online Help\Output\WebWorks Help 5.0\caArray Online Help\appdix MAGE-TAB.11.19.html" anchor="1095891" fileposition="114" first="true" /></Entry></Entry>
<Entry id="2_52" name="importable data file types" sort="importable data file types"><Content xmlns="urn:WebWorks-Document-Schema"><TextRun><Text value="importable data file types" /></TextRun></Content><Link href="C:\Documents and Settings\hadfielj\My Documents\ePublisher Pro Projects\caArray Online Help\Output\WebWorks Help 5.0\caArray Online Help\Submitting Data to Exp.7.10.html" anchor="1144166" fileposition="77" first="false" /></Entry>
<Entry id="2_53" name="importing" sort="importing"><Content xmlns="urn:WebWorks-Document-Schema"><TextRun><Text value="importing" /></TextRun></Content><Entry name="data files" sort="data files"><Content xmlns="urn:WebWorks-Document-Schema"><TextRun><Text value="data files" /></TextRun></Content><Link href="C:\Documents and Settings\hadfielj\My Documents\ePublisher Pro Projects\caArray Online Help\Output\WebWorks Help 5.0\caArray Online Help\Submitting Data to Exp.7.9.html" anchor="1204953" fileposition="76" first="false" /></Entry><Entry name="MAGE-TAB data" sort="MAGE-TAB data"><Content xmlns="urn:WebWorks-Document-Schema"><TextRun><Text value="MAGE-TAB data" /></TextRun></Content><Link href="C:\Documents and Settings\hadfielj\My Documents\ePublisher Pro Projects\caArray Online Help\Output\WebWorks Help 5.0\caArray Online Help\Submitting Data to Exp.7.13.html" anchor="1207179" fileposition="80" first="false" /></Entry><Entry name="MAGE-TAB SDRF" sort="MAGE-TAB SDRF"><Content xmlns="urn:WebWorks-Document-Schema"><TextRun><Text value="MAGE-TAB SDRF" /></TextRun></Content><Link href="C:\Documents and Settings\hadfielj\My Documents\ePublisher Pro Projects\caArray Online Help\Output\WebWorks Help 5.0\caArray Online Help\Submitting Data to Exp.7.14.html" anchor="1197379" fileposition="81" first="false" /><Link href="C:\Documents and Settings\hadfielj\My Documents\ePublisher Pro Projects\caArray Online Help\Output\WebWorks Help 5.0\caArray Online Help\appdix MAGE-TAB.11.4.html" anchor="1097088" fileposition="99" first="false" /></Entry></Entry>
<Entry id="2_54" name="in progress status, visibility in" sort="in progress status, visibility in"><Content xmlns="urn:WebWorks-Document-Schema"><TextRun><Text value="in progress status, visibility in" /></TextRun></Content><Link href="C:\Documents and Settings\hadfielj\My Documents\ePublisher Pro Projects\caArray Online Help\Output\WebWorks Help 5.0\caArray Online Help\Create &amp; Manage Experiments.5.29.html" anchor="1188308" fileposition="50" first="false" /></Entry>
</Group>

<Group id="2_55" name="J" sort="J">
</Group>

<Group id="2_56" name="K" sort="K">
</Group>

<Group id="2_57" name="L" sort="L">
<Entry id="2_58" name="labeled extract" sort="labeled extract"><Content xmlns="urn:WebWorks-Document-Schema"><TextRun><Text value="labeled extract" /></TextRun></Content><Entry name="adding new" sort="adding new"><Content xmlns="urn:WebWorks-Document-Schema"><TextRun><Text value="adding new" /></TextRun></Content><Link href="C:\Documents and Settings\hadfielj\My Documents\ePublisher Pro Projects\caArray Online Help\Output\WebWorks Help 5.0\caArray Online Help\Create &amp; Manage Experiments.5.14.html" anchor="1151842" fileposition="35" first="false" /></Entry><Entry name="description" sort="description"><Content xmlns="urn:WebWorks-Document-Schema"><TextRun><Text value="description" /></TextRun></Content><Link href="C:\Documents and Settings\hadfielj\My Documents\ePublisher Pro Projects\caArray Online Help\Output\WebWorks Help 5.0\caArray Online Help\Create &amp; Manage Experiments.5.10.html" anchor="1150895" fileposition="31" first="false" /></Entry></Entry>
<Entry id="2_59" name="Labeled Extracts tab" sort="Labeled Extracts tab"><Content xmlns="urn:WebWorks-Document-Schema"><TextRun><Text value="Labeled Extracts tab" /></TextRun></Content><Link href="C:\Documents and Settings\hadfielj\My Documents\ePublisher Pro Projects\caArray Online Help\Output\WebWorks Help 5.0\caArray Online Help\Create &amp; Manage Experiments.5.14.html" anchor="1151842" fileposition="35" first="false" /></Entry>
<Entry id="2_60" name="launching caArray" sort="launching caArray"><Content xmlns="urn:WebWorks-Document-Schema"><TextRun><Text value="launching caArray" /></TextRun></Content><Link href="C:\Documents and Settings\hadfielj\My Documents\ePublisher Pro Projects\caArray Online Help\Output\WebWorks Help 5.0\caArray Online Help\Getting Started caArray.3.2.html" anchor="1153777" fileposition="6" first="false" /><Link href="C:\Documents and Settings\hadfielj\My Documents\ePublisher Pro Projects\caArray Online Help\Output\WebWorks Help 5.0\caArray Online Help\Getting Started caArray.3.2.html" anchor="1102033" fileposition="6" first="false" /></Entry>
<Entry id="2_61" name="login" sort="login"><Content xmlns="urn:WebWorks-Document-Schema"><TextRun><Text value="login" /></TextRun></Content><Link href="C:\Documents and Settings\hadfielj\My Documents\ePublisher Pro Projects\caArray Online Help\Output\WebWorks Help 5.0\caArray Online Help\Getting Started caArray.3.6.html" anchor="1124018" fileposition="10" first="false" /></Entry>
</Group>

<Group id="2_62" name="M" sort="M">
<Entry id="2_63" name="MAGE-TAB" sort="MAGE-TAB"><Content xmlns="urn:WebWorks-Document-Schema"><TextRun><Text value="MAGE-TAB" /></TextRun></Content><Entry name="data files" sort="data files"><Content xmlns="urn:WebWorks-Document-Schema"><TextRun><Text value="data files" /></TextRun></Content><Link href="C:\Documents and Settings\hadfielj\My Documents\ePublisher Pro Projects\caArray Online Help\Output\WebWorks Help 5.0\caArray Online Help\Submitting Data to Exp.7.13.html" anchor="1207179" fileposition="80" first="false" /></Entry><Entry name="editing tips" sort="editing tips"><Content xmlns="urn:WebWorks-Document-Schema"><TextRun><Text value="editing tips" /></TextRun></Content><Link href="C:\Documents and Settings\hadfielj\My Documents\ePublisher Pro Projects\caArray Online Help\Output\WebWorks Help 5.0\caArray Online Help\appdix MAGE-TAB.11.8.html" anchor="1113168" fileposition="103" first="true" /></Entry><Entry name="IDF fields recognized in caArray" sort="IDF fields recognized in caArray"><Content xmlns="urn:WebWorks-Document-Schema"><TextRun><Text value="IDF fields recognized in caArray" /></TextRun></Content><Link href="C:\Documents and Settings\hadfielj\My Documents\ePublisher Pro Projects\caArray Online Help\Output\WebWorks Help 5.0\caArray Online Help\appdix MAGE-TAB.11.18.html" anchor="1095843" fileposition="113" first="false" /></Entry><Entry name="IDF validation rules in caArray" sort="IDF validation rules in caArray"><Content xmlns="urn:WebWorks-Document-Schema"><TextRun><Text value="IDF validation rules in caArray" /></TextRun></Content><Link href="C:\Documents and Settings\hadfielj\My Documents\ePublisher Pro Projects\caArray Online Help\Output\WebWorks Help 5.0\caArray Online Help\appdix MAGE-TAB.11.19.html" anchor="1095891" fileposition="114" first="true" /></Entry><Entry name="importing data" sort="importing data"><Content xmlns="urn:WebWorks-Document-Schema"><TextRun><Text value="importing data" /></TextRun></Content><Link href="C:\Documents and Settings\hadfielj\My Documents\ePublisher Pro Projects\caArray Online Help\Output\WebWorks Help 5.0\caArray Online Help\Submitting Data to Exp.7.13.html" anchor="1207179" fileposition="80" first="false" /></Entry><Entry name="SDRF fields recognized in caArray" sort="SDRF fields recognized in caArray"><Content xmlns="urn:WebWorks-Document-Schema"><TextRun><Text value="SDRF fields recognized in caArray" /></TextRun></Content><Link href="C:\Documents and Settings\hadfielj\My Documents\ePublisher Pro Projects\caArray Online Help\Output\WebWorks Help 5.0\caArray Online Help\appdix MAGE-TAB.11.20.html" anchor="1095920" fileposition="115" first="false" /></Entry><Entry name="SDRF validation rules in caArray" sort="SDRF validation rules in caArray"><Content xmlns="urn:WebWorks-Document-Schema"><TextRun><Text value="SDRF validation rules in caArray" /></TextRun></Content><Link href="C:\Documents and Settings\hadfielj\My Documents\ePublisher Pro Projects\caArray Online Help\Output\WebWorks Help 5.0\caArray Online Help\appdix MAGE-TAB.11.21.html" anchor="1095950" fileposition="116" first="false" /></Entry><Entry name="validating in caArray" sort="validating in caArray"><Content xmlns="urn:WebWorks-Document-Schema"><TextRun><Text value="validating in caArray" /></TextRun></Content><Link href="C:\Documents and Settings\hadfielj\My Documents\ePublisher Pro Projects\caArray Online Help\Output\WebWorks Help 5.0\caArray Online Help\appdix MAGE-TAB.11.17.html" anchor="1097403" fileposition="112" first="true" /></Entry></Entry>
<Entry id="2_64" name="managing" sort="managing"><Content xmlns="urn:WebWorks-Document-Schema"><TextRun><Text value="managing" /></TextRun></Content><Entry name="array designs" sort="array designs"><Content xmlns="urn:WebWorks-Document-Schema"><TextRun><Text value="array designs" /></TextRun></Content><Link href="C:\Documents and Settings\hadfielj\My Documents\ePublisher Pro Projects\caArray Online Help\Output\WebWorks Help 5.0\caArray Online Help\Curation Tools.6.3.html" anchor="1091472" fileposition="54" first="false" /></Entry><Entry name="controlled vocabulary terms" sort="controlled vocabulary terms"><Content xmlns="urn:WebWorks-Document-Schema"><TextRun><Text value="controlled vocabulary terms" /></TextRun></Content><Link href="C:\Documents and Settings\hadfielj\My Documents\ePublisher Pro Projects\caArray Online Help\Output\WebWorks Help 5.0\caArray Online Help\Create &amp; Manage Experiments.5.12.html" anchor="1168814" fileposition="33" first="true" /></Entry><Entry name="data" sort="data"><Content xmlns="urn:WebWorks-Document-Schema"><TextRun><Text value="data" /></TextRun></Content><Link href="C:\Documents and Settings\hadfielj\My Documents\ePublisher Pro Projects\caArray Online Help\Output\WebWorks Help 5.0\caArray Online Help\Submitting Data to Exp.7.2.html" anchor="1163685" fileposition="69" first="false" /></Entry><Entry name="user accounts" sort="user accounts"><Content xmlns="urn:WebWorks-Document-Schema"><TextRun><Text value="user accounts" /></TextRun></Content><Link href="C:\Documents and Settings\hadfielj\My Documents\ePublisher Pro Projects\caArray Online Help\Output\WebWorks Help 5.0\caArray Online Help\User Account Mgt.9.3.html" anchor="1125506" fileposition="90" first="false" /></Entry><Entry name="user groups" sort="user groups"><Content xmlns="urn:WebWorks-Document-Schema"><TextRun><Text value="user groups" /></TextRun></Content><Link href="C:\Documents and Settings\hadfielj\My Documents\ePublisher Pro Projects\caArray Online Help\Output\WebWorks Help 5.0\caArray Online Help\User Account Mgt.9.4.html" anchor="1138506" fileposition="91" first="false" /></Entry><Entry name="vocabulary terms" sort="vocabulary terms"><Content xmlns="urn:WebWorks-Document-Schema"><TextRun><Text value="vocabulary terms" /></TextRun></Content><Link href="C:\Documents and Settings\hadfielj\My Documents\ePublisher Pro Projects\caArray Online Help\Output\WebWorks Help 5.0\caArray Online Help\Curation Tools.6.13.html" anchor="1091975" fileposition="64" first="false" /></Entry></Entry>
<Entry id="2_65" name="My Experiment Workspace" sort="My Experiment Workspace"><Content xmlns="urn:WebWorks-Document-Schema"><TextRun><Text value="My Experiment Workspace" /></TextRun></Content><Link href="C:\Documents and Settings\hadfielj\My Documents\ePublisher Pro Projects\caArray Online Help\Output\WebWorks Help 5.0\caArray Online Help\Getting Started caArray.3.13.html" anchor="1132747" fileposition="17" first="false" /></Entry>
</Group>

<Group id="2_66" name="N" sort="N">
<Entry id="2_67" name="NCICB Application Support" sort="NCICB Application Support"><Content xmlns="urn:WebWorks-Document-Schema"><TextRun><Text value="NCICB Application Support" /></TextRun></Content><Link href="C:\Documents and Settings\hadfielj\My Documents\ePublisher Pro Projects\caArray Online Help\Output\WebWorks Help 5.0\caArray Online Help\Getting Started caArray.3.12.html" anchor="1141142" fileposition="16" first="false" /><Link href="C:\Documents and Settings\hadfielj\My Documents\ePublisher Pro Projects\caArray Online Help\Output\WebWorks Help 5.0\caArray Online Help\Application Support.12.1.html" anchor="1083452" fileposition="118" first="false" /></Entry>
</Group>

<Group id="2_68" name="O" sort="O">
<Entry id="2_69" name="online help" sort="online help"><Content xmlns="urn:WebWorks-Document-Schema"><TextRun><Text value="online help" /></TextRun></Content><Entry name="icons" sort="icons"><Content xmlns="urn:WebWorks-Document-Schema"><TextRun><Text value="icons" /></TextRun></Content><Link href="C:\Documents and Settings\hadfielj\My Documents\ePublisher Pro Projects\caArray Online Help\Output\WebWorks Help 5.0\caArray Online Help\Getting Started caArray.3.8.html" anchor="1082564" fileposition="12" first="true" /></Entry><Entry name="using" sort="using"><Content xmlns="urn:WebWorks-Document-Schema"><TextRun><Text value="using" /></TextRun></Content><Link href="C:\Documents and Settings\hadfielj\My Documents\ePublisher Pro Projects\caArray Online Help\Output\WebWorks Help 5.0\caArray Online Help\Getting Started caArray.3.8.html" anchor="1082564" fileposition="12" first="true" /></Entry></Entry>
<Entry id="2_70" name="Overview tab" sort="Overview tab"><Content xmlns="urn:WebWorks-Document-Schema"><TextRun><Text value="Overview tab" /></TextRun></Content><Link href="C:\Documents and Settings\hadfielj\My Documents\ePublisher Pro Projects\caArray Online Help\Output\WebWorks Help 5.0\caArray Online Help\Create &amp; Manage Experiments.5.5.html" anchor="1149732" fileposition="26" first="false" /></Entry>
</Group>

<Group id="2_71" name="P" sort="P">
<Entry id="2_72" name="permissions, configuring" sort="permissions, configuring"><Content xmlns="urn:WebWorks-Document-Schema"><TextRun><Text value="permissions, configuring" /></TextRun></Content><Link href="C:\Documents and Settings\hadfielj\My Documents\ePublisher Pro Projects\caArray Online Help\Output\WebWorks Help 5.0\caArray Online Help\Create &amp; Manage Experiments.5.29.html" anchor="1286114" fileposition="50" first="false" /></Entry>
<Entry id="2_73" name="protocol" sort="protocol"><Content xmlns="urn:WebWorks-Document-Schema"><TextRun><Text value="protocol" /></TextRun></Content><Entry name="creating" sort="creating"><Content xmlns="urn:WebWorks-Document-Schema"><TextRun><Text value="creating" /></TextRun></Content><Link href="C:\Documents and Settings\hadfielj\My Documents\ePublisher Pro Projects\caArray Online Help\Output\WebWorks Help 5.0\caArray Online Help\Create &amp; Manage Experiments.5.12.html" anchor="1259790" fileposition="33" first="false" /><Link href="C:\Documents and Settings\hadfielj\My Documents\ePublisher Pro Projects\caArray Online Help\Output\WebWorks Help 5.0\caArray Online Help\Create &amp; Manage Experiments.5.13.html" anchor="1259772" fileposition="34" first="false" /><Link href="C:\Documents and Settings\hadfielj\My Documents\ePublisher Pro Projects\caArray Online Help\Output\WebWorks Help 5.0\caArray Online Help\Create &amp; Manage Experiments.5.14.html" anchor="1186678" fileposition="35" first="false" /><Link href="C:\Documents and Settings\hadfielj\My Documents\ePublisher Pro Projects\caArray Online Help\Output\WebWorks Help 5.0\caArray Online Help\Create &amp; Manage Experiments.5.15.html" anchor="1259810" fileposition="36" first="false" /><Link href="C:\Documents and Settings\hadfielj\My Documents\ePublisher Pro Projects\caArray Online Help\Output\WebWorks Help 5.0\caArray Online Help\Curation Tools.6.10.html" anchor="1091828" fileposition="61" first="false" /><Link href="C:\Documents and Settings\hadfielj\My Documents\ePublisher Pro Projects\caArray Online Help\Output\WebWorks Help 5.0\caArray Online Help\Curation Tools.6.10.html" anchor="1131463" fileposition="61" first="false" /></Entry><Entry name="editing" sort="editing"><Content xmlns="urn:WebWorks-Document-Schema"><TextRun><Text value="editing" /></TextRun></Content><Link href="C:\Documents and Settings\hadfielj\My Documents\ePublisher Pro Projects\caArray Online Help\Output\WebWorks Help 5.0\caArray Online Help\Curation Tools.6.11.html" anchor="1091902" fileposition="62" first="false" /></Entry></Entry>
<Entry id="2_74" name="protocol types" sort="protocol types"><Content xmlns="urn:WebWorks-Document-Schema"><TextRun><Text value="protocol types" /></TextRun></Content><Entry name="editing" sort="editing"><Content xmlns="urn:WebWorks-Document-Schema"><TextRun><Text value="editing" /></TextRun></Content><Link href="C:\Documents and Settings\hadfielj\My Documents\ePublisher Pro Projects\caArray Online Help\Output\WebWorks Help 5.0\caArray Online Help\Curation Tools.6.12.html" anchor="1091938" fileposition="63" first="true" /></Entry><Entry name="viewing" sort="viewing"><Content xmlns="urn:WebWorks-Document-Schema"><TextRun><Text value="viewing" /></TextRun></Content><Link href="C:\Documents and Settings\hadfielj\My Documents\ePublisher Pro Projects\caArray Online Help\Output\WebWorks Help 5.0\caArray Online Help\Curation Tools.6.9.html" anchor="1091766" fileposition="60" first="false" /></Entry></Entry>
<Entry id="2_75" name="protocols" sort="protocols"><Content xmlns="urn:WebWorks-Document-Schema"><TextRun><Text value="protocols" /></TextRun></Content><Entry name="description" sort="description"><Content xmlns="urn:WebWorks-Document-Schema"><TextRun><Text value="description" /></TextRun></Content><Link href="C:\Documents and Settings\hadfielj\My Documents\ePublisher Pro Projects\caArray Online Help\Output\WebWorks Help 5.0\caArray Online Help\Curation Tools.6.7.html" anchor="1091664" fileposition="58" first="false" /></Entry><Entry name="in SDRF" sort="in SDRF"><Content xmlns="urn:WebWorks-Document-Schema"><TextRun><Text value="in SDRF" /></TextRun></Content><Link href="C:\Documents and Settings\hadfielj\My Documents\ePublisher Pro Projects\caArray Online Help\Output\WebWorks Help 5.0\caArray Online Help\appdix MAGE-TAB.11.5.html" anchor="1096696" fileposition="100" first="false" /></Entry><Entry name="viewing" sort="viewing"><Content xmlns="urn:WebWorks-Document-Schema"><TextRun><Text value="viewing" /></TextRun></Content><Link href="C:\Documents and Settings\hadfielj\My Documents\ePublisher Pro Projects\caArray Online Help\Output\WebWorks Help 5.0\caArray Online Help\Curation Tools.6.8.html" anchor="1091690" fileposition="59" first="false" /></Entry></Entry>
<Entry id="2_76" name="publication, adding" sort="publication, adding"><Content xmlns="urn:WebWorks-Document-Schema"><TextRun><Text value="publication, adding" /></TextRun></Content><Link href="C:\Documents and Settings\hadfielj\My Documents\ePublisher Pro Projects\caArray Online Help\Output\WebWorks Help 5.0\caArray Online Help\Create &amp; Manage Experiments.5.23.html" anchor="1152286" fileposition="44" first="false" /></Entry>
<Entry id="2_77" name="Publications tab" sort="Publications tab"><Content xmlns="urn:WebWorks-Document-Schema"><TextRun><Text value="Publications tab" /></TextRun></Content><Link href="C:\Documents and Settings\hadfielj\My Documents\ePublisher Pro Projects\caArray Online Help\Output\WebWorks Help 5.0\caArray Online Help\Create &amp; Manage Experiments.5.23.html" anchor="1152286" fileposition="44" first="false" /></Entry>
</Group>

<Group id="2_78" name="Q" sort="Q">
</Group>

<Group id="2_79" name="R" sort="R">
<Entry id="2_80" name="raw file vs derived file" sort="raw file vs derived file"><Content xmlns="urn:WebWorks-Document-Schema"><TextRun><Text value="raw file vs derived file" /></TextRun></Content><Link href="C:\Documents and Settings\hadfielj\My Documents\ePublisher Pro Projects\caArray Online Help\Output\WebWorks Help 5.0\caArray Online Help\appdix MAGE-TAB.11.6.html" anchor="1109041" fileposition="101" first="false" /></Entry>
<Entry id="2_81" name="registering new user" sort="registering new user"><Content xmlns="urn:WebWorks-Document-Schema"><TextRun><Text value="registering new user" /></TextRun></Content><Link href="C:\Documents and Settings\hadfielj\My Documents\ePublisher Pro Projects\caArray Online Help\Output\WebWorks Help 5.0\caArray Online Help\Getting Started caArray.3.7.html" anchor="1127125" fileposition="11" first="false" /></Entry>
</Group>

<Group id="2_82" name="S" sort="S">
<Entry id="2_83" name="sample" sort="sample"><Content xmlns="urn:WebWorks-Document-Schema"><TextRun><Text value="sample" /></TextRun></Content><Entry name="adding new" sort="adding new"><Content xmlns="urn:WebWorks-Document-Schema"><TextRun><Text value="adding new" /></TextRun></Content><Link href="C:\Documents and Settings\hadfielj\My Documents\ePublisher Pro Projects\caArray Online Help\Output\WebWorks Help 5.0\caArray Online Help\Create &amp; Manage Experiments.5.12.html" anchor="1141248" fileposition="33" first="false" /></Entry><Entry name="description" sort="description"><Content xmlns="urn:WebWorks-Document-Schema"><TextRun><Text value="description" /></TextRun></Content><Link href="C:\Documents and Settings\hadfielj\My Documents\ePublisher Pro Projects\caArray Online Help\Output\WebWorks Help 5.0\caArray Online Help\Create &amp; Manage Experiments.5.10.html" anchor="1154349" fileposition="31" first="false" /></Entry></Entry>
<Entry id="2_84" name="Samples tab" sort="Samples tab"><Content xmlns="urn:WebWorks-Document-Schema"><TextRun><Text value="Samples tab" /></TextRun></Content><Link href="C:\Documents and Settings\hadfielj\My Documents\ePublisher Pro Projects\caArray Online Help\Output\WebWorks Help 5.0\caArray Online Help\Create &amp; Manage Experiments.5.12.html" anchor="1141248" fileposition="33" first="false" /></Entry>
<Entry id="2_85" name="SDRF" sort="SDRF"><Content xmlns="urn:WebWorks-Document-Schema"><TextRun><Text value="SDRF" /></TextRun></Content><Entry name="associating protocols in" sort="associating protocols in"><Content xmlns="urn:WebWorks-Document-Schema"><TextRun><Text value="associating protocols in" /></TextRun></Content><Link href="C:\Documents and Settings\hadfielj\My Documents\ePublisher Pro Projects\caArray Online Help\Output\WebWorks Help 5.0\caArray Online Help\appdix MAGE-TAB.11.5.html" anchor="1096696" fileposition="100" first="false" /></Entry><Entry name="biomaterials columns in" sort="biomaterials columns in"><Content xmlns="urn:WebWorks-Document-Schema"><TextRun><Text value="biomaterials columns in" /></TextRun></Content><Link href="C:\Documents and Settings\hadfielj\My Documents\ePublisher Pro Projects\caArray Online Help\Output\WebWorks Help 5.0\caArray Online Help\appdix MAGE-TAB.11.14.html" anchor="1117379" fileposition="109" first="false" /></Entry><Entry name="fields recognized in caArray" sort="fields recognized in caArray"><Content xmlns="urn:WebWorks-Document-Schema"><TextRun><Text value="fields recognized in caArray" /></TextRun></Content><Link href="C:\Documents and Settings\hadfielj\My Documents\ePublisher Pro Projects\caArray Online Help\Output\WebWorks Help 5.0\caArray Online Help\appdix MAGE-TAB.11.20.html" anchor="1095920" fileposition="115" first="false" /></Entry><Entry name="import" sort="import"><Content xmlns="urn:WebWorks-Document-Schema"><TextRun><Text value="import" /></TextRun></Content><Link href="C:\Documents and Settings\hadfielj\My Documents\ePublisher Pro Projects\caArray Online Help\Output\WebWorks Help 5.0\caArray Online Help\appdix MAGE-TAB.11.4.html" anchor="1097088" fileposition="99" first="false" /></Entry><Entry name="uniquely identifying objects in" sort="uniquely identifying objects in"><Content xmlns="urn:WebWorks-Document-Schema"><TextRun><Text value="uniquely identifying objects in" /></TextRun></Content><Link href="C:\Documents and Settings\hadfielj\My Documents\ePublisher Pro Projects\caArray Online Help\Output\WebWorks Help 5.0\caArray Online Help\appdix MAGE-TAB.11.9.html" anchor="1096824" fileposition="104" first="false" /></Entry><Entry name="use of controlled vocabularies in" sort="use of controlled vocabularies in"><Content xmlns="urn:WebWorks-Document-Schema"><TextRun><Text value="use of controlled vocabularies in" /></TextRun></Content><Link href="C:\Documents and Settings\hadfielj\My Documents\ePublisher Pro Projects\caArray Online Help\Output\WebWorks Help 5.0\caArray Online Help\appdix MAGE-TAB.11.13.html" anchor="1096840" fileposition="108" first="false" /></Entry><Entry name="validation rules in caArray" sort="validation rules in caArray"><Content xmlns="urn:WebWorks-Document-Schema"><TextRun><Text value="validation rules in caArray" /></TextRun></Content><Link href="C:\Documents and Settings\hadfielj\My Documents\ePublisher Pro Projects\caArray Online Help\Output\WebWorks Help 5.0\caArray Online Help\appdix MAGE-TAB.11.21.html" anchor="1095950" fileposition="116" first="false" /></Entry></Entry>
<Entry id="2_86" name="search results" sort="search results"><Content xmlns="urn:WebWorks-Document-Schema"><TextRun><Text value="search results" /></TextRun></Content><Link href="C:\Documents and Settings\hadfielj\My Documents\ePublisher Pro Projects\caArray Online Help\Output\WebWorks Help 5.0\caArray Online Help\Searching caArray.4.4.html" anchor="1143038" fileposition="21" first="false" /></Entry>
<Entry id="2_87" name="searching" sort="searching"><Content xmlns="urn:WebWorks-Document-Schema"><TextRun><Text value="searching" /></TextRun></Content><Entry name="caArray repository" sort="caArray repository"><Content xmlns="urn:WebWorks-Document-Schema"><TextRun><Text value="caArray repository" /></TextRun></Content><Link href="C:\Documents and Settings\hadfielj\My Documents\ePublisher Pro Projects\caArray Online Help\Output\WebWorks Help 5.0\caArray Online Help\Searching caArray.4.3.html" anchor="1137686" fileposition="20" first="false" /></Entry><Entry name="from caArray login screen" sort="from caArray login screen"><Content xmlns="urn:WebWorks-Document-Schema"><TextRun><Text value="from caArray login screen" /></TextRun></Content><Link href="C:\Documents and Settings\hadfielj\My Documents\ePublisher Pro Projects\caArray Online Help\Output\WebWorks Help 5.0\caArray Online Help\Getting Started caArray.3.4.html" anchor="1215619" fileposition="8" first="false" /></Entry></Entry>
<Entry id="2_88" name="source" sort="source"><Content xmlns="urn:WebWorks-Document-Schema"><TextRun><Text value="source" /></TextRun></Content><Entry name="adding new" sort="adding new"><Content xmlns="urn:WebWorks-Document-Schema"><TextRun><Text value="adding new" /></TextRun></Content><Link href="C:\Documents and Settings\hadfielj\My Documents\ePublisher Pro Projects\caArray Online Help\Output\WebWorks Help 5.0\caArray Online Help\Create &amp; Manage Experiments.5.11.html" anchor="1150568" fileposition="32" first="false" /></Entry><Entry name="description" sort="description"><Content xmlns="urn:WebWorks-Document-Schema"><TextRun><Text value="description" /></TextRun></Content><Link href="C:\Documents and Settings\hadfielj\My Documents\ePublisher Pro Projects\caArray Online Help\Output\WebWorks Help 5.0\caArray Online Help\Create &amp; Manage Experiments.5.10.html" anchor="1154426" fileposition="31" first="false" /></Entry><Entry name="downloading annotation files" sort="downloading annotation files"><Content xmlns="urn:WebWorks-Document-Schema"><TextRun><Text value="downloading annotation files" /></TextRun></Content><Link href="C:\Documents and Settings\hadfielj\My Documents\ePublisher Pro Projects\caArray Online Help\Output\WebWorks Help 5.0\caArray Online Help\Create &amp; Manage Experiments.5.20.html" anchor="1261018" fileposition="41" first="false" /></Entry></Entry>
<Entry id="2_89" name="source materials" sort="source materials"><Content xmlns="urn:WebWorks-Document-Schema"><TextRun><Text value="source materials" /></TextRun></Content><Entry name="annotations for" sort="annotations for"><Content xmlns="urn:WebWorks-Document-Schema"><TextRun><Text value="annotations for" /></TextRun></Content><Link href="C:\Documents and Settings\hadfielj\My Documents\ePublisher Pro Projects\caArray Online Help\Output\WebWorks Help 5.0\caArray Online Help\Create &amp; Manage Experiments.5.10.html" anchor="1150878" fileposition="31" first="false" /></Entry><Entry name="characteristics" sort="characteristics"><Content xmlns="urn:WebWorks-Document-Schema"><TextRun><Text value="characteristics" /></TextRun></Content><Link href="C:\Documents and Settings\hadfielj\My Documents\ePublisher Pro Projects\caArray Online Help\Output\WebWorks Help 5.0\caArray Online Help\Create &amp; Manage Experiments.5.10.html" anchor="1150878" fileposition="31" first="false" /></Entry><Entry name="definition" sort="definition"><Content xmlns="urn:WebWorks-Document-Schema"><TextRun><Text value="definition" /></TextRun></Content><Link href="C:\Documents and Settings\hadfielj\My Documents\ePublisher Pro Projects\caArray Online Help\Output\WebWorks Help 5.0\caArray Online Help\Create &amp; Manage Experiments.5.10.html" anchor="1150878" fileposition="31" first="false" /></Entry></Entry>
<Entry id="2_90" name="Sources tab" sort="Sources tab"><Content xmlns="urn:WebWorks-Document-Schema"><TextRun><Text value="Sources tab" /></TextRun></Content><Link href="C:\Documents and Settings\hadfielj\My Documents\ePublisher Pro Projects\caArray Online Help\Output\WebWorks Help 5.0\caArray Online Help\Create &amp; Manage Experiments.5.10.html" anchor="1154426" fileposition="31" first="false" /><Link href="C:\Documents and Settings\hadfielj\My Documents\ePublisher Pro Projects\caArray Online Help\Output\WebWorks Help 5.0\caArray Online Help\Create &amp; Manage Experiments.5.11.html" anchor="1150568" fileposition="32" first="false" /></Entry>
<Entry id="2_91" name="status of experiment" sort="status of experiment"><Content xmlns="urn:WebWorks-Document-Schema"><TextRun><Text value="status of experiment" /></TextRun></Content><Link href="C:\Documents and Settings\hadfielj\My Documents\ePublisher Pro Projects\caArray Online Help\Output\WebWorks Help 5.0\caArray Online Help\Create &amp; Manage Experiments.5.24.html" anchor="1191326" fileposition="45" first="false" /></Entry>
<Entry id="2_92" name="submitting experiment" sort="submitting experiment"><Content xmlns="urn:WebWorks-Document-Schema"><TextRun><Text value="submitting experiment" /></TextRun></Content><Link href="C:\Documents and Settings\hadfielj\My Documents\ePublisher Pro Projects\caArray Online Help\Output\WebWorks Help 5.0\caArray Online Help\Create &amp; Manage Experiments.5.24.html" anchor="1191326" fileposition="45" first="false" /></Entry>
<Entry id="2_93" name="supplemental fles" sort="supplemental fles"><Content xmlns="urn:WebWorks-Document-Schema"><TextRun><Text value="supplemental fles" /></TextRun></Content><Link href="C:\Documents and Settings\hadfielj\My Documents\ePublisher Pro Projects\caArray Online Help\Output\WebWorks Help 5.0\caArray Online Help\Submitting Data to Exp.7.15.html" anchor="1140756" fileposition="82" first="false" /></Entry>
</Group>

<Group id="2_94" name="T" sort="T">
<Entry id="2_95" name="TCGA policy" sort="TCGA policy"><Content xmlns="urn:WebWorks-Document-Schema"><TextRun><Text value="TCGA policy" /></TextRun></Content><Link href="C:\Documents and Settings\hadfielj\My Documents\ePublisher Pro Projects\caArray Online Help\Output\WebWorks Help 5.0\caArray Online Help\Create &amp; Manage Experiments.5.29.html" anchor="1276715" fileposition="50" first="false" /></Entry>
<Entry id="2_96" name="Technical Support" sort="Technical Support"><Content xmlns="urn:WebWorks-Document-Schema"><TextRun><Text value="Technical Support" /></TextRun></Content><Link href="C:\Documents and Settings\hadfielj\My Documents\ePublisher Pro Projects\caArray Online Help\Output\WebWorks Help 5.0\caArray Online Help\Getting Started caArray.3.12.html" anchor="1141142" fileposition="16" first="false" /></Entry>
</Group>

<Group id="2_97" name="U" sort="U">
<Entry id="2_98" name="uploading data to experiment" sort="uploading data to experiment"><Content xmlns="urn:WebWorks-Document-Schema"><TextRun><Text value="uploading data to experiment" /></TextRun></Content><Link href="C:\Documents and Settings\hadfielj\My Documents\ePublisher Pro Projects\caArray Online Help\Output\WebWorks Help 5.0\caArray Online Help\Submitting Data to Exp.7.3.html" anchor="1143572" fileposition="70" first="false" /></Entry>
<Entry id="2_99" name="user account, login" sort="user account, login"><Content xmlns="urn:WebWorks-Document-Schema"><TextRun><Text value="user account, login" /></TextRun></Content><Link href="C:\Documents and Settings\hadfielj\My Documents\ePublisher Pro Projects\caArray Online Help\Output\WebWorks Help 5.0\caArray Online Help\Getting Started caArray.3.6.html" anchor="1124018" fileposition="10" first="false" /></Entry>
<Entry id="2_100" name="user account, new" sort="user account, new"><Content xmlns="urn:WebWorks-Document-Schema"><TextRun><Text value="user account, new" /></TextRun></Content><Link href="C:\Documents and Settings\hadfielj\My Documents\ePublisher Pro Projects\caArray Online Help\Output\WebWorks Help 5.0\caArray Online Help\User Account Mgt.9.3.html" anchor="1125506" fileposition="90" first="false" /></Entry>
<Entry id="2_101" name="user groups" sort="user groups"><Content xmlns="urn:WebWorks-Document-Schema"><TextRun><Text value="user groups" /></TextRun></Content><Entry name="editing" sort="editing"><Content xmlns="urn:WebWorks-Document-Schema"><TextRun><Text value="editing" /></TextRun></Content><Link href="C:\Documents and Settings\hadfielj\My Documents\ePublisher Pro Projects\caArray Online Help\Output\WebWorks Help 5.0\caArray Online Help\User Account Mgt.9.7.html" anchor="1087125" fileposition="94" first="true" /></Entry><Entry name="managing" sort="managing"><Content xmlns="urn:WebWorks-Document-Schema"><TextRun><Text value="managing" /></TextRun></Content><Link href="C:\Documents and Settings\hadfielj\My Documents\ePublisher Pro Projects\caArray Online Help\Output\WebWorks Help 5.0\caArray Online Help\User Account Mgt.9.4.html" anchor="1138506" fileposition="91" first="false" /></Entry></Entry>
</Group>

<Group id="2_102" name="V" sort="V">
<Entry id="2_103" name="validating" sort="validating"><Content xmlns="urn:WebWorks-Document-Schema"><TextRun><Text value="validating" /></TextRun></Content><Entry name="data file" sort="data file"><Content xmlns="urn:WebWorks-Document-Schema"><TextRun><Text value="data file" /></TextRun></Content><Link href="C:\Documents and Settings\hadfielj\My Documents\ePublisher Pro Projects\caArray Online Help\Output\WebWorks Help 5.0\caArray Online Help\Submitting Data to Exp.7.6.html" anchor="1136552" fileposition="73" first="false" /></Entry><Entry name="MAGE-TAB in caArray" sort="MAGE-TAB in caArray"><Content xmlns="urn:WebWorks-Document-Schema"><TextRun><Text value="MAGE-TAB in caArray" /></TextRun></Content><Link href="C:\Documents and Settings\hadfielj\My Documents\ePublisher Pro Projects\caArray Online Help\Output\WebWorks Help 5.0\caArray Online Help\appdix MAGE-TAB.11.17.html" anchor="1097403" fileposition="112" first="true" /></Entry></Entry>
<Entry id="2_104" name="validation errors" sort="validation errors"><Content xmlns="urn:WebWorks-Document-Schema"><TextRun><Text value="validation errors" /></TextRun></Content><Link href="C:\Documents and Settings\hadfielj\My Documents\ePublisher Pro Projects\caArray Online Help\Output\WebWorks Help 5.0\caArray Online Help\Submitting Data to Exp.7.8.html" anchor="1141256" fileposition="75" first="false" /></Entry>
<Entry id="2_105" name="viewing" sort="viewing"><Content xmlns="urn:WebWorks-Document-Schema"><TextRun><Text value="viewing" /></TextRun></Content><Entry name="array designs" sort="array designs"><Content xmlns="urn:WebWorks-Document-Schema"><TextRun><Text value="array designs" /></TextRun></Content><Link href="C:\Documents and Settings\hadfielj\My Documents\ePublisher Pro Projects\caArray Online Help\Output\WebWorks Help 5.0\caArray Online Help\Curation Tools.6.4.html" anchor="1091490" fileposition="55" first="false" /></Entry><Entry name="collaboration group details" sort="collaboration group details"><Content xmlns="urn:WebWorks-Document-Schema"><TextRun><Text value="collaboration group details" /></TextRun></Content><Link href="C:\Documents and Settings\hadfielj\My Documents\ePublisher Pro Projects\caArray Online Help\Output\WebWorks Help 5.0\caArray Online Help\User Account Mgt.9.6.html" anchor="1077437" fileposition="93" first="true" /></Entry><Entry name="protocol types" sort="protocol types"><Content xmlns="urn:WebWorks-Document-Schema"><TextRun><Text value="protocol types" /></TextRun></Content><Link href="C:\Documents and Settings\hadfielj\My Documents\ePublisher Pro Projects\caArray Online Help\Output\WebWorks Help 5.0\caArray Online Help\Curation Tools.6.9.html" anchor="1091766" fileposition="60" first="false" /></Entry><Entry name="protocols" sort="protocols"><Content xmlns="urn:WebWorks-Document-Schema"><TextRun><Text value="protocols" /></TextRun></Content><Link href="C:\Documents and Settings\hadfielj\My Documents\ePublisher Pro Projects\caArray Online Help\Output\WebWorks Help 5.0\caArray Online Help\Curation Tools.6.8.html" anchor="1091690" fileposition="59" first="false" /></Entry><Entry name="vocabulary term" sort="vocabulary term"><Content xmlns="urn:WebWorks-Document-Schema"><TextRun><Text value="vocabulary term" /></TextRun></Content><Link href="C:\Documents and Settings\hadfielj\My Documents\ePublisher Pro Projects\caArray Online Help\Output\WebWorks Help 5.0\caArray Online Help\Curation Tools.6.14.html" anchor="1099725" fileposition="65" first="false" /></Entry></Entry>
<Entry id="2_106" name="visibility" sort="visibility"><Content xmlns="urn:WebWorks-Document-Schema"><TextRun><Text value="visibility" /></TextRun></Content><Entry name="collaboration groups, setting" sort="collaboration groups, setting"><Content xmlns="urn:WebWorks-Document-Schema"><TextRun><Text value="collaboration groups, setting" /></TextRun></Content><Link href="C:\Documents and Settings\hadfielj\My Documents\ePublisher Pro Projects\caArray Online Help\Output\WebWorks Help 5.0\caArray Online Help\Create &amp; Manage Experiments.5.30.html" anchor="1188588" fileposition="51" first="false" /></Entry><Entry name="Experiment in draft status" sort="Experiment in draft status"><Content xmlns="urn:WebWorks-Document-Schema"><TextRun><Text value="Experiment in draft status" /></TextRun></Content><Link href="C:\Documents and Settings\hadfielj\My Documents\ePublisher Pro Projects\caArray Online Help\Output\WebWorks Help 5.0\caArray Online Help\Create &amp; Manage Experiments.5.29.html" anchor="1188277" fileposition="50" first="false" /></Entry><Entry name="experiment in progress status" sort="experiment in progress status"><Content xmlns="urn:WebWorks-Document-Schema"><TextRun><Text value="experiment in progress status" /></TextRun></Content><Link href="C:\Documents and Settings\hadfielj\My Documents\ePublisher Pro Projects\caArray Online Help\Output\WebWorks Help 5.0\caArray Online Help\Create &amp; Manage Experiments.5.29.html" anchor="1188308" fileposition="50" first="false" /></Entry></Entry>
<Entry id="2_107" name="vocabulary term" sort="vocabulary term"><Content xmlns="urn:WebWorks-Document-Schema"><TextRun><Text value="vocabulary term" /></TextRun></Content><Entry name="adding" sort="adding"><Content xmlns="urn:WebWorks-Document-Schema"><TextRun><Text value="adding" /></TextRun></Content><Link href="C:\Documents and Settings\hadfielj\My Documents\ePublisher Pro Projects\caArray Online Help\Output\WebWorks Help 5.0\caArray Online Help\Create &amp; Manage Experiments.5.21.html" anchor="1215651" fileposition="42" first="false" /><Link href="C:\Documents and Settings\hadfielj\My Documents\ePublisher Pro Projects\caArray Online Help\Output\WebWorks Help 5.0\caArray Online Help\Create &amp; Manage Experiments.5.21.html" anchor="1208160" fileposition="42" first="false" /><Link href="C:\Documents and Settings\hadfielj\My Documents\ePublisher Pro Projects\caArray Online Help\Output\WebWorks Help 5.0\caArray Online Help\Curation Tools.6.15.html" anchor="1100496" fileposition="66" first="false" /></Entry><Entry name="editing" sort="editing"><Content xmlns="urn:WebWorks-Document-Schema"><TextRun><Text value="editing" /></TextRun></Content><Link href="C:\Documents and Settings\hadfielj\My Documents\ePublisher Pro Projects\caArray Online Help\Output\WebWorks Help 5.0\caArray Online Help\Curation Tools.6.16.html" anchor="1100327" fileposition="67" first="false" /></Entry><Entry name="viewing" sort="viewing"><Content xmlns="urn:WebWorks-Document-Schema"><TextRun><Text value="viewing" /></TextRun></Content><Link href="C:\Documents and Settings\hadfielj\My Documents\ePublisher Pro Projects\caArray Online Help\Output\WebWorks Help 5.0\caArray Online Help\Curation Tools.6.14.html" anchor="1099725" fileposition="65" first="false" /></Entry></Entry>
<Entry id="2_108" name="vocabulary terms, managing" sort="vocabulary terms, managing"><Content xmlns="urn:WebWorks-Document-Schema"><TextRun><Text value="vocabulary terms, managing" /></TextRun></Content><Link href="C:\Documents and Settings\hadfielj\My Documents\ePublisher Pro Projects\caArray Online Help\Output\WebWorks Help 5.0\caArray Online Help\Curation Tools.6.13.html" anchor="1091975" fileposition="64" first="false" /></Entry>
</Group>

<Group id="2_109" name="W" sort="W">
</Group>

<Group id="2_110" name="X" sort="X">
</Group>

<Group id="2_111" name="Y" sort="Y">
</Group>

<Group id="2_112" name="Z" sort="Z">
</Group>
</Section>
</Index>