<?xml version="1.0" encoding="utf-8"?>
<Index version="1.0" xmlns="urn:WebWorks-Index-Schema">
  <Entry name="downloading data files" sort="downloading data files" sectionposition="2">
    <Content xmlns="urn:WebWorks-Document-Schema">
      <TextRun>
        <Text value="downloading data files" />
      </TextRun>
    </Content>
    <Link href="C:\Documents and Settings\hadfielj\My Documents\ePublisher Pro Projects\caArray Online Help\Output\WebWorks Help 5.0\caArray Online Help\Extracting data.8.2.html" anchor="1132728" fileposition="77" first="false" />
  </Entry>
  <Entry name="Data tab" sort="Data tab" sectionposition="2">
    <Content xmlns="urn:WebWorks-Document-Schema">
      <TextRun>
        <Text value="Data tab" />
      </TextRun>
    </Content>
    <Entry name="downloading data files" sort="downloading data files">
      <Content xmlns="urn:WebWorks-Document-Schema">
        <TextRun>
          <Text value="downloading data files" />
        </TextRun>
      </Content>
      <Link href="C:\Documents and Settings\hadfielj\My Documents\ePublisher Pro Projects\caArray Online Help\Output\WebWorks Help 5.0\caArray Online Help\Extracting data.8.2.html" anchor="1132728" fileposition="77" first="false" />
    </Entry>
  </Entry>
  <Entry name="extracting caArray files" sort="extracting caArray files" sectionposition="2">
    <Content xmlns="urn:WebWorks-Document-Schema">
      <TextRun>
        <Text value="extracting caArray files" />
      </TextRun>
    </Content>
    <Link href="C:\Documents and Settings\hadfielj\My Documents\ePublisher Pro Projects\caArray Online Help\Output\WebWorks Help 5.0\caArray Online Help\Extracting data.8.2.html" anchor="1132728" fileposition="77" first="false" />
  </Entry>
</Index>