<?xml version="1.0" encoding="utf-8"?>
<Behaviors version="1.0" xmlns="urn:WebWorks-Behaviors-Schema">
  <Split id="1052621" documentposition="3">
    <Paragraph id="1052621" documentposition="3" splitpriority="1" />
    <Paragraph id="1092136" documentposition="4" splitpriority="none" />
    <Paragraph id="1092137" documentposition="5" splitpriority="none" />
    <Paragraph id="1092149" documentposition="6" splitpriority="none" />
    <Paragraph id="1092153" documentposition="7" splitpriority="none" />
    <Paragraph id="1092157" documentposition="8" splitpriority="none" />
  </Split>
  <Split id="1091444" documentposition="9">
    <Paragraph id="1091444" documentposition="9" splitpriority="2" />
    <Paragraph id="1091446" documentposition="10" splitpriority="none" />
    <Paragraph id="1118353" documentposition="11" splitpriority="none" />
    <Paragraph id="1118357" documentposition="12" splitpriority="none" />
    <Paragraph id="1118361" documentposition="13" splitpriority="none" />
  </Split>
  <Split id="1091470" documentposition="15">
    <Paragraph id="1091470" documentposition="15" splitpriority="3" />
    <Paragraph id="1091472" documentposition="16" splitpriority="none" />
    <Paragraph id="1104762" documentposition="17" splitpriority="none" />
    <Paragraph id="1091474" documentposition="18" splitpriority="none" />
    <Paragraph id="1095825" documentposition="19" splitpriority="none" />
    <Paragraph id="1118369" documentposition="20" splitpriority="none" relatedtopic="define-no-output" />
    <Paragraph id="1118373" documentposition="21" splitpriority="none" relatedtopic="define-no-output" />
    <Paragraph id="1118377" documentposition="22" splitpriority="none" relatedtopic="define-no-output" />
  </Split>
  <Split id="1091488" documentposition="23">
    <Paragraph id="1091488" documentposition="23" splitpriority="4" />
    <Paragraph id="1091490" documentposition="24" splitpriority="none" />
    <Paragraph id="1091491" documentposition="25" splitpriority="none" />
    <Paragraph id="1091492" documentposition="26" splitpriority="none" />
    <Paragraph id="1099556" documentposition="28" splitpriority="none" />
    <Table id="1091500" documentposition="29" splitpriority="none">
      <TableCell>
        <Paragraph id="1091502" />
      </TableCell>
      <TableCell>
        <Paragraph id="1091504" />
      </TableCell>
      <TableCell>
        <Paragraph id="1091506" />
      </TableCell>
      <TableCell>
        <Paragraph id="1091508" />
      </TableCell>
      <TableCell>
        <Paragraph id="1091510" />
      </TableCell>
      <TableCell>
        <Paragraph id="1091512" />
        <Paragraph id="1091513" />
        <Paragraph id="1091514" />
        <Paragraph id="1094247" />
        <Paragraph id="1091516" />
        <Paragraph id="1094308" />
        <Paragraph id="1094302" />
      </TableCell>
      <TableCell>
        <Paragraph id="1091518" />
      </TableCell>
      <TableCell>
        <Paragraph id="1091520" />
        <Paragraph id="1097078" />
      </TableCell>
      <TableCell>
        <Paragraph id="1091523" />
      </TableCell>
      <TableCell>
        <Paragraph id="1091525" />
      </TableCell>
      <TableCell>
        <Paragraph id="1091527" />
      </TableCell>
      <TableCell>
        <Paragraph id="1091529" />
      </TableCell>
      <TableCell>
        <Paragraph id="1091531" />
      </TableCell>
      <TableCell>
        <Paragraph id="1091533" />
      </TableCell>
      <TableCell>
        <Paragraph id="1091535" />
      </TableCell>
      <TableCell>
        <Paragraph id="1091537">
          <Frame id="1091539" />
        </Paragraph>
      </TableCell>
      <TableCell>
        <Paragraph id="1091545" />
      </TableCell>
      <TableCell>
        <Paragraph id="1091547" />
      </TableCell>
    </Table>
    <Paragraph id="1091553" documentposition="30" splitpriority="none" />
    <Paragraph id="1118390" documentposition="31" splitpriority="none" relatedtopic="define-no-output" />
    <Paragraph id="1118394" documentposition="32" splitpriority="none" relatedtopic="define-no-output" />
  </Split>
  <Split id="1091564" documentposition="33">
    <Paragraph id="1091564" documentposition="33" splitpriority="4" />
    <Paragraph id="1091565" documentposition="34" splitpriority="none" />
    <Paragraph id="1097683" documentposition="35" splitpriority="none" />
    <Paragraph id="1097684" documentposition="36" splitpriority="none" />
    <Paragraph id="1091572" documentposition="37" splitpriority="none" />
    <Paragraph id="1091573" documentposition="38" splitpriority="none" />
    <Paragraph id="1091577" documentposition="39" splitpriority="none" />
    <Paragraph id="1091578" documentposition="40" splitpriority="none">
      <Paragraph id="1091584" />
    </Paragraph>
    <Table id="1091585" documentposition="41" splitpriority="none">
      <TableCell>
        <Paragraph id="1091587" />
      </TableCell>
      <TableCell>
        <Paragraph id="1091589" />
      </TableCell>
      <TableCell>
        <Paragraph id="1091591" />
      </TableCell>
      <TableCell>
        <Paragraph id="1091593" />
      </TableCell>
      <TableCell>
        <Paragraph id="1105659" />
      </TableCell>
      <TableCell>
        <Paragraph id="1105661" />
      </TableCell>
      <TableCell>
        <Paragraph id="1091595" />
      </TableCell>
      <TableCell>
        <Paragraph id="1091597" />
        <Paragraph id="1091598" />
        <Paragraph id="1091599" />
        <Paragraph id="1094253" />
        <Paragraph id="1091601" />
        <Paragraph id="1094356" />
        <Paragraph id="1094357" />
      </TableCell>
      <TableCell>
        <Paragraph id="1091603" />
      </TableCell>
      <TableCell>
        <Paragraph id="1091605" />
      </TableCell>
      <TableCell>
        <Paragraph id="1091607" />
      </TableCell>
      <TableCell>
        <Paragraph id="1091609" />
      </TableCell>
      <TableCell>
        <Paragraph id="1091611" />
      </TableCell>
      <TableCell>
        <Paragraph id="1091613" />
      </TableCell>
      <TableCell>
        <Paragraph id="1091615" />
      </TableCell>
      <TableCell>
        <Paragraph id="1091617" />
      </TableCell>
    </Table>
    <Paragraph id="1091623" documentposition="42" splitpriority="none" />
    <Paragraph id="1105688" documentposition="43" splitpriority="none" />
    <Paragraph id="1105681" documentposition="44" splitpriority="none" />
    <Paragraph id="1091624" documentposition="45" splitpriority="none" />
    <Paragraph id="1091625" documentposition="46" splitpriority="none" />
    <Paragraph id="1104772" documentposition="47" splitpriority="none" />
    <Paragraph id="1118407" documentposition="48" splitpriority="none" relatedtopic="define-no-output" />
    <Paragraph id="1118411" documentposition="49" splitpriority="none" relatedtopic="define-no-output" />
  </Split>
  <Split id="1091635" documentposition="50">
    <Paragraph id="1091635" documentposition="50" splitpriority="4" />
    <Paragraph id="1095748" documentposition="51" splitpriority="none" />
    <Paragraph id="1104789" documentposition="52" splitpriority="none" />
    <Paragraph id="1095750" documentposition="53" splitpriority="none" />
    <Paragraph id="1095754" documentposition="54" splitpriority="none">
      <Frame id="1095752" />
    </Paragraph>
    <Paragraph id="1091642" documentposition="55" splitpriority="none" />
    <Paragraph id="1091643" documentposition="56" splitpriority="none">
      <Frame id="1091645" />
    </Paragraph>
    <Paragraph id="1091647" documentposition="57" splitpriority="none" />
    <Paragraph id="1092292" documentposition="58" splitpriority="none" />
    <Paragraph id="1091649" documentposition="59" splitpriority="none" />
    <Paragraph id="1118419" documentposition="60" splitpriority="none" relatedtopic="define-no-output" />
    <Paragraph id="1118423" documentposition="61" splitpriority="none" relatedtopic="define-no-output" />
    <Paragraph id="1118427" documentposition="62" splitpriority="none" relatedtopic="define-no-output" />
  </Split>
  <Split id="1091663" documentposition="63">
    <Paragraph id="1091663" documentposition="63" splitpriority="3" />
    <Paragraph id="1091664" documentposition="64" splitpriority="none" />
    <Paragraph id="1091666" documentposition="65" splitpriority="none" />
    <Paragraph id="1118435" documentposition="66" splitpriority="none" relatedtopic="define-no-output" />
    <Paragraph id="1118439" documentposition="67" splitpriority="none" relatedtopic="define-no-output" />
    <Paragraph id="1118443" documentposition="68" splitpriority="none" relatedtopic="define-no-output" />
    <Paragraph id="1118447" documentposition="69" splitpriority="none" relatedtopic="define-no-output" />
    <Paragraph id="1118451" documentposition="70" splitpriority="none" relatedtopic="define-no-output" />
  </Split>
  <Split id="1091688" documentposition="71">
    <Paragraph id="1091688" documentposition="71" splitpriority="4" />
    <Paragraph id="1091690" documentposition="72" splitpriority="none" />
    <Paragraph id="1091691" documentposition="73" splitpriority="none" />
    <Paragraph id="1099647" documentposition="75" splitpriority="none" />
    <Table id="1091696" documentposition="76" splitpriority="none">
      <TableCell>
        <Paragraph id="1091698" />
      </TableCell>
      <TableCell>
        <Paragraph id="1091700" />
      </TableCell>
      <TableCell>
        <Paragraph id="1091702" />
      </TableCell>
      <TableCell>
        <Paragraph id="1091704" />
      </TableCell>
      <TableCell>
        <Paragraph id="1091706" />
      </TableCell>
      <TableCell>
        <Paragraph id="1091708" />
      </TableCell>
      <TableCell>
        <Paragraph id="1091710" />
      </TableCell>
      <TableCell>
        <Paragraph id="1091712" />
      </TableCell>
      <TableCell>
        <Paragraph id="1091714" />
      </TableCell>
      <TableCell>
        <Paragraph id="1091716" />
      </TableCell>
      <TableCell>
        <Paragraph id="1091718" />
      </TableCell>
      <TableCell>
        <Paragraph id="1091720" />
      </TableCell>
      <TableCell>
        <Paragraph id="1091722" />
      </TableCell>
      <TableCell>
        <Paragraph id="1091727">
          <Frame id="1095817" />
        </Paragraph>
      </TableCell>
    </Table>
    <Paragraph id="1091736" documentposition="77" splitpriority="none" />
    <Paragraph id="1091737" documentposition="78" splitpriority="none" />
    <Paragraph id="1091738" documentposition="79" splitpriority="none" />
    <Paragraph id="1118483" documentposition="80" splitpriority="none" relatedtopic="define-no-output" />
    <Paragraph id="1118487" documentposition="81" splitpriority="none" relatedtopic="define-no-output" />
    <Paragraph id="1118491" documentposition="82" splitpriority="none" relatedtopic="define-no-output" />
    <Paragraph id="1118495" documentposition="83" splitpriority="none" relatedtopic="define-no-output" />
    <Paragraph id="1118499" documentposition="84" splitpriority="none" relatedtopic="define-no-output" />
  </Split>
  <Split id="1091760" documentposition="85">
    <Paragraph id="1091760" documentposition="85" splitpriority="4" />
    <Paragraph id="1091766" documentposition="86" splitpriority="none" />
    <Paragraph id="1091767" documentposition="87" splitpriority="none" />
    <Paragraph id="1091768" documentposition="88" splitpriority="none" />
    <Paragraph id="1091769" documentposition="89" splitpriority="none" />
    <Table id="1091773" documentposition="90" splitpriority="none">
      <TableCell>
        <Paragraph id="1091775" />
      </TableCell>
      <TableCell>
        <Paragraph id="1091777" />
      </TableCell>
      <TableCell>
        <Paragraph id="1091779" />
      </TableCell>
      <TableCell>
        <Paragraph id="1091781" />
      </TableCell>
      <TableCell>
        <Paragraph id="1091783" />
      </TableCell>
      <TableCell>
        <Paragraph id="1091785" />
      </TableCell>
      <TableCell>
        <Paragraph id="1091787" />
      </TableCell>
      <TableCell>
        <Paragraph id="1091789" />
      </TableCell>
      <TableCell>
        <Paragraph id="1091791" />
      </TableCell>
      <TableCell>
        <Paragraph id="1091796">
          <Frame id="1091794" />
        </Paragraph>
      </TableCell>
    </Table>
    <Paragraph id="1091804" documentposition="91" splitpriority="none" />
    <Paragraph id="1118531" documentposition="92" splitpriority="none" relatedtopic="define-no-output" />
    <Paragraph id="1118535" documentposition="93" splitpriority="none" relatedtopic="define-no-output" />
    <Paragraph id="1118539" documentposition="94" splitpriority="none" relatedtopic="define-no-output" />
    <Paragraph id="1118543" documentposition="95" splitpriority="none" relatedtopic="define-no-output" />
    <Paragraph id="1118547" documentposition="96" splitpriority="none" relatedtopic="define-no-output" />
  </Split>
  <Split id="1091826" documentposition="97">
    <Paragraph id="1091826" documentposition="97" splitpriority="4" />
    <Paragraph id="1091828" documentposition="98" splitpriority="none" />
    <Paragraph id="1091829" documentposition="99" splitpriority="none" />
    <Paragraph id="1091830" documentposition="100" splitpriority="none" />
    <Paragraph id="1091831" documentposition="101" splitpriority="none" />
    <Paragraph id="1091832" documentposition="102" splitpriority="none">
      <Paragraph id="1091838" />
    </Paragraph>
    <Table id="1091839" documentposition="103" splitpriority="none">
      <TableCell>
        <Paragraph id="1091841" />
      </TableCell>
      <TableCell>
        <Paragraph id="1091843" />
      </TableCell>
      <TableCell>
        <Paragraph id="1091845" />
      </TableCell>
      <TableCell>
        <Paragraph id="1091847" />
      </TableCell>
      <TableCell>
        <Paragraph id="1091849" />
      </TableCell>
      <TableCell>
        <Paragraph id="1091851" />
      </TableCell>
      <TableCell>
        <Paragraph id="1091853" />
      </TableCell>
      <TableCell>
        <Paragraph id="1091855" />
        <Paragraph id="1091856" />
      </TableCell>
      <TableCell>
        <Paragraph id="1091858" />
      </TableCell>
      <TableCell>
        <Paragraph id="1091860" />
      </TableCell>
      <TableCell>
        <Paragraph id="1091862" />
      </TableCell>
      <TableCell>
        <Paragraph id="1091864" />
      </TableCell>
      <TableCell>
        <Paragraph id="1091866" />
      </TableCell>
      <TableCell>
        <Paragraph id="1091868" />
      </TableCell>
      <TableCell>
        <Paragraph id="1091870" />
      </TableCell>
      <TableCell>
        <Paragraph id="1091872" />
      </TableCell>
    </Table>
    <Paragraph id="1091878" documentposition="104" splitpriority="none" />
    <Paragraph id="1118579" documentposition="105" splitpriority="none" relatedtopic="define-no-output" />
    <Paragraph id="1118583" documentposition="106" splitpriority="none" relatedtopic="define-no-output" />
    <Paragraph id="1118587" documentposition="107" splitpriority="none" relatedtopic="define-no-output" />
    <Paragraph id="1118591" documentposition="108" splitpriority="none" relatedtopic="define-no-output" />
    <Paragraph id="1118595" documentposition="109" splitpriority="none" relatedtopic="define-no-output" />
  </Split>
  <Split id="1091900" documentposition="110">
    <Paragraph id="1091900" documentposition="110" splitpriority="4" />
    <Paragraph id="1091902" documentposition="111" splitpriority="none" />
    <Paragraph id="1091903" documentposition="112" splitpriority="none" />
    <Paragraph id="1091904" documentposition="113" splitpriority="none" />
    <Paragraph id="1091908" documentposition="114" splitpriority="none">
      <Frame id="1091906" />
    </Paragraph>
    <Paragraph id="1091909" documentposition="115" splitpriority="none" />
    <Paragraph id="1091913" documentposition="116" splitpriority="none">
      <Frame id="1091911" />
    </Paragraph>
    <Paragraph id="1091914" documentposition="117" splitpriority="none" />
    <Paragraph id="1091915" documentposition="118" splitpriority="none" />
    <Paragraph id="1118603" documentposition="119" splitpriority="none" relatedtopic="define-no-output" />
    <Paragraph id="1118607" documentposition="120" splitpriority="none" relatedtopic="define-no-output" />
    <Paragraph id="1118611" documentposition="121" splitpriority="none" relatedtopic="define-no-output" />
    <Paragraph id="1118615" documentposition="122" splitpriority="none" relatedtopic="define-no-output" />
    <Paragraph id="1118619" documentposition="123" splitpriority="none" relatedtopic="define-no-output" />
  </Split>
  <Split id="1091938" documentposition="124">
    <Paragraph id="1091938" documentposition="124" splitpriority="4" />
    <Paragraph id="1091939" documentposition="125" splitpriority="none" />
    <Paragraph id="1091940" documentposition="126" splitpriority="none" />
    <Paragraph id="1091944" documentposition="127" splitpriority="none">
      <Frame id="1091942" />
    </Paragraph>
    <Paragraph id="1091945" documentposition="128" splitpriority="none" />
    <Paragraph id="1091946" documentposition="129" splitpriority="none">
      <Frame id="1091948" />
    </Paragraph>
    <Paragraph id="1091950" documentposition="130" splitpriority="none" />
    <Paragraph id="1091951" documentposition="131" splitpriority="none" />
    <Paragraph id="1118627" documentposition="132" splitpriority="none" relatedtopic="define-no-output" />
    <Paragraph id="1118631" documentposition="133" splitpriority="none" relatedtopic="define-no-output" />
    <Paragraph id="1118635" documentposition="134" splitpriority="none" relatedtopic="define-no-output" />
    <Paragraph id="1118639" documentposition="135" splitpriority="none" relatedtopic="define-no-output" />
    <Paragraph id="1118643" documentposition="136" splitpriority="none" relatedtopic="define-no-output" />
  </Split>
  <Split id="1091973" documentposition="137">
    <Paragraph id="1091973" documentposition="137" splitpriority="3" />
    <Paragraph id="1091975" documentposition="138" splitpriority="none" />
    <Paragraph id="1091976" documentposition="139" splitpriority="none" />
    <Paragraph id="1091977" documentposition="140" splitpriority="none" />
    <Paragraph id="1091978" documentposition="141" splitpriority="none" />
    <Paragraph id="1091979" documentposition="142" splitpriority="none" />
    <Paragraph id="1118651" documentposition="143" splitpriority="none" relatedtopic="define-no-output" />
    <Paragraph id="1118655" documentposition="144" splitpriority="none" relatedtopic="define-no-output" />
    <Paragraph id="1118659" documentposition="145" splitpriority="none" relatedtopic="define-no-output" />
    <Paragraph id="1118663" documentposition="146" splitpriority="none" relatedtopic="define-no-output" />
  </Split>
  <Split id="1099723" documentposition="147">
    <Paragraph id="1099723" documentposition="147" splitpriority="4" />
    <Paragraph id="1099725" documentposition="148" splitpriority="none" />
    <Paragraph id="1099726" documentposition="149" splitpriority="none" />
    <Paragraph id="1099735" documentposition="151" splitpriority="none" />
    <Table id="1099739" documentposition="152" splitpriority="none">
      <TableCell>
        <Paragraph id="1099741" />
      </TableCell>
      <TableCell>
        <Paragraph id="1099743" />
      </TableCell>
      <TableCell>
        <Paragraph id="1099745" />
      </TableCell>
      <TableCell>
        <Paragraph id="1099747" />
      </TableCell>
      <TableCell>
        <Paragraph id="1099753" />
      </TableCell>
      <TableCell>
        <Paragraph id="1099755" />
      </TableCell>
      <TableCell>
        <Paragraph id="1099757" />
      </TableCell>
      <TableCell>
        <Paragraph id="1099759" />
      </TableCell>
      <TableCell>
        <Paragraph id="1099765" />
      </TableCell>
      <TableCell>
        <Paragraph id="1099770">
          <Frame id="1099768" />
        </Paragraph>
      </TableCell>
    </Table>
    <Paragraph id="1099779" documentposition="153" splitpriority="none" />
    <Paragraph id="1099780" documentposition="154" splitpriority="none" />
    <Paragraph id="1118695" documentposition="155" splitpriority="none" relatedtopic="define-no-output" />
    <Paragraph id="1118699" documentposition="156" splitpriority="none" relatedtopic="define-no-output" />
    <Paragraph id="1118703" documentposition="157" splitpriority="none" relatedtopic="define-no-output" />
  </Split>
  <Split id="1100484" documentposition="158">
    <Paragraph id="1100484" documentposition="158" splitpriority="4" />
    <Paragraph id="1100485" documentposition="159" splitpriority="none" />
    <Paragraph id="1100460" documentposition="160" splitpriority="none" />
    <Paragraph id="1100463" documentposition="161" splitpriority="none" />
    <Paragraph id="1100464" documentposition="162" splitpriority="none" />
    <Paragraph id="1100496" documentposition="163" splitpriority="none" />
    <Paragraph id="1100507" documentposition="164" splitpriority="none" />
    <Table id="1091991" documentposition="165" splitpriority="none">
      <TableCell>
        <Paragraph id="1091993" />
      </TableCell>
      <TableCell>
        <Paragraph id="1091995" />
      </TableCell>
      <TableCell>
        <Paragraph id="1091997" />
      </TableCell>
      <TableCell>
        <Paragraph id="1092001" />
      </TableCell>
      <TableCell>
        <Paragraph id="1092003" />
      </TableCell>
      <TableCell>
        <Paragraph id="1092005" />
      </TableCell>
      <TableCell>
        <Paragraph id="1092007" />
      </TableCell>
      <TableCell>
        <Paragraph id="1092009" />
      </TableCell>
      <TableCell>
        <Paragraph id="1092013" />
      </TableCell>
      <TableCell>
        <Paragraph id="1092015" />
        <Paragraph id="1092016" />
        <Paragraph id="1092017" />
      </TableCell>
      <TableCell>
        <Paragraph id="1092019" />
      </TableCell>
      <TableCell>
        <Paragraph id="1092021" />
      </TableCell>
      <TableCell>
        <Paragraph id="1092023" />
      </TableCell>
      <TableCell>
        <Paragraph id="1092027" />
      </TableCell>
      <TableCell>
        <Paragraph id="1092029" />
      </TableCell>
      <TableCell>
        <Paragraph id="1092032" />
      </TableCell>
      <TableCell>
        <Paragraph id="1092034" />
      </TableCell>
    </Table>
    <Paragraph id="1092039" documentposition="166" splitpriority="none" />
    <Paragraph id="1099948" documentposition="167" splitpriority="none" />
    <Paragraph id="1118761" documentposition="168" splitpriority="none" relatedtopic="define-no-output" />
    <Paragraph id="1118765" documentposition="169" splitpriority="none" relatedtopic="define-no-output" />
    <Paragraph id="1118769" documentposition="170" splitpriority="none" relatedtopic="define-no-output" />
    <Paragraph id="1118773" documentposition="171" splitpriority="none" relatedtopic="define-no-output" />
  </Split>
  <Split id="1099881" documentposition="172">
    <Paragraph id="1099881" documentposition="172" splitpriority="4" />
    <Paragraph id="1100327" documentposition="173" splitpriority="none" />
    <Paragraph id="1100328" documentposition="174" splitpriority="none" />
    <Paragraph id="1100329" documentposition="175" splitpriority="none" />
    <Paragraph id="1100333" documentposition="176" splitpriority="none" />
    <Paragraph id="1100366" documentposition="177" splitpriority="none">
      <Frame id="1100331" />
    </Paragraph>
    <Paragraph id="1100334" documentposition="178" splitpriority="none" />
    <Paragraph id="1100338" documentposition="179" splitpriority="none">
      <Frame id="1100336" />
    </Paragraph>
    <Paragraph id="1100389" documentposition="180" splitpriority="none" />
    <Paragraph id="1100403" documentposition="181" splitpriority="none" />
    <Paragraph id="1100340" documentposition="182" splitpriority="none" />
    <Paragraph id="1118781" documentposition="183" splitpriority="none" relatedtopic="define-no-output" />
    <Paragraph id="1118785" documentposition="184" splitpriority="none" relatedtopic="define-no-output" />
    <Paragraph id="1118789" documentposition="185" splitpriority="none" relatedtopic="define-no-output" />
    <Paragraph id="1100299" documentposition="186" splitpriority="none" />
  </Split>
</Behaviors>