<?xml version="1.0" encoding="utf-8"?>
<Index version="1.0" xmlns="urn:WebWorks-Index-Schema">
  <Entry name="curation tasks" sort="curation tasks" sectionposition="2">
    <Content xmlns="urn:WebWorks-Document-Schema">
      <TextRun>
        <Text value="curation tasks" />
      </TextRun>
    </Content>
    <Link href="C:\Documents and Settings\hadfielj\My Documents\ePublisher Pro Projects\caArray Online Help\Output\WebWorks Help 5.0\caArray Online Help\Curation Tools.6.2.html" anchor="1091446" fileposition="47" first="false" />
  </Entry>
  <Entry name="Array Designs" sort="Array Designs" sectionposition="2">
    <Content xmlns="urn:WebWorks-Document-Schema">
      <TextRun>
        <Text value="Array Designs" />
      </TextRun>
    </Content>
    <Entry name="managing" sort="managing">
      <Content xmlns="urn:WebWorks-Document-Schema">
        <TextRun>
          <Text value="managing" />
        </TextRun>
      </Content>
      <Link href="C:\Documents and Settings\hadfielj\My Documents\ePublisher Pro Projects\caArray Online Help\Output\WebWorks Help 5.0\caArray Online Help\Curation Tools.6.3.html" anchor="1091472" fileposition="48" first="false" />
    </Entry>
  </Entry>
  <Entry name="managing" sort="managing" sectionposition="2">
    <Content xmlns="urn:WebWorks-Document-Schema">
      <TextRun>
        <Text value="managing" />
      </TextRun>
    </Content>
    <Entry name="Array Designs" sort="Array Designs">
      <Content xmlns="urn:WebWorks-Document-Schema">
        <TextRun>
          <Text value="Array Designs" />
        </TextRun>
      </Content>
      <Link href="C:\Documents and Settings\hadfielj\My Documents\ePublisher Pro Projects\caArray Online Help\Output\WebWorks Help 5.0\caArray Online Help\Curation Tools.6.3.html" anchor="1091472" fileposition="48" first="false" />
    </Entry>
  </Entry>
  <Entry name="Array Designs" sort="Array Designs" sectionposition="2">
    <Content xmlns="urn:WebWorks-Document-Schema">
      <TextRun>
        <Text value="Array Designs" />
      </TextRun>
    </Content>
    <Entry name="viewing" sort="viewing">
      <Content xmlns="urn:WebWorks-Document-Schema">
        <TextRun>
          <Text value="viewing" />
        </TextRun>
      </Content>
      <Link href="C:\Documents and Settings\hadfielj\My Documents\ePublisher Pro Projects\caArray Online Help\Output\WebWorks Help 5.0\caArray Online Help\Curation Tools.6.4.html" anchor="1091490" fileposition="49" first="false" />
    </Entry>
  </Entry>
  <Entry name="viewing" sort="viewing" sectionposition="2">
    <Content xmlns="urn:WebWorks-Document-Schema">
      <TextRun>
        <Text value="viewing" />
      </TextRun>
    </Content>
    <Entry name="Array Designs" sort="Array Designs">
      <Content xmlns="urn:WebWorks-Document-Schema">
        <TextRun>
          <Text value="Array Designs" />
        </TextRun>
      </Content>
      <Link href="C:\Documents and Settings\hadfielj\My Documents\ePublisher Pro Projects\caArray Online Help\Output\WebWorks Help 5.0\caArray Online Help\Curation Tools.6.4.html" anchor="1091490" fileposition="49" first="false" />
    </Entry>
  </Entry>
  <Entry name="Array Designs" sort="Array Designs" sectionposition="2">
    <Content xmlns="urn:WebWorks-Document-Schema">
      <TextRun>
        <Text value="Array Designs" />
      </TextRun>
    </Content>
    <Entry name="adding" sort="adding">
      <Content xmlns="urn:WebWorks-Document-Schema">
        <TextRun>
          <Text value="adding" />
        </TextRun>
      </Content>
      <Link href="C:\Documents and Settings\hadfielj\My Documents\ePublisher Pro Projects\caArray Online Help\Output\WebWorks Help 5.0\caArray Online Help\Curation Tools.6.5.html" anchor="1091564" fileposition="50" first="true" />
    </Entry>
  </Entry>
  <Entry name="adding" sort="adding" sectionposition="2">
    <Content xmlns="urn:WebWorks-Document-Schema">
      <TextRun>
        <Text value="adding" />
      </TextRun>
    </Content>
    <Entry name="Array Designs" sort="Array Designs">
      <Content xmlns="urn:WebWorks-Document-Schema">
        <TextRun>
          <Text value="Array Designs" />
        </TextRun>
      </Content>
      <Link href="C:\Documents and Settings\hadfielj\My Documents\ePublisher Pro Projects\caArray Online Help\Output\WebWorks Help 5.0\caArray Online Help\Curation Tools.6.5.html" anchor="1091564" fileposition="50" first="true" />
    </Entry>
  </Entry>
  <Entry name="Array Designs" sort="Array Designs" sectionposition="2">
    <Content xmlns="urn:WebWorks-Document-Schema">
      <TextRun>
        <Text value="Array Designs" />
      </TextRun>
    </Content>
    <Entry name="editing" sort="editing">
      <Content xmlns="urn:WebWorks-Document-Schema">
        <TextRun>
          <Text value="editing" />
        </TextRun>
      </Content>
      <Link href="C:\Documents and Settings\hadfielj\My Documents\ePublisher Pro Projects\caArray Online Help\Output\WebWorks Help 5.0\caArray Online Help\Curation Tools.6.6.html" anchor="1092190" fileposition="51" first="false" />
    </Entry>
  </Entry>
  <Entry name="editing" sort="editing" sectionposition="2">
    <Content xmlns="urn:WebWorks-Document-Schema">
      <TextRun>
        <Text value="editing" />
      </TextRun>
    </Content>
    <Entry name="Array Designs" sort="Array Designs">
      <Content xmlns="urn:WebWorks-Document-Schema">
        <TextRun>
          <Text value="Array Designs" />
        </TextRun>
      </Content>
      <Link href="C:\Documents and Settings\hadfielj\My Documents\ePublisher Pro Projects\caArray Online Help\Output\WebWorks Help 5.0\caArray Online Help\Curation Tools.6.6.html" anchor="1092190" fileposition="51" first="false" />
    </Entry>
  </Entry>
  <Entry name="Protocols" sort="Protocols" sectionposition="2">
    <Content xmlns="urn:WebWorks-Document-Schema">
      <TextRun>
        <Text value="Protocols" />
      </TextRun>
    </Content>
    <Entry name="description" sort="description">
      <Content xmlns="urn:WebWorks-Document-Schema">
        <TextRun>
          <Text value="description" />
        </TextRun>
      </Content>
      <Link href="C:\Documents and Settings\hadfielj\My Documents\ePublisher Pro Projects\caArray Online Help\Output\WebWorks Help 5.0\caArray Online Help\Curation Tools.6.7.html" anchor="1091664" fileposition="52" first="false" />
    </Entry>
  </Entry>
  <Entry name="Protocols" sort="Protocols" sectionposition="2">
    <Content xmlns="urn:WebWorks-Document-Schema">
      <TextRun>
        <Text value="Protocols" />
      </TextRun>
    </Content>
    <Entry name="viewing" sort="viewing">
      <Content xmlns="urn:WebWorks-Document-Schema">
        <TextRun>
          <Text value="viewing" />
        </TextRun>
      </Content>
      <Link href="C:\Documents and Settings\hadfielj\My Documents\ePublisher Pro Projects\caArray Online Help\Output\WebWorks Help 5.0\caArray Online Help\Curation Tools.6.8.html" anchor="1091690" fileposition="53" first="false" />
    </Entry>
  </Entry>
  <Entry name="viewing" sort="viewing" sectionposition="2">
    <Content xmlns="urn:WebWorks-Document-Schema">
      <TextRun>
        <Text value="viewing" />
      </TextRun>
    </Content>
    <Entry name="Protocols" sort="Protocols">
      <Content xmlns="urn:WebWorks-Document-Schema">
        <TextRun>
          <Text value="Protocols" />
        </TextRun>
      </Content>
      <Link href="C:\Documents and Settings\hadfielj\My Documents\ePublisher Pro Projects\caArray Online Help\Output\WebWorks Help 5.0\caArray Online Help\Curation Tools.6.8.html" anchor="1091690" fileposition="53" first="false" />
    </Entry>
  </Entry>
  <Entry name="Protocol Types" sort="Protocol Types" sectionposition="2">
    <Content xmlns="urn:WebWorks-Document-Schema">
      <TextRun>
        <Text value="Protocol Types" />
      </TextRun>
    </Content>
    <Entry name="viewing" sort="viewing">
      <Content xmlns="urn:WebWorks-Document-Schema">
        <TextRun>
          <Text value="viewing" />
        </TextRun>
      </Content>
      <Link href="C:\Documents and Settings\hadfielj\My Documents\ePublisher Pro Projects\caArray Online Help\Output\WebWorks Help 5.0\caArray Online Help\Curation Tools.6.9.html" anchor="1091766" fileposition="54" first="false" />
    </Entry>
  </Entry>
  <Entry name="viewing" sort="viewing" sectionposition="2">
    <Content xmlns="urn:WebWorks-Document-Schema">
      <TextRun>
        <Text value="viewing" />
      </TextRun>
    </Content>
    <Entry name="Protocol Types" sort="Protocol Types">
      <Content xmlns="urn:WebWorks-Document-Schema">
        <TextRun>
          <Text value="Protocol Types" />
        </TextRun>
      </Content>
      <Link href="C:\Documents and Settings\hadfielj\My Documents\ePublisher Pro Projects\caArray Online Help\Output\WebWorks Help 5.0\caArray Online Help\Curation Tools.6.9.html" anchor="1091766" fileposition="54" first="false" />
    </Entry>
  </Entry>
  <Entry name="Protocol" sort="Protocol" sectionposition="2">
    <Content xmlns="urn:WebWorks-Document-Schema">
      <TextRun>
        <Text value="Protocol" />
      </TextRun>
    </Content>
    <Entry name="creating" sort="creating">
      <Content xmlns="urn:WebWorks-Document-Schema">
        <TextRun>
          <Text value="creating" />
        </TextRun>
      </Content>
      <Link href="C:\Documents and Settings\hadfielj\My Documents\ePublisher Pro Projects\caArray Online Help\Output\WebWorks Help 5.0\caArray Online Help\Curation Tools.6.10.html" anchor="1091828" fileposition="55" first="false" />
    </Entry>
  </Entry>
  <Entry name="creating" sort="creating" sectionposition="2">
    <Content xmlns="urn:WebWorks-Document-Schema">
      <TextRun>
        <Text value="creating" />
      </TextRun>
    </Content>
    <Entry name="protocol" sort="protocol">
      <Content xmlns="urn:WebWorks-Document-Schema">
        <TextRun>
          <Text value="protocol" />
        </TextRun>
      </Content>
      <Link href="C:\Documents and Settings\hadfielj\My Documents\ePublisher Pro Projects\caArray Online Help\Output\WebWorks Help 5.0\caArray Online Help\Curation Tools.6.10.html" anchor="1091828" fileposition="55" first="false" />
    </Entry>
  </Entry>
  <Entry name="Protocol" sort="Protocol" sectionposition="2">
    <Content xmlns="urn:WebWorks-Document-Schema">
      <TextRun>
        <Text value="Protocol" />
      </TextRun>
    </Content>
    <Entry name="editing" sort="editing">
      <Content xmlns="urn:WebWorks-Document-Schema">
        <TextRun>
          <Text value="editing" />
        </TextRun>
      </Content>
      <Link href="C:\Documents and Settings\hadfielj\My Documents\ePublisher Pro Projects\caArray Online Help\Output\WebWorks Help 5.0\caArray Online Help\Curation Tools.6.11.html" anchor="1091902" fileposition="56" first="false" />
    </Entry>
  </Entry>
  <Entry name="editing" sort="editing" sectionposition="2">
    <Content xmlns="urn:WebWorks-Document-Schema">
      <TextRun>
        <Text value="editing" />
      </TextRun>
    </Content>
    <Entry name="Protocol" sort="Protocol">
      <Content xmlns="urn:WebWorks-Document-Schema">
        <TextRun>
          <Text value="Protocol" />
        </TextRun>
      </Content>
      <Link href="C:\Documents and Settings\hadfielj\My Documents\ePublisher Pro Projects\caArray Online Help\Output\WebWorks Help 5.0\caArray Online Help\Curation Tools.6.11.html" anchor="1091902" fileposition="56" first="false" />
    </Entry>
  </Entry>
  <Entry name="Protocol Types" sort="Protocol Types" sectionposition="2">
    <Content xmlns="urn:WebWorks-Document-Schema">
      <TextRun>
        <Text value="Protocol Types" />
      </TextRun>
    </Content>
    <Entry name="editing" sort="editing">
      <Content xmlns="urn:WebWorks-Document-Schema">
        <TextRun>
          <Text value="editing" />
        </TextRun>
      </Content>
      <Link href="C:\Documents and Settings\hadfielj\My Documents\ePublisher Pro Projects\caArray Online Help\Output\WebWorks Help 5.0\caArray Online Help\Curation Tools.6.12.html" anchor="1091938" fileposition="57" first="true" />
    </Entry>
  </Entry>
  <Entry name="editing" sort="editing" sectionposition="2">
    <Content xmlns="urn:WebWorks-Document-Schema">
      <TextRun>
        <Text value="editing" />
      </TextRun>
    </Content>
    <Entry name="Protocol Typer" sort="Protocol Typer">
      <Content xmlns="urn:WebWorks-Document-Schema">
        <TextRun>
          <Text value="Protocol Typer" />
        </TextRun>
      </Content>
      <Link href="C:\Documents and Settings\hadfielj\My Documents\ePublisher Pro Projects\caArray Online Help\Output\WebWorks Help 5.0\caArray Online Help\Curation Tools.6.12.html" anchor="1091938" fileposition="57" first="true" />
    </Entry>
  </Entry>
  <Entry name="managing" sort="managing" sectionposition="2">
    <Content xmlns="urn:WebWorks-Document-Schema">
      <TextRun>
        <Text value="managing" />
      </TextRun>
    </Content>
    <Entry name="vocabulary terms" sort="vocabulary terms">
      <Content xmlns="urn:WebWorks-Document-Schema">
        <TextRun>
          <Text value="vocabulary terms" />
        </TextRun>
      </Content>
      <Link href="C:\Documents and Settings\hadfielj\My Documents\ePublisher Pro Projects\caArray Online Help\Output\WebWorks Help 5.0\caArray Online Help\Curation Tools.6.13.html" anchor="1091975" fileposition="58" first="false" />
    </Entry>
  </Entry>
  <Entry name="vocabulary terms, managing" sort="vocabulary terms, managing" sectionposition="2">
    <Content xmlns="urn:WebWorks-Document-Schema">
      <TextRun>
        <Text value="vocabulary terms, managing" />
      </TextRun>
    </Content>
    <Link href="C:\Documents and Settings\hadfielj\My Documents\ePublisher Pro Projects\caArray Online Help\Output\WebWorks Help 5.0\caArray Online Help\Curation Tools.6.13.html" anchor="1091975" fileposition="58" first="false" />
  </Entry>
  <Entry name="vocabulary terms" sort="vocabulary terms" sectionposition="2">
    <Content xmlns="urn:WebWorks-Document-Schema">
      <TextRun>
        <Text value="vocabulary terms" />
      </TextRun>
    </Content>
    <Entry name="adding" sort="adding">
      <Content xmlns="urn:WebWorks-Document-Schema">
        <TextRun>
          <Text value="adding" />
        </TextRun>
      </Content>
      <Link href="C:\Documents and Settings\hadfielj\My Documents\ePublisher Pro Projects\caArray Online Help\Output\WebWorks Help 5.0\caArray Online Help\Curation Tools.6.13.html" anchor="1091990" fileposition="58" first="false" />
    </Entry>
  </Entry>
  <Entry name="adding" sort="adding" sectionposition="2">
    <Content xmlns="urn:WebWorks-Document-Schema">
      <TextRun>
        <Text value="adding" />
      </TextRun>
    </Content>
    <Entry name="vocabulary term" sort="vocabulary term">
      <Content xmlns="urn:WebWorks-Document-Schema">
        <TextRun>
          <Text value="vocabulary term" />
        </TextRun>
      </Content>
      <Link href="C:\Documents and Settings\hadfielj\My Documents\ePublisher Pro Projects\caArray Online Help\Output\WebWorks Help 5.0\caArray Online Help\Curation Tools.6.13.html" anchor="1091990" fileposition="58" first="false" />
    </Entry>
  </Entry>
</Index>