<?xml version="1.0" encoding="utf-8"?>
<SplitPriorities version="1.0" xmlns="urn:WebWorks-Engine-Splits-Schema">
  <SplitPriority id="1052621" documentposition="3" splitpriority="1" outputposition="1" />
  <SplitPriority id="1091444" documentposition="9" splitpriority="2" outputposition="7" />
  <SplitPriority id="1091470" documentposition="15" splitpriority="3" outputposition="12" />
  <SplitPriority id="1091488" documentposition="21" splitpriority="4" outputposition="18" />
  <SplitPriority id="1091564" documentposition="30" splitpriority="4" outputposition="27" />
  <SplitPriority id="1091635" documentposition="48" splitpriority="4" outputposition="45" />
  <SplitPriority id="1091663" documentposition="60" splitpriority="3" outputposition="57" />
  <SplitPriority id="1091688" documentposition="68" splitpriority="4" outputposition="65" />
  <SplitPriority id="1091760" documentposition="81" splitpriority="4" outputposition="78" />
  <SplitPriority id="1091826" documentposition="93" splitpriority="4" outputposition="90" />
  <SplitPriority id="1091900" documentposition="106" splitpriority="4" outputposition="103" />
  <SplitPriority id="1091938" documentposition="120" splitpriority="4" outputposition="117" />
  <SplitPriority id="1091973" documentposition="133" splitpriority="3" outputposition="130" />
</SplitPriorities>