<?xml version="1.0" encoding="utf-8"?>
<Behaviors version="1.0" xmlns="urn:WebWorks-Behaviors-Schema">
  <Split id="1052621" documentposition="3">
    <Paragraph id="1052621" documentposition="3" splitpriority="1" />
    <Paragraph id="1133650" documentposition="4" splitpriority="none" />
    <Paragraph id="1138169" documentposition="5" splitpriority="none" />
    <Paragraph id="1138174" documentposition="6" splitpriority="none" />
    <Paragraph id="1138187" documentposition="7" splitpriority="none" />
  </Split>
  <Split id="1136037" documentposition="8">
    <Paragraph id="1136037" documentposition="8" splitpriority="2" />
    <Paragraph id="1133651" documentposition="9" splitpriority="none" />
    <Paragraph id="1138874" documentposition="10" splitpriority="none" />
    <Paragraph id="1137352" documentposition="11" splitpriority="none" />
    <Paragraph id="1143428" documentposition="12" splitpriority="none" />
    <Paragraph id="1149677" documentposition="13" splitpriority="none" />
    <Paragraph id="1149713" documentposition="14" splitpriority="none" />
    <Paragraph id="1147974" documentposition="16" splitpriority="none" />
    <Paragraph id="1147975" documentposition="17" splitpriority="none" />
    <Paragraph id="1166952" documentposition="18" splitpriority="none" />
    <Paragraph id="1166953" documentposition="19" splitpriority="none" dropdown="start-closed" />
    <Table id="1166954" documentposition="20" splitpriority="none">
      <TableCell>
        <Paragraph id="1166956" />
      </TableCell>
      <TableCell>
        <Paragraph id="1166958" />
      </TableCell>
      <TableCell>
        <Paragraph id="1166960" />
      </TableCell>
      <TableCell>
        <Paragraph id="1166962" />
      </TableCell>
      <TableCell>
        <Paragraph id="1166964" />
      </TableCell>
      <TableCell>
        <Paragraph id="1166966" />
      </TableCell>
      <TableCell>
        <Paragraph id="1166968" />
      </TableCell>
      <TableCell>
        <Paragraph id="1166970" />
        <Paragraph id="1166971" />
        <Paragraph id="1166972" />
      </TableCell>
      <TableCell>
        <Paragraph id="1166977" />
      </TableCell>
      <TableCell>
        <Paragraph id="1166979" />
      </TableCell>
      <TableCell>
        <Paragraph id="1166981" />
      </TableCell>
      <TableCell>
        <Paragraph id="1166983" />
      </TableCell>
      <TableCell>
        <Paragraph id="1166985" />
      </TableCell>
      <TableCell>
        <Paragraph id="1166987" />
      </TableCell>
    </Table>
    <Paragraph id="1166878" documentposition="21" splitpriority="none" dropdown="end" />
    <Paragraph id="1139496" documentposition="22" splitpriority="none" />
    <Paragraph id="1167001" documentposition="23" splitpriority="none" />
    <Paragraph id="1166910" documentposition="24" splitpriority="none" dropdown="start-closed" />
    <Table id="1139500" documentposition="25" splitpriority="none">
      <TableCell>
        <Paragraph id="1139502" />
      </TableCell>
      <TableCell>
        <Paragraph id="1139504" />
      </TableCell>
      <TableCell>
        <Paragraph id="1139506" />
      </TableCell>
      <TableCell>
        <Paragraph id="1139508" />
      </TableCell>
      <TableCell>
        <Paragraph id="1139510" />
      </TableCell>
      <TableCell>
        <Paragraph id="1139512" />
      </TableCell>
      <TableCell>
        <Paragraph id="1139514" />
      </TableCell>
      <TableCell>
        <Paragraph id="1139517" />
      </TableCell>
      <TableCell>
        <Paragraph id="1139520" />
      </TableCell>
      <TableCell>
        <Paragraph id="1139522" />
        <Paragraph id="1139523" />
        <Paragraph id="1139527">
          <Frame id="1139525" />
        </Paragraph>
      </TableCell>
      <TableCell>
        <Paragraph id="1139529" />
      </TableCell>
      <TableCell>
        <Paragraph id="1139531" />
      </TableCell>
      <TableCell>
        <Paragraph id="1139533" />
      </TableCell>
      <TableCell>
        <Paragraph id="1139535" />
      </TableCell>
      <TableCell>
        <Paragraph id="1139537" />
      </TableCell>
      <TableCell>
        <Paragraph id="1139539" />
      </TableCell>
      <TableCell>
        <Paragraph id="1139541" />
      </TableCell>
      <TableCell>
        <Paragraph id="1139543" />
      </TableCell>
    </Table>
    <Paragraph id="1133684" documentposition="26" splitpriority="none" dropdown="end" />
    <Paragraph id="1165993" documentposition="27" splitpriority="none" />
  </Split>
  <Split id="1133644" documentposition="28">
    <Paragraph id="1133644" documentposition="28" splitpriority="2" />
    <Paragraph id="1137686" documentposition="29" splitpriority="none" />
    <Paragraph id="1138772" documentposition="30" splitpriority="none" />
    <Paragraph id="1137651" documentposition="31" splitpriority="none" />
    <Paragraph id="1139146" documentposition="32" splitpriority="none" />
    <Paragraph id="1141178" documentposition="33" splitpriority="none" />
    <Paragraph id="1139185" documentposition="34" splitpriority="none" />
    <Paragraph id="1141221" documentposition="35" splitpriority="none" />
    <Table id="1139154" documentposition="36" splitpriority="none">
      <TableCell>
        <Paragraph id="1139156" />
      </TableCell>
      <TableCell>
        <Paragraph id="1139158" />
      </TableCell>
      <TableCell>
        <Paragraph id="1139160" />
      </TableCell>
      <TableCell>
        <Paragraph id="1139162" />
        <Paragraph id="1139218" />
        <Paragraph id="1139219" />
        <Paragraph id="1139220" />
        <Paragraph id="1139221" />
        <Paragraph id="1139222" />
        <Paragraph id="1139223" />
        <Paragraph id="1139224" />
        <Paragraph id="1139216" />
        <Paragraph id="1139234" />
      </TableCell>
      <TableCell>
        <Paragraph id="1139164" />
      </TableCell>
      <TableCell>
        <Paragraph id="1139166" />
        <Paragraph id="1139167" />
      </TableCell>
      <TableCell>
        <Paragraph id="1139170" />
      </TableCell>
      <TableCell>
        <Paragraph id="1139172" />
      </TableCell>
    </Table>
    <Paragraph id="1137835" documentposition="37" splitpriority="none" />
    <Paragraph id="1138788" documentposition="38" splitpriority="none" />
    <Paragraph id="1166080" documentposition="39" splitpriority="none" />
  </Split>
  <Split id="1138789" documentposition="40">
    <Paragraph id="1138789" documentposition="40" splitpriority="3" />
    <Paragraph id="1166088" documentposition="41" splitpriority="none" />
    <Paragraph id="1143038" documentposition="42" splitpriority="none" />
    <Paragraph id="1150535" documentposition="44" splitpriority="none" />
    <Paragraph id="1139312" documentposition="45" splitpriority="none" />
    <Paragraph id="1139363" documentposition="46" splitpriority="none" />
    <Table id="1139316" documentposition="47" splitpriority="none">
      <TableCell>
        <Paragraph id="1139703" />
      </TableCell>
      <TableCell>
        <Paragraph id="1139705" />
      </TableCell>
      <TableCell>
        <Paragraph id="1139707" />
      </TableCell>
      <TableCell>
        <Paragraph id="1139709" />
      </TableCell>
      <TableCell>
        <Paragraph id="1139711" />
      </TableCell>
      <TableCell>
        <Paragraph id="1139713" />
      </TableCell>
      <TableCell>
        <Paragraph id="1139715" />
      </TableCell>
      <TableCell>
        <Paragraph id="1139718" />
      </TableCell>
      <TableCell>
        <Paragraph id="1139721" />
      </TableCell>
      <TableCell>
        <Paragraph id="1139723">
          <Frame id="1139725" />
        </Paragraph>
      </TableCell>
      <TableCell>
        <Paragraph id="1139728" />
      </TableCell>
      <TableCell>
        <Paragraph id="1139730" />
      </TableCell>
      <TableCell>
        <Paragraph id="1139732" />
      </TableCell>
      <TableCell>
        <Paragraph id="1139734" />
      </TableCell>
      <TableCell>
        <Paragraph id="1139736" />
      </TableCell>
      <TableCell>
        <Paragraph id="1139738" />
      </TableCell>
      <TableCell>
        <Paragraph id="1139740" />
      </TableCell>
      <TableCell>
        <Paragraph id="1139742" />
      </TableCell>
    </Table>
    <Paragraph id="1139584" documentposition="49" splitpriority="none" />
    <Paragraph id="1138129" documentposition="50" splitpriority="none" />
    <Paragraph id="1138344" documentposition="51" splitpriority="none" />
    <Paragraph id="1138364" documentposition="52" splitpriority="none" />
    <Paragraph id="1138360" documentposition="53" splitpriority="none" />
    <Paragraph id="1138137" documentposition="54" splitpriority="none" />
    <Paragraph id="1132520" documentposition="55" splitpriority="none" />
    <Paragraph id="1109608" documentposition="56" splitpriority="none" />
  </Split>
</Behaviors>