<?xml version="1.0" encoding="utf-8"?>
<SplitPriorities version="1.0" xmlns="urn:WebWorks-Engine-Splits-Schema">
  <SplitPriority id="1071413" documentposition="3" splitpriority="1" outputposition="1" />
  <SplitPriority id="1173888" documentposition="10" splitpriority="2" outputposition="8" />
  <SplitPriority id="1173889" documentposition="13" splitpriority="3" outputposition="11" />
  <SplitPriority id="1173891" documentposition="15" splitpriority="3" outputposition="13" />
  <SplitPriority id="1173902" documentposition="24" splitpriority="3" outputposition="22" />
  <SplitPriority id="1174961" documentposition="44" splitpriority="3" outputposition="40" />
  <SplitPriority id="1139283" documentposition="69" splitpriority="2" outputposition="61" />
  <SplitPriority id="1172323" documentposition="73" splitpriority="2" outputposition="65" />
  <SplitPriority id="1134347" documentposition="76" splitpriority="3" outputposition="68" />
  <SplitPriority id="1139979" documentposition="81" splitpriority="4" outputposition="73" />
  <SplitPriority id="1077437" documentposition="100" splitpriority="4" outputposition="91" />
  <SplitPriority id="1087125" documentposition="104" splitpriority="4" outputposition="95" />
  <SplitPriority id="1176324" documentposition="116" splitpriority="2" outputposition="107" />
</SplitPriorities>