<?xml version="1.0" encoding="utf-8"?>
<Behaviors version="1.0" xmlns="urn:WebWorks-Behaviors-Schema">
  <Split id="1052621" documentposition="3">
    <Paragraph id="1052621" documentposition="3" splitpriority="1" dropdown="continue" popup="none" popup-page-rule="" />
    <Paragraph id="1133650" documentposition="4" splitpriority="none" dropdown="continue" popup="none" popup-page-rule="" />
    <Paragraph id="1138169" documentposition="5" splitpriority="none" dropdown="continue" popup="none" popup-page-rule="" />
    <Paragraph id="1138174" documentposition="6" splitpriority="none" dropdown="continue" popup="none" popup-page-rule="" />
    <Paragraph id="1138187" documentposition="7" splitpriority="none" popup="none" popup-page-rule="" dropdown="end" />
  </Split>
  <Split id="1136037" documentposition="8">
    <Paragraph id="1136037" documentposition="8" splitpriority="2" dropdown="continue" popup="none" popup-page-rule="" />
    <Paragraph id="1133651" documentposition="9" splitpriority="none" dropdown="continue" popup="none" popup-page-rule="" />
    <Paragraph id="1138874" documentposition="10" splitpriority="none" dropdown="continue" popup="none" popup-page-rule="" />
    <Paragraph id="1137352" documentposition="11" splitpriority="none" dropdown="continue" popup="none" popup-page-rule="" />
    <Paragraph id="1143428" documentposition="12" splitpriority="none" dropdown="continue" popup="none" popup-page-rule="" />
    <Paragraph id="1149677" documentposition="13" splitpriority="none" dropdown="continue" popup="none" popup-page-rule="" />
    <Paragraph id="1149713" documentposition="14" splitpriority="none" dropdown="continue" popup="none" popup-page-rule="" />
    <Paragraph id="1147974" documentposition="16" splitpriority="none" dropdown="continue" popup="none" popup-page-rule="" />
    <Paragraph id="1147975" documentposition="17" splitpriority="none" dropdown="continue" popup="none" popup-page-rule="" />
    <Paragraph id="1142993" documentposition="18" splitpriority="none" dropdown="continue" popup="none" popup-page-rule="" />
    <Table id="1141104" documentposition="19" splitpriority="none">
      <TableCell>
        <Paragraph id="1141106" dropdown="continue" popup="none" popup-page-rule="" />
      </TableCell>
      <TableCell>
        <Paragraph id="1141108" dropdown="continue" popup="none" popup-page-rule="" />
      </TableCell>
      <TableCell>
        <Paragraph id="1141110" dropdown="continue" popup="none" popup-page-rule="" />
      </TableCell>
      <TableCell>
        <Paragraph id="1141112" dropdown="continue" popup="none" popup-page-rule="" />
      </TableCell>
      <TableCell>
        <Paragraph id="1141114" dropdown="continue" popup="none" popup-page-rule="" />
      </TableCell>
      <TableCell>
        <Paragraph id="1141116" dropdown="continue" popup="none" popup-page-rule="" />
      </TableCell>
      <TableCell>
        <Paragraph id="1141118" dropdown="continue" popup="none" popup-page-rule="" />
      </TableCell>
      <TableCell>
        <Paragraph id="1141120" dropdown="continue" popup="none" popup-page-rule="" />
        <Paragraph id="1141121" dropdown="continue" popup="none" popup-page-rule="" />
        <Paragraph id="1150174" dropdown="continue" popup="none" popup-page-rule="" />
      </TableCell>
      <TableCell>
        <Paragraph id="1141123" dropdown="continue" popup="none" popup-page-rule="" />
      </TableCell>
      <TableCell>
        <Paragraph id="1141125" dropdown="continue" popup="none" popup-page-rule="" />
      </TableCell>
      <TableCell>
        <Paragraph id="1141128" dropdown="continue" popup="none" popup-page-rule="" />
      </TableCell>
      <TableCell>
        <Paragraph id="1141130" dropdown="continue" popup="none" popup-page-rule="" />
      </TableCell>
      <TableCell>
        <Paragraph id="1141136" dropdown="continue" popup="none" popup-page-rule="" />
      </TableCell>
      <TableCell>
        <Paragraph id="1141138" dropdown="continue" popup="none" popup-page-rule="" />
      </TableCell>
    </Table>
    <Paragraph id="1138944" documentposition="20" splitpriority="none" dropdown="continue" popup="none" popup-page-rule="" />
    <Paragraph id="1139496" documentposition="21" splitpriority="none" dropdown="continue" popup="none" popup-page-rule="" />
    <Paragraph id="1139566" documentposition="22" splitpriority="none" dropdown="continue" popup="none" popup-page-rule="" />
    <Table id="1139500" documentposition="23" splitpriority="none">
      <TableCell>
        <Paragraph id="1139502" dropdown="continue" popup="none" popup-page-rule="" />
      </TableCell>
      <TableCell>
        <Paragraph id="1139504" dropdown="continue" popup="none" popup-page-rule="" />
      </TableCell>
      <TableCell>
        <Paragraph id="1139506" dropdown="continue" popup="none" popup-page-rule="" />
      </TableCell>
      <TableCell>
        <Paragraph id="1139508" dropdown="continue" popup="none" popup-page-rule="" />
      </TableCell>
      <TableCell>
        <Paragraph id="1139510" dropdown="continue" popup="none" popup-page-rule="" />
      </TableCell>
      <TableCell>
        <Paragraph id="1139512" dropdown="continue" popup="none" popup-page-rule="" />
      </TableCell>
      <TableCell>
        <Paragraph id="1139514" dropdown="continue" popup="none" popup-page-rule="" />
      </TableCell>
      <TableCell>
        <Paragraph id="1139517" dropdown="continue" popup="none" popup-page-rule="" />
      </TableCell>
      <TableCell>
        <Paragraph id="1139520" dropdown="continue" popup="none" popup-page-rule="" />
      </TableCell>
      <TableCell>
        <Paragraph id="1139522" dropdown="continue" popup="none" popup-page-rule="" />
        <Paragraph id="1139523" dropdown="continue" popup="none" popup-page-rule="" />
        <Paragraph id="1139527" dropdown="continue" popup="none" popup-page-rule="">
          <Frame id="1139525" />
        </Paragraph>
      </TableCell>
      <TableCell>
        <Paragraph id="1139529" dropdown="continue" popup="none" popup-page-rule="" />
      </TableCell>
      <TableCell>
        <Paragraph id="1139531" dropdown="continue" popup="none" popup-page-rule="" />
      </TableCell>
      <TableCell>
        <Paragraph id="1139533" dropdown="continue" popup="none" popup-page-rule="" />
      </TableCell>
      <TableCell>
        <Paragraph id="1139535" dropdown="continue" popup="none" popup-page-rule="" />
      </TableCell>
      <TableCell>
        <Paragraph id="1139537" dropdown="continue" popup="none" popup-page-rule="" />
      </TableCell>
      <TableCell>
        <Paragraph id="1139539" dropdown="continue" popup="none" popup-page-rule="" />
      </TableCell>
      <TableCell>
        <Paragraph id="1139541" dropdown="continue" popup="none" popup-page-rule="" />
      </TableCell>
      <TableCell>
        <Paragraph id="1139543" dropdown="continue" popup="none" popup-page-rule="" />
      </TableCell>
    </Table>
    <Paragraph id="1133684" documentposition="24" splitpriority="none" dropdown="continue" popup="none" popup-page-rule="" />
    <Paragraph id="1156270" documentposition="25" splitpriority="none" popup="none" popup-page-rule="" dropdown="end" />
  </Split>
  <Split id="1133644" documentposition="26">
    <Paragraph id="1133644" documentposition="26" splitpriority="2" dropdown="continue" popup="none" popup-page-rule="" />
    <Paragraph id="1137686" documentposition="27" splitpriority="none" dropdown="continue" popup="none" popup-page-rule="" />
    <Paragraph id="1138772" documentposition="28" splitpriority="none" dropdown="continue" popup="none" popup-page-rule="" />
    <Paragraph id="1137651" documentposition="29" splitpriority="none" dropdown="continue" popup="none" popup-page-rule="" />
    <Paragraph id="1139146" documentposition="30" splitpriority="none" dropdown="continue" popup="none" popup-page-rule="" />
    <Paragraph id="1141178" documentposition="31" splitpriority="none" dropdown="continue" popup="none" popup-page-rule="" />
    <Paragraph id="1139185" documentposition="32" splitpriority="none" dropdown="continue" popup="none" popup-page-rule="" />
    <Paragraph id="1141221" documentposition="33" splitpriority="none" dropdown="continue" popup="none" popup-page-rule="" />
    <Table id="1139154" documentposition="34" splitpriority="none">
      <TableCell>
        <Paragraph id="1139156" dropdown="continue" popup="none" popup-page-rule="" />
      </TableCell>
      <TableCell>
        <Paragraph id="1139158" dropdown="continue" popup="none" popup-page-rule="" />
      </TableCell>
      <TableCell>
        <Paragraph id="1139160" dropdown="continue" popup="none" popup-page-rule="" />
      </TableCell>
      <TableCell>
        <Paragraph id="1139162" dropdown="continue" popup="none" popup-page-rule="" />
        <Paragraph id="1139218" dropdown="continue" popup="none" popup-page-rule="" />
        <Paragraph id="1139219" dropdown="continue" popup="none" popup-page-rule="" />
        <Paragraph id="1139220" dropdown="continue" popup="none" popup-page-rule="" />
        <Paragraph id="1139221" dropdown="continue" popup="none" popup-page-rule="" />
        <Paragraph id="1139222" dropdown="continue" popup="none" popup-page-rule="" />
        <Paragraph id="1139223" dropdown="continue" popup="none" popup-page-rule="" />
        <Paragraph id="1139224" dropdown="continue" popup="none" popup-page-rule="" />
        <Paragraph id="1139216" dropdown="continue" popup="none" popup-page-rule="" />
        <Paragraph id="1139234" dropdown="continue" popup="none" popup-page-rule="" />
      </TableCell>
      <TableCell>
        <Paragraph id="1139164" dropdown="continue" popup="none" popup-page-rule="" />
      </TableCell>
      <TableCell>
        <Paragraph id="1139166" dropdown="continue" popup="none" popup-page-rule="" />
        <Paragraph id="1139167" dropdown="continue" popup="none" popup-page-rule="" />
      </TableCell>
      <TableCell>
        <Paragraph id="1139170" dropdown="continue" popup="none" popup-page-rule="" />
      </TableCell>
      <TableCell>
        <Paragraph id="1139172" dropdown="continue" popup="none" popup-page-rule="" />
      </TableCell>
    </Table>
    <Paragraph id="1137835" documentposition="35" splitpriority="none" dropdown="continue" popup="none" popup-page-rule="" />
    <Paragraph id="1138788" documentposition="36" splitpriority="none" dropdown="continue" popup="none" popup-page-rule="" />
    <Paragraph id="1156357" documentposition="37" splitpriority="none" popup="none" popup-page-rule="" dropdown="end" />
  </Split>
  <Split id="1138789" documentposition="38">
    <Paragraph id="1138789" documentposition="38" splitpriority="3" dropdown="continue" popup="none" popup-page-rule="" />
    <Paragraph id="1156365" documentposition="39" splitpriority="none" dropdown="continue" popup="none" popup-page-rule="" />
    <Paragraph id="1143038" documentposition="40" splitpriority="none" dropdown="continue" popup="none" popup-page-rule="" />
    <Paragraph id="1150535" documentposition="42" splitpriority="none" dropdown="continue" popup="none" popup-page-rule="" />
    <Paragraph id="1139312" documentposition="43" splitpriority="none" dropdown="continue" popup="none" popup-page-rule="" />
    <Paragraph id="1139363" documentposition="44" splitpriority="none" dropdown="continue" popup="none" popup-page-rule="" />
    <Table id="1139316" documentposition="45" splitpriority="none">
      <TableCell>
        <Paragraph id="1139703" dropdown="continue" popup="none" popup-page-rule="" />
      </TableCell>
      <TableCell>
        <Paragraph id="1139705" dropdown="continue" popup="none" popup-page-rule="" />
      </TableCell>
      <TableCell>
        <Paragraph id="1139707" dropdown="continue" popup="none" popup-page-rule="" />
      </TableCell>
      <TableCell>
        <Paragraph id="1139709" dropdown="continue" popup="none" popup-page-rule="" />
      </TableCell>
      <TableCell>
        <Paragraph id="1139711" dropdown="continue" popup="none" popup-page-rule="" />
      </TableCell>
      <TableCell>
        <Paragraph id="1139713" dropdown="continue" popup="none" popup-page-rule="" />
      </TableCell>
      <TableCell>
        <Paragraph id="1139715" dropdown="continue" popup="none" popup-page-rule="" />
      </TableCell>
      <TableCell>
        <Paragraph id="1139718" dropdown="continue" popup="none" popup-page-rule="" />
      </TableCell>
      <TableCell>
        <Paragraph id="1139721" dropdown="continue" popup="none" popup-page-rule="" />
      </TableCell>
      <TableCell>
        <Paragraph id="1139723" dropdown="continue" popup="none" popup-page-rule="">
          <Frame id="1139725" />
        </Paragraph>
      </TableCell>
      <TableCell>
        <Paragraph id="1139728" dropdown="continue" popup="none" popup-page-rule="" />
      </TableCell>
      <TableCell>
        <Paragraph id="1139730" dropdown="continue" popup="none" popup-page-rule="" />
      </TableCell>
      <TableCell>
        <Paragraph id="1139732" dropdown="continue" popup="none" popup-page-rule="" />
      </TableCell>
      <TableCell>
        <Paragraph id="1139734" dropdown="continue" popup="none" popup-page-rule="" />
      </TableCell>
      <TableCell>
        <Paragraph id="1139736" dropdown="continue" popup="none" popup-page-rule="" />
      </TableCell>
      <TableCell>
        <Paragraph id="1139738" dropdown="continue" popup="none" popup-page-rule="" />
      </TableCell>
      <TableCell>
        <Paragraph id="1139740" dropdown="continue" popup="none" popup-page-rule="" />
      </TableCell>
      <TableCell>
        <Paragraph id="1139742" dropdown="continue" popup="none" popup-page-rule="" />
      </TableCell>
    </Table>
    <Paragraph id="1139584" documentposition="47" splitpriority="none" dropdown="continue" popup="none" popup-page-rule="" />
    <Paragraph id="1138129" documentposition="48" splitpriority="none" dropdown="continue" popup="none" popup-page-rule="" />
    <Paragraph id="1138344" documentposition="49" splitpriority="none" dropdown="continue" popup="none" popup-page-rule="" />
    <Paragraph id="1138364" documentposition="50" splitpriority="none" dropdown="continue" popup="none" popup-page-rule="" />
    <Paragraph id="1138360" documentposition="51" splitpriority="none" dropdown="continue" popup="none" popup-page-rule="" />
    <Paragraph id="1138137" documentposition="52" splitpriority="none" dropdown="continue" popup="none" popup-page-rule="" />
    <Paragraph id="1132520" documentposition="53" splitpriority="none" dropdown="continue" popup="none" popup-page-rule="" />
    <Paragraph id="1109608" documentposition="54" splitpriority="none" popup="none" popup-page-rule="" dropdown="end" />
  </Split>
</Behaviors>