<?xml version="1.0" encoding="utf-8"?>
<Behaviors version="1.0" xmlns="urn:WebWorks-Behaviors-Schema">
  <Split id="1136155" documentposition="3">
    <Paragraph id="1136155" documentposition="3" splitpriority="1" />
    <Paragraph id="1139314" documentposition="4" splitpriority="none" />
    <Paragraph id="1139752" documentposition="5" splitpriority="none" />
    <Paragraph id="1139758" documentposition="6" splitpriority="none" />
    <Paragraph id="1136332" documentposition="7" splitpriority="none" />
    <Paragraph id="1136346" documentposition="8" splitpriority="none" />
    <Paragraph id="1139481" documentposition="9" splitpriority="none" />
    <Paragraph id="1139489" documentposition="10" splitpriority="none" />
    <Paragraph id="1141750" documentposition="11" splitpriority="none" />
    <Paragraph id="1164350" documentposition="12" splitpriority="none" />
  </Split>
  <Split id="1143355" documentposition="13">
    <Paragraph id="1143355" documentposition="13" splitpriority="2" />
    <Paragraph id="1139816" documentposition="14" splitpriority="none" />
    <Paragraph id="1163685" documentposition="15" splitpriority="none" />
    <Paragraph id="1139805" documentposition="16" splitpriority="none" />
    <Paragraph id="1139806" documentposition="17" splitpriority="none" />
    <Paragraph id="1139826" documentposition="18" splitpriority="none" />
    <Table id="1155360" documentposition="19" splitpriority="none">
      <TableCell>
        <Paragraph id="1155362" />
        <Paragraph id="1155396" />
        <Paragraph id="1155401" />
      </TableCell>
    </Table>
    <Paragraph id="1139918" documentposition="20" splitpriority="none" />
    <Table id="1139922" documentposition="21" splitpriority="none">
      <TableCell>
        <Paragraph id="1139924" />
      </TableCell>
      <TableCell>
        <Paragraph id="1139926" />
      </TableCell>
      <TableCell>
        <Paragraph id="1139928" />
      </TableCell>
      <TableCell>
        <Paragraph id="1139930" />
      </TableCell>
      <TableCell>
        <Paragraph id="1139932" />
      </TableCell>
      <TableCell>
        <Paragraph id="1139934" />
      </TableCell>
      <TableCell>
        <Paragraph id="1139936" />
      </TableCell>
      <TableCell>
        <Paragraph id="1139938" />
      </TableCell>
      <TableCell>
        <Paragraph id="1139940" />
      </TableCell>
      <TableCell>
        <Paragraph id="1139942" />
      </TableCell>
    </Table>
    <Paragraph id="1147108" documentposition="22" splitpriority="none" />
    <Paragraph id="1143383" documentposition="23" splitpriority="none" />
    <Paragraph id="1147113" documentposition="24" splitpriority="none" />
    <Paragraph id="1143413" documentposition="25" splitpriority="none" />
    <Paragraph id="1143393" documentposition="26" splitpriority="none" />
    <Paragraph id="1139747" documentposition="27" splitpriority="none" />
    <Paragraph id="1178196" documentposition="28" splitpriority="none" relatedtopic="define-no-output" />
    <Paragraph id="1178200" documentposition="29" splitpriority="none" relatedtopic="define-no-output" />
    <Paragraph id="1178204" documentposition="30" splitpriority="none" relatedtopic="define-no-output" />
    <Paragraph id="1178208" documentposition="31" splitpriority="none" relatedtopic="define-no-output" />
    <Paragraph id="1178212" documentposition="32" splitpriority="none" relatedtopic="define-no-output" />
  </Split>
  <Split id="1139724" documentposition="33">
    <Paragraph id="1139724" documentposition="33" splitpriority="3" />
    <Paragraph id="1143572" documentposition="34" splitpriority="none" />
    <Paragraph id="1152327" documentposition="35" splitpriority="none" />
    <Paragraph id="1152659" documentposition="36" splitpriority="none" />
    <Paragraph id="1152486" documentposition="37" splitpriority="none" />
    <Paragraph id="1178220" documentposition="38" splitpriority="none" relatedtopic="define-no-output" />
    <Paragraph id="1178224" documentposition="39" splitpriority="none" relatedtopic="define-no-output" />
    <Paragraph id="1178228" documentposition="40" splitpriority="none" relatedtopic="define-no-output" />
    <Paragraph id="1178232" documentposition="41" splitpriority="none" relatedtopic="define-no-output" />
    <Paragraph id="1178236" documentposition="42" splitpriority="none" relatedtopic="define-no-output" />
  </Split>
  <Split id="1143573" documentposition="43">
    <Paragraph id="1143573" documentposition="43" splitpriority="4" />
    <Paragraph id="1163282" documentposition="44" splitpriority="none" />
    <Paragraph id="1139995" documentposition="45" splitpriority="none" />
    <Paragraph id="1140013" documentposition="46" splitpriority="none" />
    <Paragraph id="1140124" documentposition="47" splitpriority="none">
      <Frame id="1141757" />
    </Paragraph>
    <Paragraph id="1141694" documentposition="48" splitpriority="none" />
    <Paragraph id="1140081" documentposition="49" splitpriority="none" />
    <Paragraph id="1140082" documentposition="50" splitpriority="none" />
    <Paragraph id="1140266" documentposition="51" splitpriority="none" />
    <Paragraph id="1140083" documentposition="52" splitpriority="none" />
    <Paragraph id="1163073" documentposition="53" splitpriority="none" />
    <Paragraph id="1140338" documentposition="55" splitpriority="none" />
    <Paragraph id="1140412" documentposition="56" splitpriority="none" />
    <Paragraph id="1140452" documentposition="57" splitpriority="none" />
    <Paragraph id="1178244" documentposition="58" splitpriority="none" relatedtopic="define-no-output" />
    <Paragraph id="1178248" documentposition="59" splitpriority="none" relatedtopic="define-no-output" />
    <Paragraph id="1178252" documentposition="60" splitpriority="none" relatedtopic="define-no-output" />
    <Paragraph id="1178256" documentposition="61" splitpriority="none" relatedtopic="define-no-output" />
    <Paragraph id="1178260" documentposition="62" splitpriority="none" relatedtopic="define-no-output" />
  </Split>
  <Split id="1140454" documentposition="63">
    <Paragraph id="1140454" documentposition="63" splitpriority="4" />
    <Paragraph id="1136694" documentposition="64" splitpriority="none" />
    <Paragraph id="1178268" documentposition="65" splitpriority="none" relatedtopic="define-no-output" />
    <Paragraph id="1178272" documentposition="66" splitpriority="none" relatedtopic="define-no-output" />
    <Paragraph id="1178276" documentposition="67" splitpriority="none" relatedtopic="define-no-output" />
    <Paragraph id="1178280" documentposition="68" splitpriority="none" relatedtopic="define-no-output" />
    <Paragraph id="1178284" documentposition="69" splitpriority="none" relatedtopic="define-no-output" />
  </Split>
  <Split id="1136551" documentposition="70">
    <Paragraph id="1136551" documentposition="70" splitpriority="3" />
    <Paragraph id="1136552" documentposition="71" splitpriority="none" />
    <Paragraph id="1140529" documentposition="72" splitpriority="none" />
    <Paragraph id="1136553" documentposition="73" splitpriority="none" />
    <Paragraph id="1141050" documentposition="74" splitpriority="none" />
    <Paragraph id="1141055" documentposition="75" splitpriority="none" />
    <Paragraph id="1141059" documentposition="76" splitpriority="none" />
    <Paragraph id="1141065" documentposition="77" splitpriority="none" />
    <Paragraph id="1141066" documentposition="78" splitpriority="none" />
    <Paragraph id="1153999" documentposition="79" splitpriority="none" />
    <Paragraph id="1137130" documentposition="80" splitpriority="none" />
    <Paragraph id="1137141" documentposition="81" splitpriority="none" />
    <Paragraph id="1154052" documentposition="82" splitpriority="none" />
    <Paragraph id="1137145" documentposition="83" splitpriority="none" />
    <Paragraph id="1178319" documentposition="84" splitpriority="none" relatedtopic="define-no-output" />
    <Paragraph id="1178323" documentposition="85" splitpriority="none" relatedtopic="define-no-output" />
    <Paragraph id="1178327" documentposition="86" splitpriority="none" relatedtopic="define-no-output" />
    <Paragraph id="1178331" documentposition="87" splitpriority="none" relatedtopic="define-no-output" />
    <Paragraph id="1178335" documentposition="88" splitpriority="none" relatedtopic="define-no-output" />
  </Split>
  <Split id="1141111" documentposition="89">
    <Paragraph id="1141111" documentposition="89" splitpriority="4" />
    <Paragraph id="1143537" documentposition="90" splitpriority="none" />
    <Paragraph id="1136754" documentposition="91" splitpriority="none" />
    <Paragraph id="1141942" documentposition="92" splitpriority="none">
      <Frame id="1141777" />
    </Paragraph>
    <Paragraph id="1141940" documentposition="93" splitpriority="none" />
    <Paragraph id="1136757" documentposition="94" splitpriority="none" />
    <Paragraph id="1136890" documentposition="95" splitpriority="none" />
    <Paragraph id="1136891" documentposition="96" splitpriority="none" />
    <Paragraph id="1141151" documentposition="97" splitpriority="none" />
    <Paragraph id="1178343" documentposition="98" splitpriority="none" relatedtopic="define-no-output" />
    <Paragraph id="1178347" documentposition="99" splitpriority="none" relatedtopic="define-no-output" />
    <Paragraph id="1178351" documentposition="100" splitpriority="none" relatedtopic="define-no-output" />
    <Paragraph id="1178355" documentposition="101" splitpriority="none" relatedtopic="define-no-output" />
    <Paragraph id="1178359" documentposition="102" splitpriority="none" relatedtopic="define-no-output" />
  </Split>
  <Split id="1140660" documentposition="103">
    <Paragraph id="1140660" documentposition="103" splitpriority="4" />
    <Paragraph id="1141268" documentposition="104" splitpriority="none" />
    <Paragraph id="1141256" documentposition="105" splitpriority="none" />
    <Paragraph id="1141240" documentposition="106" splitpriority="none" />
    <Paragraph id="1141241" documentposition="107" splitpriority="none" />
    <Paragraph id="1141242" documentposition="108" splitpriority="none" />
    <Paragraph id="1141447" documentposition="109" splitpriority="none" />
    <Paragraph id="1141451" documentposition="110" splitpriority="none" />
    <Paragraph id="1178367" documentposition="112" splitpriority="none" relatedtopic="define-no-output" />
    <Paragraph id="1178371" documentposition="113" splitpriority="none" relatedtopic="define-no-output" />
    <Paragraph id="1178375" documentposition="114" splitpriority="none" relatedtopic="define-no-output" />
    <Paragraph id="1178379" documentposition="115" splitpriority="none" relatedtopic="define-no-output" />
    <Paragraph id="1178383" documentposition="116" splitpriority="none" relatedtopic="define-no-output" />
  </Split>
  <Split id="1154019" documentposition="117">
    <Paragraph id="1154019" documentposition="117" splitpriority="3" />
    <Paragraph id="1154021" documentposition="118" splitpriority="none" />
    <Paragraph id="1163343" documentposition="119" splitpriority="none" />
    <Paragraph id="1163038" documentposition="120" splitpriority="none" />
    <Paragraph id="1144611" documentposition="121" splitpriority="none" />
    <Paragraph id="1178391" documentposition="122" splitpriority="none" relatedtopic="define-no-output" />
    <Paragraph id="1178395" documentposition="123" splitpriority="none" relatedtopic="define-no-output" />
    <Paragraph id="1178399" documentposition="124" splitpriority="none" relatedtopic="define-no-output" />
    <Paragraph id="1178403" documentposition="125" splitpriority="none" relatedtopic="define-no-output" />
    <Paragraph id="1178407" documentposition="126" splitpriority="none" relatedtopic="define-no-output" />
  </Split>
  <Split id="1144121" documentposition="127">
    <Paragraph id="1144121" documentposition="127" splitpriority="4" />
    <Paragraph id="1144166" documentposition="128" splitpriority="none" />
    <Table id="1144126" documentposition="129" splitpriority="none">
      <TableCell>
        <Paragraph id="1144128" />
      </TableCell>
      <TableCell>
        <Paragraph id="1144130" />
      </TableCell>
      <TableCell>
        <Paragraph id="1144132" />
      </TableCell>
      <TableCell>
        <Paragraph id="1144134" />
        <Paragraph id="1144135" />
        <Paragraph id="1144136" />
        <Paragraph id="1144137" />
        <Paragraph id="1144138" />
        <Paragraph id="1144139" />
      </TableCell>
      <TableCell>
        <Paragraph id="1144141" />
      </TableCell>
      <TableCell>
        <Paragraph id="1163421" />
        <Paragraph id="1163568" />
        <Paragraph id="1163595" />
        <Paragraph id="1163500" />
        <Paragraph id="1163505" />
        <Paragraph id="1163510" />
        <Paragraph id="1163515" />
        <Paragraph id="1144147" />
        <Paragraph id="1163671" />
        <Paragraph id="1163665" />
      </TableCell>
      <TableCell>
        <Paragraph id="1144152" />
      </TableCell>
      <TableCell>
        <Paragraph id="1144154" />
        <Paragraph id="1144155" />
        <Paragraph id="1144156" />
        <Paragraph id="1163049" />
        <Paragraph id="1144157" />
        <Paragraph id="1144158" />
        <Paragraph id="1144159" />
      </TableCell>
    </Table>
    <Paragraph id="1178439" documentposition="130" splitpriority="none" relatedtopic="define-no-output" />
    <Paragraph id="1178443" documentposition="131" splitpriority="none" relatedtopic="define-no-output" />
    <Paragraph id="1178447" documentposition="132" splitpriority="none" relatedtopic="define-no-output" />
    <Paragraph id="1178451" documentposition="133" splitpriority="none" relatedtopic="define-no-output" />
    <Paragraph id="1178455" documentposition="134" splitpriority="none" relatedtopic="define-no-output" />
  </Split>
  <Split id="1144185" documentposition="135">
    <Paragraph id="1144185" documentposition="135" splitpriority="4" />
    <Paragraph id="1144663" documentposition="136" splitpriority="none" />
    <Paragraph id="1144665" documentposition="137" splitpriority="none" />
    <Paragraph id="1144672" documentposition="138" splitpriority="none">
      <Frame id="1144674" />
    </Paragraph>
    <Paragraph id="1141807" documentposition="139" splitpriority="none" />
    <Paragraph id="1137112" documentposition="140" splitpriority="none" />
    <Paragraph id="1136960" documentposition="141" splitpriority="none" />
    <Paragraph id="1137306" documentposition="142" splitpriority="none" />
    <Paragraph id="1137310" documentposition="143" splitpriority="none" />
    <Paragraph id="1136963" documentposition="144" splitpriority="none" />
    <Paragraph id="1141615" documentposition="145" splitpriority="none" />
    <Paragraph id="1178463" documentposition="146" splitpriority="none" relatedtopic="define-no-output" />
    <Paragraph id="1178467" documentposition="147" splitpriority="none" relatedtopic="define-no-output" />
    <Paragraph id="1178471" documentposition="148" splitpriority="none" relatedtopic="define-no-output" />
    <Paragraph id="1178475" documentposition="149" splitpriority="none" relatedtopic="define-no-output" />
    <Paragraph id="1178479" documentposition="150" splitpriority="none" relatedtopic="define-no-output" />
  </Split>
  <Split id="1140744" documentposition="151">
    <Paragraph id="1140744" documentposition="151" splitpriority="3" />
    <Paragraph id="1140756" documentposition="152" splitpriority="none" />
    <Paragraph id="1140764" documentposition="153" splitpriority="none" />
    <Paragraph id="1140783" documentposition="154" splitpriority="none" />
    <Paragraph id="1144692" documentposition="155" splitpriority="none" />
    <Paragraph id="1140765" documentposition="156" splitpriority="none" />
    <Paragraph id="1140794" documentposition="157" splitpriority="none" />
    <Paragraph id="1140813" documentposition="158" splitpriority="none" />
    <Paragraph id="1140825" documentposition="159" splitpriority="none" />
    <Paragraph id="1145121" documentposition="160" splitpriority="none" />
    <Paragraph id="1178487" documentposition="161" splitpriority="none" relatedtopic="define-no-output" />
    <Paragraph id="1178491" documentposition="162" splitpriority="none" relatedtopic="define-no-output" />
    <Paragraph id="1178495" documentposition="163" splitpriority="none" relatedtopic="define-no-output" />
    <Paragraph id="1178499" documentposition="164" splitpriority="none" relatedtopic="define-no-output" />
    <Paragraph id="1178503" documentposition="165" splitpriority="none" relatedtopic="define-no-output" />
    <Paragraph id="1178507" documentposition="166" splitpriority="none" relatedtopic="define-no-output" />
  </Split>
  <Split id="1164194" documentposition="167">
    <Paragraph id="1164194" documentposition="167" splitpriority="2" />
    <Paragraph id="1164199" documentposition="168" splitpriority="none" />
    <Paragraph id="1164353" documentposition="169" splitpriority="none" />
    <Paragraph id="1167181" documentposition="170" splitpriority="none" />
    <Paragraph id="1164388" documentposition="171" splitpriority="none" />
    <Paragraph id="1164390" documentposition="172" splitpriority="none" />
    <Paragraph id="1172417" documentposition="173" splitpriority="none" />
    <Paragraph id="1164256" documentposition="174" splitpriority="none" />
    <Paragraph id="1164257" documentposition="175" splitpriority="none" />
    <Paragraph id="1164218" documentposition="176" splitpriority="none" />
    <Paragraph id="1178515" documentposition="177" splitpriority="none" relatedtopic="define-no-output" />
    <Paragraph id="1178519" documentposition="178" splitpriority="none" relatedtopic="define-no-output" />
    <Paragraph id="1178523" documentposition="179" splitpriority="none" relatedtopic="define-no-output" />
    <Paragraph id="1178527" documentposition="180" splitpriority="none" relatedtopic="define-no-output" />
    <Paragraph id="1178531" documentposition="181" splitpriority="none" relatedtopic="define-no-output" />
    <Paragraph id="1178535" documentposition="182" splitpriority="none" relatedtopic="define-no-output" />
  </Split>
  <Split id="1164292" documentposition="183">
    <Paragraph id="1164292" documentposition="183" splitpriority="2" />
    <Paragraph id="1164269" documentposition="184" splitpriority="none" />
  </Split>
</Behaviors>