<?xml version="1.0" encoding="utf-8"?>
<Behaviors version="1.0" xmlns="urn:WebWorks-Behaviors-Schema">
  <Split id="1136155" documentposition="3">
    <Paragraph id="1136155" documentposition="3" splitpriority="1" />
    <Paragraph id="1139314" documentposition="4" splitpriority="none" />
    <Paragraph id="1139752" documentposition="5" splitpriority="none" />
    <Paragraph id="1139758" documentposition="6" splitpriority="none" />
    <Paragraph id="1136332" documentposition="7" splitpriority="none" />
    <Paragraph id="1136346" documentposition="8" splitpriority="none" />
    <Paragraph id="1139481" documentposition="9" splitpriority="none" />
    <Paragraph id="1139489" documentposition="10" splitpriority="none" />
    <Paragraph id="1141750" documentposition="11" splitpriority="none" />
  </Split>
  <Split id="1143355" documentposition="12">
    <Paragraph id="1143355" documentposition="12" splitpriority="2" />
    <Paragraph id="1139816" documentposition="13" splitpriority="none" />
    <Paragraph id="1139805" documentposition="14" splitpriority="none" />
    <Paragraph id="1139806" documentposition="15" splitpriority="none" />
    <Paragraph id="1139826" documentposition="16" splitpriority="none" />
    <Table id="1155360" documentposition="17" splitpriority="none">
      <TableCell>
        <Paragraph id="1155362" />
        <Paragraph id="1155396" />
        <Paragraph id="1155401" />
      </TableCell>
    </Table>
    <Paragraph id="1139918" documentposition="18" splitpriority="none" />
    <Table id="1139922" documentposition="19" splitpriority="none">
      <TableCell>
        <Paragraph id="1139924" />
      </TableCell>
      <TableCell>
        <Paragraph id="1139926" />
      </TableCell>
      <TableCell>
        <Paragraph id="1139928" />
      </TableCell>
      <TableCell>
        <Paragraph id="1139930" />
      </TableCell>
      <TableCell>
        <Paragraph id="1139932" />
      </TableCell>
      <TableCell>
        <Paragraph id="1139934" />
      </TableCell>
      <TableCell>
        <Paragraph id="1139936" />
      </TableCell>
      <TableCell>
        <Paragraph id="1139938" />
      </TableCell>
      <TableCell>
        <Paragraph id="1139940" />
      </TableCell>
      <TableCell>
        <Paragraph id="1139942" />
      </TableCell>
    </Table>
    <Paragraph id="1147108" documentposition="20" splitpriority="none" />
    <Paragraph id="1143383" documentposition="21" splitpriority="none" />
    <Paragraph id="1147113" documentposition="22" splitpriority="none" />
    <Paragraph id="1143413" documentposition="23" splitpriority="none" />
    <Paragraph id="1143393" documentposition="24" splitpriority="none" />
    <Paragraph id="1139747" documentposition="25" splitpriority="none" />
    <Paragraph id="1159722" documentposition="26" splitpriority="none" relatedtopic="define-no-output" />
    <Paragraph id="1159726" documentposition="27" splitpriority="none" relatedtopic="define-no-output" />
    <Paragraph id="1159730" documentposition="28" splitpriority="none" relatedtopic="define-no-output" />
    <Paragraph id="1159734" documentposition="29" splitpriority="none" relatedtopic="define-no-output" />
    <Paragraph id="1159738" documentposition="30" splitpriority="none" relatedtopic="define-no-output" />
  </Split>
  <Split id="1139724" documentposition="31">
    <Paragraph id="1139724" documentposition="31" splitpriority="3" />
    <Paragraph id="1143572" documentposition="32" splitpriority="none" />
    <Paragraph id="1152327" documentposition="33" splitpriority="none" />
    <Paragraph id="1152659" documentposition="34" splitpriority="none" />
    <Paragraph id="1152486" documentposition="35" splitpriority="none" />
    <Paragraph id="1159746" documentposition="36" splitpriority="none" relatedtopic="define-no-output" />
    <Paragraph id="1159750" documentposition="37" splitpriority="none" relatedtopic="define-no-output" />
    <Paragraph id="1159754" documentposition="38" splitpriority="none" relatedtopic="define-no-output" />
    <Paragraph id="1159758" documentposition="39" splitpriority="none" relatedtopic="define-no-output" />
    <Paragraph id="1159762" documentposition="40" splitpriority="none" relatedtopic="define-no-output" />
  </Split>
  <Split id="1143573" documentposition="41">
    <Paragraph id="1143573" documentposition="41" splitpriority="4" />
    <Paragraph id="1139995" documentposition="42" splitpriority="none" />
    <Paragraph id="1140013" documentposition="43" splitpriority="none" />
    <Paragraph id="1140124" documentposition="44" splitpriority="none">
      <Frame id="1141757" />
    </Paragraph>
    <Paragraph id="1141694" documentposition="45" splitpriority="none" />
    <Paragraph id="1140081" documentposition="46" splitpriority="none" />
    <Paragraph id="1140082" documentposition="47" splitpriority="none" />
    <Paragraph id="1140266" documentposition="48" splitpriority="none" />
    <Paragraph id="1140083" documentposition="49" splitpriority="none" />
    <Paragraph id="1136618" documentposition="50" splitpriority="none" />
    <Paragraph id="1140338" documentposition="52" splitpriority="none" />
    <Paragraph id="1140412" documentposition="53" splitpriority="none" />
    <Paragraph id="1140452" documentposition="54" splitpriority="none" />
    <Paragraph id="1159802" documentposition="55" splitpriority="none" relatedtopic="define-no-output" />
    <Paragraph id="1159806" documentposition="56" splitpriority="none" relatedtopic="define-no-output" />
    <Paragraph id="1159810" documentposition="57" splitpriority="none" relatedtopic="define-no-output" />
    <Paragraph id="1159814" documentposition="58" splitpriority="none" relatedtopic="define-no-output" />
    <Paragraph id="1159818" documentposition="59" splitpriority="none" relatedtopic="define-no-output" />
  </Split>
  <Split id="1140454" documentposition="60">
    <Paragraph id="1140454" documentposition="60" splitpriority="4" />
    <Paragraph id="1136694" documentposition="61" splitpriority="none" />
    <Paragraph id="1159826" documentposition="62" splitpriority="none" relatedtopic="define-no-output" />
    <Paragraph id="1159830" documentposition="63" splitpriority="none" relatedtopic="define-no-output" />
    <Paragraph id="1159834" documentposition="64" splitpriority="none" relatedtopic="define-no-output" />
    <Paragraph id="1159838" documentposition="65" splitpriority="none" relatedtopic="define-no-output" />
    <Paragraph id="1159842" documentposition="66" splitpriority="none" relatedtopic="define-no-output" />
  </Split>
  <Split id="1136551" documentposition="67">
    <Paragraph id="1136551" documentposition="67" splitpriority="3" />
    <Paragraph id="1136552" documentposition="68" splitpriority="none" />
    <Paragraph id="1140529" documentposition="69" splitpriority="none" />
    <Paragraph id="1136553" documentposition="70" splitpriority="none" />
    <Paragraph id="1141050" documentposition="71" splitpriority="none" />
    <Paragraph id="1141055" documentposition="72" splitpriority="none" />
    <Paragraph id="1141059" documentposition="73" splitpriority="none" />
    <Paragraph id="1141065" documentposition="74" splitpriority="none" />
    <Paragraph id="1141066" documentposition="75" splitpriority="none" />
    <Paragraph id="1153999" documentposition="76" splitpriority="none" />
    <Paragraph id="1137130" documentposition="77" splitpriority="none" />
    <Paragraph id="1137141" documentposition="78" splitpriority="none" />
    <Paragraph id="1154052" documentposition="79" splitpriority="none" />
    <Paragraph id="1137145" documentposition="80" splitpriority="none" />
    <Paragraph id="1159874" documentposition="81" splitpriority="none" relatedtopic="define-no-output" />
    <Paragraph id="1159878" documentposition="82" splitpriority="none" relatedtopic="define-no-output" />
    <Paragraph id="1159882" documentposition="83" splitpriority="none" relatedtopic="define-no-output" />
    <Paragraph id="1159886" documentposition="84" splitpriority="none" relatedtopic="define-no-output" />
    <Paragraph id="1159890" documentposition="85" splitpriority="none" relatedtopic="define-no-output" />
  </Split>
  <Split id="1141111" documentposition="86">
    <Paragraph id="1141111" documentposition="86" splitpriority="4" />
    <Paragraph id="1143537" documentposition="87" splitpriority="none" />
    <Paragraph id="1136754" documentposition="88" splitpriority="none" />
    <Paragraph id="1141942" documentposition="89" splitpriority="none">
      <Frame id="1141777" />
    </Paragraph>
    <Paragraph id="1141940" documentposition="90" splitpriority="none" />
    <Paragraph id="1136757" documentposition="91" splitpriority="none" />
    <Paragraph id="1136890" documentposition="92" splitpriority="none" />
    <Paragraph id="1136891" documentposition="93" splitpriority="none" />
    <Paragraph id="1141151" documentposition="94" splitpriority="none" />
    <Paragraph id="1159898" documentposition="95" splitpriority="none" relatedtopic="define-no-output" />
    <Paragraph id="1159902" documentposition="96" splitpriority="none" relatedtopic="define-no-output" />
    <Paragraph id="1159906" documentposition="97" splitpriority="none" relatedtopic="define-no-output" />
    <Paragraph id="1159910" documentposition="98" splitpriority="none" relatedtopic="define-no-output" />
    <Paragraph id="1159914" documentposition="99" splitpriority="none" relatedtopic="define-no-output" />
  </Split>
  <Split id="1140660" documentposition="100">
    <Paragraph id="1140660" documentposition="100" splitpriority="4" />
    <Paragraph id="1141268" documentposition="101" splitpriority="none" />
    <Paragraph id="1141256" documentposition="102" splitpriority="none" />
    <Paragraph id="1141240" documentposition="103" splitpriority="none" />
    <Paragraph id="1141241" documentposition="104" splitpriority="none" />
    <Paragraph id="1141242" documentposition="105" splitpriority="none" />
    <Paragraph id="1141447" documentposition="106" splitpriority="none" />
    <Paragraph id="1141451" documentposition="107" splitpriority="none" />
    <Paragraph id="1159939" documentposition="109" splitpriority="none" relatedtopic="define-no-output" />
    <Paragraph id="1159943" documentposition="110" splitpriority="none" relatedtopic="define-no-output" />
    <Paragraph id="1159947" documentposition="111" splitpriority="none" relatedtopic="define-no-output" />
    <Paragraph id="1159951" documentposition="112" splitpriority="none" relatedtopic="define-no-output" />
    <Paragraph id="1159955" documentposition="113" splitpriority="none" relatedtopic="define-no-output" />
  </Split>
  <Split id="1154019" documentposition="114">
    <Paragraph id="1154019" documentposition="114" splitpriority="3" />
    <Paragraph id="1154021" documentposition="115" splitpriority="none" />
    <Paragraph id="1144611" documentposition="116" splitpriority="none" />
    <Paragraph id="1159963" documentposition="117" splitpriority="none" relatedtopic="define-no-output" />
    <Paragraph id="1159967" documentposition="118" splitpriority="none" relatedtopic="define-no-output" />
    <Paragraph id="1159971" documentposition="119" splitpriority="none" relatedtopic="define-no-output" />
    <Paragraph id="1159975" documentposition="120" splitpriority="none" relatedtopic="define-no-output" />
    <Paragraph id="1159979" documentposition="121" splitpriority="none" relatedtopic="define-no-output" />
  </Split>
  <Split id="1144121" documentposition="122">
    <Paragraph id="1144121" documentposition="122" splitpriority="4" />
    <Paragraph id="1144166" documentposition="123" splitpriority="none" />
    <Table id="1144126" documentposition="124" splitpriority="none">
      <TableCell>
        <Paragraph id="1144128" />
      </TableCell>
      <TableCell>
        <Paragraph id="1144130" />
      </TableCell>
      <TableCell>
        <Paragraph id="1144132" />
      </TableCell>
      <TableCell>
        <Paragraph id="1144134" />
        <Paragraph id="1144135" />
        <Paragraph id="1144136" />
        <Paragraph id="1144137" />
        <Paragraph id="1144138" />
        <Paragraph id="1144139" />
      </TableCell>
      <TableCell>
        <Paragraph id="1144141" />
      </TableCell>
      <TableCell>
        <Paragraph id="1144143" />
        <Paragraph id="1144144" />
        <Paragraph id="1144145" />
        <Paragraph id="1144146" />
        <Paragraph id="1144147" />
      </TableCell>
      <TableCell>
        <Paragraph id="1144152" />
      </TableCell>
      <TableCell>
        <Paragraph id="1144154" />
        <Paragraph id="1144155" />
        <Paragraph id="1144156" />
        <Paragraph id="1144157" />
        <Paragraph id="1144158" />
        <Paragraph id="1144159" />
      </TableCell>
    </Table>
    <Paragraph id="1160008" documentposition="125" splitpriority="none" relatedtopic="define-no-output" />
    <Paragraph id="1160012" documentposition="126" splitpriority="none" relatedtopic="define-no-output" />
    <Paragraph id="1160016" documentposition="127" splitpriority="none" relatedtopic="define-no-output" />
    <Paragraph id="1160020" documentposition="128" splitpriority="none" relatedtopic="define-no-output" />
    <Paragraph id="1160024" documentposition="129" splitpriority="none" relatedtopic="define-no-output" />
  </Split>
  <Split id="1144185" documentposition="130">
    <Paragraph id="1144185" documentposition="130" splitpriority="4" />
    <Paragraph id="1144663" documentposition="131" splitpriority="none" />
    <Paragraph id="1144665" documentposition="132" splitpriority="none" />
    <Paragraph id="1144672" documentposition="133" splitpriority="none">
      <Frame id="1144674" />
    </Paragraph>
    <Paragraph id="1141807" documentposition="134" splitpriority="none" />
    <Paragraph id="1137112" documentposition="135" splitpriority="none" />
    <Paragraph id="1136960" documentposition="136" splitpriority="none" />
    <Paragraph id="1137306" documentposition="137" splitpriority="none" />
    <Paragraph id="1137310" documentposition="138" splitpriority="none" />
    <Paragraph id="1136963" documentposition="139" splitpriority="none" />
    <Paragraph id="1141615" documentposition="140" splitpriority="none" />
    <Paragraph id="1160032" documentposition="141" splitpriority="none" relatedtopic="define-no-output" />
    <Paragraph id="1160036" documentposition="142" splitpriority="none" relatedtopic="define-no-output" />
    <Paragraph id="1160040" documentposition="143" splitpriority="none" relatedtopic="define-no-output" />
    <Paragraph id="1160044" documentposition="144" splitpriority="none" relatedtopic="define-no-output" />
    <Paragraph id="1160048" documentposition="145" splitpriority="none" relatedtopic="define-no-output" />
  </Split>
  <Split id="1140744" documentposition="146">
    <Paragraph id="1140744" documentposition="146" splitpriority="3" />
    <Paragraph id="1140756" documentposition="147" splitpriority="none" />
    <Paragraph id="1140764" documentposition="148" splitpriority="none" />
    <Paragraph id="1140783" documentposition="149" splitpriority="none" />
    <Paragraph id="1144692" documentposition="150" splitpriority="none" />
    <Paragraph id="1140765" documentposition="151" splitpriority="none" />
    <Paragraph id="1140794" documentposition="152" splitpriority="none" />
    <Paragraph id="1140813" documentposition="153" splitpriority="none" />
    <Paragraph id="1140825" documentposition="154" splitpriority="none" />
    <Paragraph id="1145121" documentposition="155" splitpriority="none" />
    <Paragraph id="1160056" documentposition="156" splitpriority="none" relatedtopic="define-no-output" />
    <Paragraph id="1160060" documentposition="157" splitpriority="none" relatedtopic="define-no-output" />
    <Paragraph id="1160064" documentposition="158" splitpriority="none" relatedtopic="define-no-output" />
    <Paragraph id="1160068" documentposition="159" splitpriority="none" relatedtopic="define-no-output" />
    <Paragraph id="1160072" documentposition="160" splitpriority="none" relatedtopic="define-no-output" />
  </Split>
  <Split id="1109608" documentposition="161">
    <Paragraph id="1109608" documentposition="161" splitpriority="2" />
    <Paragraph id="1141734" documentposition="162" splitpriority="none" />
  </Split>
</Behaviors>